Workbook

Sheet Template Loading Instruction
C1: CCC PIGS BULK FEED LOADING AND RECEIVING FORM | G1: CCC PIGS BULK FEED LOADING AND RECEIVING FORM | K1: CCC PIGS BULK FEED LOADING AND RECEIVING FORM | O1: CCC PIGS BULK FEED LOADING AND RECEIVING FORM | S1: CCC PIGS BULK FEED LOADING AND RECEIVING FORM | W1: CCC PIGS BULK FEED LOADING AND RECEIVING FORM | AA1: CCC PIGS BULK FEED LOADING AND RECEIVING FORM
C2: Farm/Site Name: | E2: Driver name: | G2: Farm/Site Name: | I2: Driver name: | K2: Farm/Site Name: | M2: Driver name: | O2: Farm/Site Name: | Q2: Driver name: | S2: Farm/Site Name: | U2: Driver name: | W2: Farm/Site Name: | Y2: Driver name: | AA2: Farm/Site Name: | AC2: Driver name:
C3: Week No: | E3: Truck reg: | G3: Week No: | I3: Truck reg: | K3: Week No: | M3: Truck reg: | O3: Week No: | Q3: Truck reg: | S3: Week No: | U3: Truck reg: | W3: Week No: | Y3: Truck reg: | AA3: Week No: | AC3: Truck reg:
C4: Date: | E4: Trailer reg: | G4: Date: | I4: Trailer reg: | K4: Date: | M4: Trailer reg: | O4: Date: | Q4: Trailer reg: | S4: Date: | U4: Trailer reg: | W4: Date: | Y4: Trailer reg: | AA4: Date: | AC4: Trailer reg:
C5: Weighbridge Ticket No: | E5: System Shipment No: | G5: Weighbridge Ticket No: | I5: System Shipment No: | K5: Weighbridge Ticket No: | M5: System Shipment No: | O5: Weighbridge Ticket No: | Q5: System Shipment No: | S5: Weighbridge Ticket No: | U5: System Shipment No: | W5: Weighbridge Ticket No: | Y5: System Shipment No: | AA5: Weighbridge Ticket No: | AC5: System Shipment No:
C6: Load start time: | E6: Load end time: | G6: Load start time: | I6: Load end time: | K6: Load start time: | M6: Load end time: | O6: Load start time: | Q6: Load end time: | S6: Load start time: | U6: Load end time: | W6: Load start time: | Y6: Load end time: | AA6: Load start time: | AC6: Load end time:
C7: Offload start time: | E7: Offload end time: | G7: Offload start time: | I7: Offload end time: | K7: Offload start time: | M7: Offload end time: | O7: Offload start time: | Q7: Offload end time: | S7: Offload start time: | U7: Offload end time: | W7: Offload start time: | Y7: Offload end time: | AA7: Offload start time: | AC7: Offload end time:
A9: House # | C9: Monday | G9: Tuesday | K9: Wednesday | O9: Thursday | S9: Friday | W9: Saturday | AA9: Sunday | AE9: Totals
C10: Diet | D10: Kgs Ordered | E10: kgs Loaded | F10: Compartment No. | G10: Diet | H10: Kgs Ordered | I10: kgs Loaded | J10: Compartment No. | K10: Diet | L10: Kgs Ordered | M10: kgs Loaded | N10: Compartment No. | O10: Diet | P10: Kgs Ordered | Q10: kgs Loaded | R10: Compartment No. | S10: Diet | T10: Kgs Ordered | U10: kgs Loaded | V10: Compartment No. | W10: Diet | X10: Kgs Ordered | Y10: kgs Loaded | Z10: Compartment No. | AA10: Diet | AB10: Kgs Ordered | AC10: kgs Loaded | AD10: Compartment No. | AE10: Kgs Ordered | AF10: Kg delivered
A11: W6 | C11: ='Template Feed Order'!D72 -> Creep 2 | AE11: =SUM(D11,H11,L11,P11,T11,X11,AB11) -> 0 | AF11: =SUM(E11,I11,M11,Q11,U11,Y11,AC11) -> 0
A12: W5 | AE12: =SUM(D12,H12,L12,P12,T12,X12,AB12) -> 0 | AF12: =SUM(E12,I12,M12,Q12,U12,Y12,AC12) -> 0
A13: W4 | AE13: =SUM(D13,H13,L13,P13,T13,X13,AB13) -> 0 | AF13: =SUM(E13,I13,M13,Q13,U13,Y13,AC13) -> 0
A14: W2 | AE14: =SUM(D14,H14,L14,P14,T14,X14,AB14) -> 0 | AF14: =SUM(E14,I14,M14,Q14,U14,Y14,AC14) -> 0
A15: W1 | AE15: =SUM(D15,H15,L15,P15,T15,X15,AB15) -> 0 | AF15: =SUM(E15,I15,M15,Q15,U15,Y15,AC15) -> 0
A16: DST4 | AE16: =SUM(D16,H16,L16,P16,T16,X16,AB16) -> 0 | AF16: =SUM(E16,I16,M16,Q16,U16,Y16,AC16) -> 0
A17: DST 3 | AE17: =SUM(D17,H17,L17,P17,T17,X17,AB17) -> 0 | AF17: =SUM(E17,I17,M17,Q17,U17,Y17,AC17) -> 0
A18: DST 2 | AE18: =SUM(D18,H18,L18,P18,T18,X18,AB18) -> 0 | AF18: =SUM(E18,I18,M18,Q18,U18,Y18,AC18) -> 0
A19: DST1 | AE19: =SUM(D19,H19,L19,P19,T19,X19,AB19) -> 0 | AF19: =SUM(E19,I19,M19,Q19,U19,Y19,AC19) -> 0
A20: GR4 | AE20: =SUM(D20,H20,L20,P20,T20,X20,AB20) -> 0 | AF20: =SUM(E20,I20,M20,Q20,U20,Y20,AC20) -> 0
A21: GR3 | AE21: =SUM(D21,H21,L21,P21,T21,X21,AB21) -> 0 | AF21: =SUM(E21,I21,M21,Q21,U21,Y21,AC21) -> 0
A22: GR2 | AE22: =SUM(D22,H22,L22,P22,T22,X22,AB22) -> 0 | AF22: =SUM(E22,I22,M22,Q22,U22,Y22,AC22) -> 0
A23: Gr1 | AE23: =SUM(D23,H23,L23,P23,T23,X23,AB23) -> 0 | AF23: =SUM(E23,I23,M23,Q23,U23,Y23,AC23) -> 0
... A40: DS3 | AE40: =SUM(D40,H40,L40,P40,T40,X40,AB40) -> 0 | AF40: =SUM(E40,I40,M40,Q40,U40,Y40,AC40) -> 0
A41: Total | D41: =SUM(D11:D40) -> 0 | H41: =SUM(H11:H40) -> 0 | L41: =SUM(L11:L40) -> 0 | P41: =SUM(P11:P40) -> 0 | T41: =SUM(T11:T40) -> 0 | X41: =SUM(X11:X40) -> 0 | AB41: =SUM(AB11:AB40) -> 0 | AE41: =SUM(AE11:AE40) -> 0 | AF41: =SUM(AF11:AF40) -> 0
C43: Loaded by | E43: Received by | G43: Loaded by | I43: Received by | K43: Loaded by | M43: Received by | O43: Loaded by | Q43: Received by | S43: Loaded by | U43: Received by | W43: Loaded by | Y43: Received by | AA43: Loaded by | AC43: Received by
C44: Checked by | E44: Checked by | G44: Checked by | I44: Checked by | K44: Checked by | M44: Checked by | O44: Checked by | Q44: Checked by | S44: Checked by | U44: Checked by | W44: Checked by | Y44: Checked by | AA44: Checked by | AC44: Checked by
C45: Authorized by | E45: Authorized by | G45: Authorized by | I45: Authorized by | K45: Authorized by | M45: Authorized by | O45: Authorized by | Q45: Authorized by | S45: Authorized by | U45: Authorized by | W45: Authorized by | Y45: Authorized by | AA45: Authorized by | AC45: Authorized by

Sheet Template Feed Order
A4: WEANER BULK FEED ORDER REQUIRED | K4: MAINSITE BULK FEED ORDER REQUIRED
A5: DIET | B5: Mon | C5: Tue | D5: Wed | E5: Thu | F5: Fri | G5: Sat | H5: Sun | K5: DIET | L5: Mon | M5: Tue | N5: Wed | O5: Thu | P5: Fri | Q5: Sat | R5: Sun
A6: Creep 1 | B6: =SUM(T72:T77) -> 0 | C6: =SUM(Y72:Y77) -> 0 | D6: =SUM(AD72:AD77) -> 0 | E6: =SUM(AI72:AI77) -> 0 | F6: =SUM(AN72:AN77) -> 0 | G6: =SUM(AX72:AX77) -> 0 | H6: 0 | K6: Dry Sow | L6: =SUM(T28:T40) -> 0 | M6: =SUM(Y28:Y40) -> 0 | N6: =SUM(AD28:AD40) -> 0 | O6: =SUM(AI28:AI40) -> 0 | P6: =SUM(AN28:AN40) -> 0 | Q6: =SUM(AS28:AS40) -> 0 | R6: =SUM(AX28:AX40) -> 0
A7: Creep 2 | B7: =SUM(U72:U77) -> 0 | C7: =SUM(Z72:Z77) -> 0 | D7: =SUM(AE72:AE77) -> 0 | E7: =SUM(AJ72:AJ77) -> 0 | F7: =SUM(AO72:AO77) -> 0 | G7: 0 | H7: =AY72+AY73+AY74+AY75+AY76+AY77 -> 0 | K7: Supa flush | L7: =V34 -> 0 | M7: =AA34 -> 0 | N7: =AF34 -> 0 | O7: =AK34 -> 0 | P7: =AP34 -> 0 | Q7: =AU34 -> 0 | R7: =AZ34 -> 0
A8: CREEP 3 | B8: =SUM(V72:V77) -> 0 | C8: =SUM(AA72:AA77) -> 0 | D8: =SUM(AF72:AF77) -> 0 | E8: =SUM(AK72:AK77) -> 0 | F8: =SUM(AP72:AP77) -> 0 | G8: =SUM(AU72:AU77) -> 0 | H8: =AZ72+AZ73+AZ74+AZ75+AZ76+AZ77 -> 0 | K8: Dry gilt | L8: =SUM(U28:U40) -> 0 | M8: =SUM(Z28:Z40) -> 0 | N8: =SUM(AE28:AE40) -> 0 | O8: =SUM(AJ28:AJ40) -> 0 | P8: =SUM(AO28:AO40) -> 0 | Q8: =SUM(AT28:AT40) -> 0 | R8: =SUM(AY28:AY40) -> 0
A9: WEAN 1 | B9: =SUM(W72:W77) -> 0 | C9: =SUM(AB72:AB77) -> 0 | D9: =SUM(AG72:AG77) -> 0 | E9: =SUM(AL72:AL77) -> 0 | F9: =SUM(AQ72:AQ77) -> 0 | G9: =SUM(AV72:AV77) -> 0 | H9: =SUM(BA72:BA77) -> 0 | K9: Lact Sow | L9: =SUM(T49:T63) -> 0 | M9: =SUM(Y49:Y63) -> 0 | N9: =SUM(AD49:AD63) -> 0 | O9: =SUM(AI49:AI63) -> 0 | P9: =SUM(AN49:AN63) -> 0 | Q9: =SUM(AS49:AS63) -> 0 | R9: =SUM(AX49:AX63) -> 0
A10: TOTAL | B10: =SUM(B6:B9) -> 0 | C10: =SUM(C6:C9) -> 0 | D10: =SUM(D6:D9) -> 0 | E10: =SUM(E6:E9) -> 0 | F10: =SUM(F6:F9) -> 0 | G10: =SUM(G6:G9) -> 0 | H10: =SUM(H6:H9) -> 0 | K10: Transition | L10: =SUM(V49:V63) -> 0 | M10: =SUM(AA49:AA63) -> 0 | N10: =SUM(AF49:AF63) -> 0 | O10: =SUM(AK49:AK63) -> 0 | P10: =SUM(AP49:AP63) -> 0 | Q10: =SUM(AU49:AU63) -> 0 | R10: =SUM(AZ49:AZ63) -> 0
K11: Lact gilt | L11: =SUM(U49:U63) -> 0 | M11: =SUM(Z49:Z63) -> 0 | N11: =SUM(AE49:AE63) -> 0 | O11: =SUM(AJ49:AJ63) -> 0 | P11: =SUM(AO49:AO63) -> 0 | Q11: =SUM(AT49:AT63) -> 0 | R11: =SUM(AY49:AY63) -> 0
A12: GROWER BULK FEED ORDER REQUIRED
A13: DIET | B13: Mon | C13: Tue | D13: Wed | E13: Thu | F13: Fri | G13: Sat | H13: Sun
A14: W1 | B14: =SUM(T81:T123) -> 0 | C14: =SUM(Y81:Y123) -> 0 | D14: =SUM(AD81:AD123) -> 0 | E14: =SUM(AI81:AI123) -> 0 | F14: =SUM(AN81:AN123) -> 0 | G14: =SUM(AS81:AS86) -> 0 | H14: =SUM(AX81:AX123) -> 0
A15: GR 1 | B15: =SUM(U81:U123) -> 0 | C15: =SUM(Z81:Z123) -> 0 | D15: =SUM(AE81:AE123) -> 0 | E15: =SUM(AJ81:AJ123) -> 0 | F15: =SUM(AO81:AO123) -> 0 | G15: =SUM(AT81:AT123) -> 0 | H15: =SUM(AY81:AY123) -> 0 | K15: TOTAL | L15: =SUM(L6:L11) -> 0 | M15: =SUM(M6:M14) -> 0 | N15: =SUM(N6:N14) -> 0 | O15: =SUM(O6:O14) -> 0 | P15: =SUM(P6:P14) -> 0 | Q15: =SUM(Q6:Q14) -> 0 | R15: =SUM(R6:R14) -> 0
A16: GR 2 | B16: =SUM(V81:V123) -> 0 | C16: =SUM(AA81:AA123) -> 0 | D16: =SUM(AF81:AF123) -> 0 | E16: =SUM(AK81:AK123) -> 0 | F16: =SUM(AP81:AP123) -> 0 | G16: =SUM(AU93:AU98) -> 0 | H16: =SUM(AZ81:AZ123) -> 0
A17: GR 3 | B17: =SUM(W81:W123) -> 0 | C17: =SUM(AB81:AB123) -> 0 | D17: =SUM(AG81:AG123) -> 0 | E17: =SUM(AL81:AL123) -> 0 | F17: =SUM(AQ81:AQ123) -> 0 | G17: =SUM(AV99:AV108) -> 0 | H17: =SUM(BA81:BA123) -> 0
A18: Fin | B18: =SUM(X81:X123) -> 0 | C18: =SUM(AC81:AC123) -> 0 | D18: =SUM(AH81:AH123) -> 0 | E18: =SUM(AM81:AM123) -> 0 | F18: =SUM(AR81:AR123) -> 0 | G18: =SUM(AW105:AW123) -> 0 | H18: =SUM(BB81:BB123) -> 0
A19: TOTAL | B19: =SUM(B14:B18) -> 0 | C19: =SUM(C14:C18) -> 0 | D19: =SUM(D14:D18) -> 0 | E19: =SUM(E14:E18) -> 0 | F19: =SUM(F14:F18) -> 0 | G19: =SUM(G14:G18) -> 0 | H19: =SUM(H14:H18) -> 0
I20: TOTAL BULK ORDER
A21: Comb total | B21: =B10+B19+L15 -> 0 | C21: =C10+C19+M15 -> 0 | D21: =D10+D19+N15 -> 0 | E21: =E10+E19+O15 -> 0 | F21: =F10+F19+P15 -> 0 | G21: =G10+G19+Q15 -> 0 | H21: =H10+H19+R15 -> 0 | I21: =SUM(B21:H21) -> 0
A26: MAINSITE BULK FEED ORDER
A27: Batch # | B27: House # | C27: AGE | D27: DIET | E27: INTAKE | F27: Actual intake | G27: NOP | H27: Batch intake | I27: BFT max | J27: BFT level | K27: Monday | L27: Tuesday | M27: Wednesday | N27: Thursday | O27: Friday | P27: Saturday | Q27: Sunday | R27: Monday | S27: Tuesday | T27: Mon-Dry Sow | U27: Mon-Dry Gilt | V27: Mon-Supaflash | W27: Mon | X27: Mon | Y27: Tues-Dry Sow | Z27: Tues-Dry Gilt | AA27: Tues-Supaflsh | AB27: Tues | AC27: Tues | AD27: Wed-Dry Sow | AE27: Wed-Dry Gilt | AF27: Wed-Supaflash | AG27: Wed | AH27: Wed | AI27: Thur-Dry Sow | AJ27: Thur-Dry Gilt | AK27: Thur-Supaflash | AL27: Thur | AM27: Thur | AN27: Fri-Dry Sow | AO27: Fri-Dry Gilt | AP27: Fri-Supaflash | AQ27: Fri | AR27: Fri | AS27: Sat-Dry Sow | AT27: Sat-Dry Gilt | AU27: Sat-Supaflash | AV27: Sat | AW27: Sat | AX27: Sun-Dry Sow | AY27: Sun-Dry Gilt | AZ27: Sun-Supaflash | BA27: Sun | BB27: Sun | BC27: total delivered | BD27: bft closing | BE27: actual consumed
B28: DS1 | C28: 5wks, 10wks, 9wks, 8wks | D28: Dry Sow | E28: 2.5 | F28: =(BE28/G28)/4 -> #DIV/0! | H28: =G28*E28 -> 0 | K28: =J28-$H28 -> 0 | L28: =K28-$H28 -> 0 | M28: =L28-$H28 -> 0 | N28: =M28-$H28 -> 0 | O28: =N28-$H28 -> 0 | P28: =O28-$H28 -> 0 | Q28: =P28-$H28 -> 0 | R28: =Q28-$H28 -> 0 | S28: =R28-$H28 -> 0
B29: DS2 | C29: 1wk, 2wk, 3wk, 14wk | D29: Dry Sow | E29: 3 | F29: =(BE29/G29)/7 -> #DIV/0! | H29: =G29*E29 -> 0 | K29: =J29-$H29 -> 0 | L29: =K29-$H29 -> 0 | M29: =L29-$H29 -> 0 | N29: =M29-$H29 -> 0 | O29: =N29-$H29 -> 0 | P29: =O29-$H29 -> 0 | Q29: =P29-$H29 -> 0 | R29: =Q29-$H29 -> 0 | S29: =R29-$H29 -> 0
B30: DS4 | C30: 11wk, 12wk, 13wks, 6wks | D30: Dry Sow | E30: 2.8 | F30: =(BE30/G30)/7 -> #DIV/0! | H30: =G30*E30 -> 0 | K30: =J30-$H30 -> 0 | L30: =K30-$H30 -> 0 | M30: =L30-$H30 -> 0 | N30: =M30-$H30 -> 0 | O30: =N30-$H30 -> 0 | P30: =O30-$H30 -> 0 | Q30: =P30-$H30 -> 0 | R30: =Q30-$H30 -> 0 | S30: =R30-$H30 -> 0
D31: Dry Sow | E31: 2.5 | F31: =(BE31/G31)/7 -> #DIV/0! | H31: =G31*E31 -> 0 | K31: =J31-$H31 -> 0 | L31: =(K31-$H31)+AS31 -> 0 | M31: =(L31-$H31)+AX31 -> 0 | N31: =(M31-$H31)+T31 -> 0 | O31: =(N31-$H31)+Y31 -> 0 | P31: =(O31-$H31)+AD31 -> 0 | Q31: =(P31-$H31)+AE31 -> 0 | R31: =(Q31-$H31)+AF31 -> 0 | S31: =(R31-$H31)+AG31 -> 0
D32: Dry Sow | E32: 3 | F32: =(BE32/G32)/7 -> #DIV/0! | H32: =G32*E32 -> 0 | K32: =J32-$H32 -> 0 | L32: =(K32-$H32)+AS32 -> 0 | M32: =(L32-$H32)+AX32 -> 0 | N32: =(M32-$H32)+T32 -> 0 | O32: =(N32-$H32)+Y32 -> 0 | P32: =(O32-$H32)+AD32 -> 0 | Q32: =(P32-$H32)+AI32 -> 0 | R32: =(Q32-$H32) -> 0 | S32: =(R32-$H32) -> 0
D33: Dry Sow | E33: 3 | F33: =(BE33/G33)/7 -> #DIV/0! | H33: =G33*E33 -> 0 | K33: =J33-$H33 -> 0 | L33: =(K33-$H33)+AS33 -> 0 | M33: =(L33-$H33)+AX33 -> 0 | N33: =(M33-$H33)+T33 -> 0 | O33: =(N33-$H33)+Y33 -> 0 | P33: =(O33-$H33)+AD33 -> 0 | Q33: =(P33-$H33)+AI33 -> 0 | R33: =(Q33-$H33) -> 0 | S33: =(R33-$H33) -> 0
B34: SL | D34: Supa Flush | E34: 6 | F34: =(BE34/G34)/7 -> #DIV/0! | H34: =G34*E34 -> 0 | K34: =J34-$H34 -> 0 | L34: =K34-$H34 -> 0 | M34: =L34-$H34 -> 0 | N34: =M34-$H34 -> 0 | O34: =N34-$H34 -> 0 | P34: =O34-$H34 -> 0 | Q34: =P34-$H34 -> 0 | R34: =Q34-$H34 -> 0 | S34: =R34-$H34 -> 0
B35: DS3 | C35: all preg gilts | D35: Dry Gilt | E35: 2.5 | F35: =(BE35/G35)/7 -> #DIV/0! | H35: =G35*E35 -> 0 | K35: =J35-$H35 -> 0 | L35: =K35-$H35 -> 0 | M35: =L35-$H35 -> 0 | N35: =M35-$H35 -> 0 | O35: =N35-$H35 -> 0 | P35: =O35-$H35 -> 0 | Q35: =P35-$H35 -> 0 | R35: =Q35-$H35 -> 0 | S35: =R35-$H35 -> 0
D36: Dry Gilt | E36: 2.5 | F36: =(BE36/G36)/7 -> #DIV/0! | H36: =G36*E36 -> 0 | K36: =(J36-$H36)+AO36 -> 0 | L36: =(K36-$H36)+AT36 -> 0 | M36: =(L36-$H36)+AY36 -> 0 | N36: =(M36-$H36)+U36 -> 0 | O36: =(N36-$H36)+Z36 -> 0 | P36: =(O36-$H36)+AE36 -> 0 | Q36: =(P36-$H36)+AJ36 -> 0 | R36: =Q36-$H36 -> 0 | S36: =R36-$H36 -> 0
D37: Dry Gilt | E37: 2.5 | F37: =(BE37/G37)/7 -> #DIV/0! | H37: =G37*E37 -> 0 | K37: =(J37-$H37)+AO37 -> 0 | L37: =(K37-$H37)+AT37 -> 0 | M37: =(L37-$H37)+AY37 -> 0 | N37: =(M37-$H37)+U37 -> 0 | O37: =(N37-$H37)+Z37 -> 0 | P37: =(O37-$H37)+AE37 -> 0 | Q37: =(P37-$H37)+AJ37 -> 0 | R37: =Q37-$H37 -> 0 | S37: =R37-$H37 -> 0
D38: Dry Gilt | E38: 2.5 | F38: =(BE38/G38)/7 -> #DIV/0! | H38: =G38*E38 -> 0 | K38: =(J38-$H38)+AO38 -> 0 | L38: =(K38-$H38)+AT38 -> 0 | M38: =(L38-$H38)+AY38 -> 0 | N38: =(M38-$H38)+U38 -> 0 | O38: =(N38-$H38)+Z38 -> 0 | P38: =(O38-$H38)+AE38 -> 0 | Q38: =(P38-$H38)+AJ38 -> 0 | R38: =Q38-$H38 -> 0 | S38: =R38-$H38 -> 0
D39: Dry Gilt | E39: 3 | F39: =(BE39/G39)/7 -> #DIV/0! | H39: =G39*E39 -> 0 | K39: =(J39-$H39)+AO39 -> 0 | L39: =(K39-$H39)+AT39 -> 0 | M39: =(L39-$H39)+AY39 -> 0 | N39: =(M39-$H39)+U39 -> 0 | O39: =(N39-$H39)+Z39 -> 0 | P39: =(O39-$H39)+AE39 -> 0 | Q39: =(P39-$H39)+AJ39 -> 0 | R39: =Q39-$H39 -> 0 | S39: =R39-$H39 -> 0
D40: Dry Gilt | E40: 3 | F40: =(BE40/G40)/7 -> #DIV/0! | H40: =G40*E40 -> 0 | K40: =(J40-$H40)+AO40 -> 0 | L40: =(K40-$H40)+AT40 -> 0 | M40: =(L40-$H40)+AY40 -> 0 | N40: =(M40-$H40)+U40 -> 0 | O40: =(N40-$H40)+Z40 -> 0 | P40: =(O40-$H40)+AE40 -> 0 | Q40: =(P40-$H40)+AJ40 -> 0 | R40: =Q40-$H40 -> 0 | S40: =R40-$H40 -> 0
A47: MAINSITE BULK FEED ORDER
A48: Batch # | B48: House # | C48: AGE | D48: DIET | E48: INTAKE | F48: Actual intake | G48: NOP | H48: Batch intake | I48: BFT max | J48: BFT level | K48: Monday | L48: Tuesday | M48: Wednesday | N48: Thursday | O48: Friday | P48: Saturday | Q48: Sunday | R48: Monday | S48: Tuesday | T48: Mon-L Sow | U48: Mon- L Gilt | V48: Mon-Trans | W48: Mon | X48: Mon | Y48: Tue-L Sow | Z48: Tue- L Gilt | AA48: Tue-Trans | AB48: Tues | AC48: Tues | AD48: Wed-L Sow | AE48: Wed- L Gilt | AF48: Wed-Trans | AG48: Wed | AH48: Wed | AI48: Thur-L Sow | AJ48: Thur- L Gilt | AK48: Thur-Trans | AL48: Thur | AM48: Thur | AN48: Fri-L Sow | AO48: Fri- L Gilt | AP48: Fri-Trans | AQ48: Fri | AR48: Fri | AS48: Sat-L Sow | AT48: Sat- L Gilt | AU48: Sat-Trans | AV48: Sat | AW48: Sat | AX48: Sun-L Sow | AY48: Sun- L Gilt | AZ48: Sun-Trans | BA48: Sun | BB48: Sun | BC48: total delivered | BD48: bft closing | BE48: actual consumed
C49: post active and 2 weeks | D49: LACTATE SOW | F49: =(BE49/G49)/7 -> #DIV/0! | H49: =G49*E49 -> 0 | K49: =J49-H49 -> 0 | L49: =K49-$H49 -> 0 | M49: =L49-$H49 -> 0 | N49: =M49-$H49 -> 0 | O49: =N49-$H49 -> 0 | P49: =O49-$H49 -> 0 | Q49: =P49-$H49 -> 0 | R49: =Q49-$H49 -> 0 | S49: =R49-$H49 -> 0
B50: FH 1 and 2 lact | C50: FH 1 and FH2 | D50: LACTATE GILT | E50: 6 | F50: =(BE50/G50)/7 -> #DIV/0! | H50: =G50*E50 -> 0 | K50: =J50-$H50 -> 0 | L50: =K50-$H50 -> 0 | M50: =L50-$H50 -> 0 | N50: =M50-$H50 -> 0 | O50: =N50-$H50 -> 0 | P50: =O50-$H50 -> 0 | Q50: =P50-$H50 -> 0 | R50: =Q50-$H50 -> 0 | S50: =R50-$H50 -> 0
B51: FH 1 and 2 Trans | D51: TRANSITION | E51: 2.5 | F51: =(BE51/G51)/7 -> #DIV/0! | H51: =G51*E51 -> 0 | K51: =J51-$H51 -> 0 | L51: =K51-$H51 -> 0 | M51: =L51-$H51 -> 0 | N51: =M51-$H51 -> 0 | O51: =N51-$H51 -> 0 | P51: =O51-$H51 -> 0 | Q51: =P51-$H51 -> 0 | R51: =Q51-$H51 -> 0 | S51: =R51-$H51 -> 0
C52: active and 4 weeks | D52: LACTATE SOW | F52: =(BE52/G52)/7 -> #DIV/0! | H52: =G52*E52 -> 0 | K52: =(J52-$H52)+T52 -> 0 | L52: =K52-$H52 -> 0 | M52: =L52-$H52 -> 0 | N52: =M52-$H52 -> 0 | O52: =N52-$H52 -> 0 | P52: =O52-$H52 -> 0 | Q52: =P52-$H52 -> 0 | R52: =Q52-$H52 -> 0 | S52: =R52-$H52 -> 0
B53: FH 3 and 4 lact | C53: Fh3 and Fh4 | D53: LACTATE GILT | E53: 11 | F53: =(BE53/G53)/7 -> #DIV/0! | H53: =G53*E53 -> 0 | K53: =J53-$H53 -> 0 | L53: =K53-$H53 -> 0 | M53: =L53-$H53 -> 0 | N53: =M53-$H53 -> 0 | O53: =N53-$H53 -> 0 | P53: =O53-$H53 -> 0 | Q53: =P53-$H53 -> 0 | R53: =Q53-$H53 -> 0 | S53: =R53-$H53 -> 0
B54: FH 3 and 4 trans | D54: TRANSITION | E54: 2.5 | F54: =(BE54/G54)/7 -> #DIV/0! | H54: =G54*E54 -> 0 | K54: =(J54-$H54)+T54 -> 0 | L54: =K54-$H54 -> 0 | M54: =L54-$H54 -> 0 | N54: =M54-$H54 -> 0 | O54: =N54-$H54 -> 0 | P54: =O54-$H54 -> 0 | Q54: =P54-$H54 -> 0 | R54: =Q54-$H54 -> 0 | S54: =R54-$H54 -> 0
D55: LACTATE SOW | F55: =(BE55/G55)/7 -> #DIV/0! | H55: =G55*E55 -> 0 | K55: =J55-H55 -> 0 | L55: =K55-$H55 -> 0 | M55: =L55-H55 -> 0 | N55: =M55-$H55 -> 0 | O55: =N55-$H55 -> 0 | P55: =O55-$H55 -> 0 | Q55: =P55-$H55 -> 0 | R55: =Q55-$H55 -> 0 | S55: =R55-$H55 -> 0
B56: FH 5 lact | C56: 3 weeks | D56: LACTATE GILT | E56: 8 | F56: =(BE56/G56)/7 -> #DIV/0! | H56: =G56*E56 -> 0 | K56: =J56-$H56 -> 0 | L56: =K56-$H56 -> 0 | M56: =L56-$H56 -> 0 | N56: =M56-$H56 -> 0 | O56: =N56-H56 -> 0 | P56: =O56-$H56 -> 0 | Q56: =P56-H56 -> 0 | R56: =Q56-$H56 -> 0 | S56: =R56-$H56 -> 0
B57: FH 5 trans | C57: FH 5 | D57: TRANSITION | F57: =(BE57/G57)/7 -> #DIV/0! | H57: =G57*E57 -> 0 | K57: =J57-$H57 -> 0 | L57: =K57-$H57 -> 0 | M57: =L57-$H57 -> 0 | N57: =M57-$H57 -> 0 | O57: =N57-$H57 -> 0 | P57: =O57-$H57 -> 0 | Q57: =P57-$H57 -> 0 | R57: =Q57-$H57 -> 0 | S57: =R57-$H57 -> 0
B58: FH4 | D58: LACTATE SOW | F58: =(BE58/G58)/7 -> #DIV/0! | H58: =G58*E58 -> 0 | K58: =(J58-$H58)+T58 -> 0 | L58: =K58-$H58 -> 0 | M58: =L58-$H58 -> 0 | N58: =M58-$H58 -> 0 | O58: =N58-$H58 -> 0 | P58: =O58-$H58 -> 0 | Q58: =P58-$H58 -> 0 | R58: =Q58-$H58 -> 0 | S58: =R58-$H58 -> 0
D59: LACTATE GILT | E59: 8 | F59: =(BE59/G59)/7 -> #DIV/0! | H59: =G59*E59 -> 0 | K59: =J59-$H59 -> 0 | L59: =K59-$H59 -> 0 | M59: =L59-H59 -> 0 | N59: =M59-$H59 -> 0 | O59: =N59-$H59 -> 0 | P59: =O59-$H59 -> 0 | Q59: =P59-$H59 -> 0 | R59: =Q59-$H59 -> 0 | S59: =R59-$H59 -> 0
D60: TRANSITION | E60: 2.5 | F60: =(BE60/G60)/7 -> #DIV/0! | H60: =G60*E60 -> 0 | K60: =J60-$H60 -> 0 | L60: =K60-$H60 -> 0 | M60: =L60-$H60 -> 0 | N60: =M60-$H60 -> 0 | O60: =N60-$H60 -> 0 | P60: =O60-$H60 -> 0 | Q60: =P60-$H60 -> 0 | R60: =Q60-$H60 -> 0 | S60: =R60-$H60 -> 0
B61: FH5 | D61: LACTATE SOW | E61: 8 | F61: =(BE61/G61)/7 -> #DIV/0! | H61: =G61*E61 -> 0 | K61: =J61-H61 -> 0 | L61: =(K61-$H61)+U61 -> 0 | M61: =L61-H61 -> 0 | N61: =(M61-$H61)+W61 -> 0 | O61: =(N61-$H61)+X61 -> 0 | P61: =(O61-$H61)+Y61 -> 0 | Q61: =(P61-$H61)+Z61 -> 0 | R61: =(Q61-$H61)+AA61 -> 0 | S61: =(R61-$H61)+AB61 -> 0
D62: LACTATE GILT | E62: 8 | F62: =(BE62/G62)/7 -> #DIV/0! | H62: =G62*E62 -> 0 | K62: =J62-$H62 -> 0 | L62: =K62-$H62 -> 0 | M62: =L62-$H62 -> 0 | N62: =M62-$H62 -> 0 | O62: =N62-$H62 -> 0 | P62: =O62-$H62 -> 0 | Q62: =P62-$H62 -> 0 | R62: =Q62-$H62 -> 0 | S62: =R62-$H62 -> 0
D63: TRANSITION | E63: 2.5 | F63: =(BE63/G63)/7 -> #DIV/0! | H63: =G63*E63 -> 0 | K63: =J63-$H63 -> 0 | L63: =K63-$H63 -> 0 | M63: =L63-$H63 -> 0 | N63: =M63-$H63 -> 0 | O63: =N63-$H63 -> 0 | P63: =O63-$H63 -> 0 | Q63: =P63-$H63 -> 0 | R63: =Q63-$H63 -> 0 | S63: =R63-$H63 -> 0
H66: =G72*I66 -> 0 | I66: 4 | J66: =3000/G72 -> #DIV/0!
I67: 3 | J67: =2000/G72 -> #DIV/0!
O68: 13 | P68: =G73*O68 -> 0
A70: WEANER FEED ORDER | D70: Creep 2
A71: Batch # | B71: House # | C71: Weaners AGE | D71: DIET | E71: INTAKE | F71: Actual intake | G71: NOP | H71: Batch intake | I71: BFT max | J71: BFT level | K71: Monday | L71: Tuesday | M71: Wednesday | N71: Thursday | O71: Friday | P71: Saturday | Q71: Sunday | R71: Monday | S71: Tuesday | T71: Mon - Crp 1 | U71: Mon - Crp 2 | V71: Mon - Crp 3 | W71: Mon - W1 | X71: Mon | Y71: Tues-Crp 1 | Z71: Tues-Crp 2 | AA71: Tues-Crp 3 | AB71: Tues-W1 | AC71: Tues | AD71: Wed - Crp 1 | AE71: Wed - Crp 2 | AF71: Wed - Crp 3 | AG71: Wed - W1 | AH71: Wed | AI71: Thur-Crp 1 | AJ71: Thur-Crp 2 | AK71: Thur-Crp 3 | AL71: Thur-W1 | AM71: Thur | AN71: Fri - Crp 1 | AO71: Fri - Crp 2 | AP71: Fri - Crp 3 | AQ71: Fri - W1 | AR71: Fri | AS71: Sat-Crp1 | AT71: Sat-Crp2 | AU71: Sat-Crp3 | AV71: Sat-W1 | AW71: Sat | AX71: Sun-Crp1 | AY71: Sun-Crp2 | AZ71: Sun-Cr3 | BA71: Sun-W1 | BB71: Sun | BC71: total delivered | BD71: bft closing | BE71: actual consumed
A72: 2606 | B72: W6 | C72: 4 | D72: Creep 2 | E72: 0.48 | F72: =(BE72/G72)/4 -> #DIV/0! | H72: =G72*E72 -> 0 | J72: 0 | K72: 4000 | L72: =K72-$H72 -> 4000 | M72: =L72-$H72 -> 4000 | N72: =M72-$H72 -> 4000 | O72: =N72-$H72 -> 4000 | P72: =O72-$H72 -> 4000 | Q72: =P72-$H72 -> 4000 | R72: =Q72-$H72 -> 4000 | S72: =R72-$H72 -> 4000 | BE72: =(J72+BC72)-BD72 -> 0
A73: 2605 | B73: W5 | C73: 5 | D73: Creep 3 | E73: 0.94 | F73: =(BE73/G73)/7 -> #DIV/0! | H73: =G73*E73 -> 0 | K73: =J73-$H73 -> 0 | L73: =K73-$H73 -> 0 | M73: =L73-$H73 -> 0 | N73: =M73-$H73 -> 0 | O73: =N73-$H73 -> 0 | P73: =O73-$H73 -> 0 | Q73: =P73-$H73 -> 0 | R73: =Q73-$H73 -> 0 | S73: =R73-$H73 -> 0 | BE73: =(J73+BC73)-BD73 -> 0
A74: 2604 | B74: W4 | C74: 6 | D74: Creep 3 | E74: 0.94 | F74: =(BE74/G74)/7 -> #DIV/0! | H74: =G74*E74 -> 0 | K74: =J74-$H74 -> 0 | L74: =K74-$H74 -> 0 | M74: =L74-$H74 -> 0 | N74: =M74-$H74 -> 0 | O74: =N74-$H74 -> 0 | P74: =O74-$H74 -> 0 | Q74: =P74-$H74 -> 0 | R74: =Q74-$H74 -> 0 | S74: =R74-$H74 -> 0 | BE74: =(J74+BC74)-BD74 -> 0
A75: 2603 | B75: W3 | C75: 7 | D75: W1 | E75: 1 | F75: =(BE75/G75)/7 -> #DIV/0! | H75: =G75*E75 -> 0 | K75: =J75-$H75 -> 0 | L75: =K75-$H75 -> 0 | M75: =L75-$H75 -> 0 | N75: =M75-$H75 -> 0 | O75: =N75-$H75 -> 0 | P75: =O75-$H75 -> 0 | Q75: =P75-$H75 -> 0 | R75: =Q75-$H75 -> 0 | S75: =R75-$H75 -> 0 | BE75: =(J75+BC75)-BD75 -> 0
A76: 2602 | B76: W2 | C76: 8 | D76: W1 | E76: 1.1 | F76: =(BE76/G76)/7 -> #DIV/0! | H76: =G76*E76 -> 0 | K76: =J76-$H76 -> 0 | L76: =K76-$H76 -> 0 | M76: =L76-$H76 -> 0 | N76: =M76-$H76 -> 0 | O76: =N76-$H76 -> 0 | P76: =O76-$H76 -> 0 | Q76: =P76-$H76 -> 0 | R76: =Q76-$H76 -> 0 | S76: =R76-$H76 -> 0 | BE76: =(J76+BC76)-BD76 -> 0
A77: 2601 | B77: W1 | C77: 9 | D77: W1 | E77: 1.2 | F77: =(BE77/G77)/7 -> #DIV/0! | H77: =G77*E77 -> 0 | K77: =J77-$H77 -> 0 | L77: =K77-$H77 -> 0 | M77: =L77-$H77 -> 0 | N77: =M77-$H77 -> 0 | O77: =N77-$H77 -> 0 | P77: =O77-$H77 -> 0 | Q77: =P77-$H77 -> 0 | R77: =Q77-$H77 -> 0 | S77: =R77-$H77 -> 0 | BE77: =(J77+BC77)-BD77 -> 0
A79: GROWER FEED ORDER
A80: Batch # | B80: House # | C80: Growers Age | D80: DIET | E80: INTAKE | F80: Actual intake | G80: NOP | H80: Batch intake | I80: BFT max | J80: BFT level | K80: Monday | L80: Tuesday | M80: Wednesday | N80: Thursday | O80: Friday | P80: Saturday | Q80: Sunday | R80: Monday | S80: Tuesday | T80: Mon-W1 | U80: Mon - GR1 | V80: Mon - GR2 | W80: Mon - GR3 | X80: Mon - fin | Y80: Tue - W1 | Z80: Tue - GR1 | AA80: Tue - GR2 | AB80: Tue - GR3 | AC80: Tue - fin | AD80: Wed-W1 | AE80: Wed-GR1 | AF80: Wed-GR2 | AG80: Wed-GR3 | AH80: Wed-Fin | AI80: Thur-W1 | AJ80: Thur - GR1 | AK80: Thur- GR2 | AL80: Thur- GR3 | AM80: Thur - fin | AN80: Fri- W1 | AO80: Fri- GR1 | AP80: Fri- GR2 | AQ80: Fri- GR3 | AR80: Fri - Fin | AS80: Sat-W1 | AT80: Sat-GR1 | AU80: Sat-GR2 | AV80: Sat-GR3 | AW80: Sat-Fin | AX80: Sun-W1 | AY80: Sun-GR1 | AZ80: Sun-GR2 | BA80: Sun-GR3 | BB80: Sun-Fin | BC80: total delivered | BD80: bft closing | BE80: actual consumed
A81: 2552 | C81: 10 OG | D81: W1 | E81: 1.6 | F81: =(BE81/G81)/7 -> #DIV/0! | H81: =G81*E81 -> 0 | K81: =J81-$H81 -> 0 | L81: =K81-$H81 -> 0 | M81: =L81-$H81 -> 0 | N81: =M81-$H81 -> 0 | O81: =N81-$H81 -> 0 | P81: =O81-$H81 -> 0 | Q81: =P81-$H81 -> 0 | R81: =Q81-$H81 -> 0 | S81: =R81-$H81 -> 0 | BE81: =(J81+BC81)-BD81 -> 0
C82: 10 NG | D82: W1 | E82: 1.6 | H82: =G82*E82 -> 0 | K82: =(J82-$H82) -> 0 | L82: =(K82-$H82)+AO82 -> 0 | M82: =(L82-$H82)+AP82 -> 0 | N82: =(M82-$H82)+AQ82 -> 0 | O82: =(N82-$H82)+AR82 -> 0 | P82: =(O82-$H82)+AS82 -> 0 | Q82: =(P82-$H82)+AT82 -> 0 | R82: =(Q82-$H82)+AU82 -> 0 | S82: =(R82-$H82)+AV82 -> 0 | BE82: =(J82+BC82)-BD82 -> 0
C83: 10 EXT | D83: W1 | E83: 1.6 | H83: =G83*E83 -> 0 | K83: =(J83-$H83) -> 0 | L83: =(K83-$H83)+AO83 -> 0 | M83: =(L83-$H83)+AP83 -> 0 | N83: =(M83-$H83)+AQ83 -> 0 | O83: =(N83-$H83)+AR83 -> 0 | P83: =(O83-$H83)+AS83 -> 0 | Q83: =(P83-$H83)+AT83 -> 0 | R83: =(Q83-$H83)+AU83 -> 0 | S83: =(R83-$H83)+AV83 -> 0 | BE83: =(J83+BC83)-BD83 -> 0
A84: 2551 | C84: 11 OG | D84: W1 | E84: 1.7 | F84: =(BE84/G84)/7 -> #DIV/0! | H84: =G84*E84 -> 0 | K84: =J84-$H84 -> 0 | L84: =K84-$H84 -> 0 | M84: =L84-$H84 -> 0 | N84: =M84-$H84 -> 0 | O84: =N84-$H84 -> 0 | P84: =O84-$H84 -> 0 | Q84: =P84-$H84 -> 0 | R84: =Q84-$H84 -> 0 | S84: =R84-$H84 -> 0 | BE84: =(J84+BC84)-BD84 -> 0
C85: 11 NG | D85: W1 | E85: 1.7 | H85: =G85*E85 -> 0 | K85: =(J85-$H85)+AN85 -> 0 | L85: =(K85-$H85)+AO85 -> 0 | M85: =(L85-$H85)+AP85 -> 0 | N85: =(M85-$H85)+AQ85 -> 0 | O85: =(N85-$H85)+AR85 -> 0 | P85: =(O85-$H85)+AS85 -> 0 | Q85: =(P85-$H85)+AT85 -> 0 | R85: =(Q85-$H85)+AU85 -> 0 | S85: =(R85-$H85)+AV85 -> 0 | BE85: =(J85+BC85)-BD85 -> 0
C86: 11 EXT | D86: W1 | E86: 1.7 | H86: =G86*E86 -> 0 | K86: =(J86-$H86)+AN86 -> 0 | L86: =(K86-$H86)+AO86 -> 0 | M86: =(L86-$H86)+AP86 -> 0 | N86: =(M86-$H86)+AQ86 -> 0 | O86: =(N86-$H86)+AR86 -> 0 | P86: =(O86-$H86)+AS86 -> 0 | Q86: =(P86-$H86)+AT86 -> 0 | R86: =(Q86-$H86)+AU86 -> 0 | S86: =(R86-$H86)+AV86 -> 0 | BE86: =(J86+BC86)-BD86 -> 0
A87: 2550 | C87: 12 OG | D87: G1 | E87: 2.2 | F87: =(BE87/G87)/7 -> #DIV/0! | H87: =G87*E87 -> 0 | K87: =J87-$H87 -> 0 | L87: =K87-$H87 -> 0 | M87: =L87-$H87 -> 0 | N87: =M87-$H87 -> 0 | O87: =N87-$H87 -> 0 | P87: =O87-$H87 -> 0 | Q87: =P87-$H87 -> 0 | R87: =Q87-$H87 -> 0 | S87: =R87-$H87 -> 0 | BE87: =(J87+BC87)-BD87 -> 0
C88: 12 NG | D88: G1 | E88: 2.2 | H88: =G88*E88 -> 0 | K88: =J88-H88 -> 0 | L88: =K88-I88 -> 0 | M88: =L88-J88 -> 0 | N88: =M88-K88 -> 0 | O88: =N88-L88 -> 0 | P88: =O88-M88 -> 0 | Q88: =P88-N88 -> 0 | R88: =Q88-O88 -> 0 | S88: =R88-P88 -> 0 | BE88: =(J88+BC88)-BD88 -> 0
C89: 12 EXT | D89: G1 | E89: 2.2 | H89: =G89*E89 -> 0 | K89: =(J89-$H89)+AO89 -> 0 | L89: =(K89-$H89)+AP89 -> 0 | M89: =(L89-$H89)+AQ89 -> 0 | N89: =(M89-$H89)+AR89 -> 0 | O89: =(N89-$H89)+AS89 -> 0 | P89: =(O89-$H89)+AT89 -> 0 | Q89: =(P89-$H89)+AU89 -> 0 | R89: =(Q89-$H89)+AV89 -> 0 | S89: =(R89-$H89)+AW89 -> 0 | BE89: =(J89+BC89)-BD89 -> 0
A90: 2549 | C90: 13 OG | D90: G1 | E90: 2.5 | F90: =(BE90/G90)/7 -> #DIV/0! | H90: =G90*E90 -> 0 | K90: =J90-$H90 -> 0 | L90: =K90-$H90 -> 0 | M90: =L90-$H90 -> 0 | N90: =M90-$H90 -> 0 | O90: =N90-$H90 -> 0 | P90: =O90-$H90 -> 0 | Q90: =P90-$H90 -> 0 | R90: =Q90-$H90 -> 0 | S90: =R90-$H90 -> 0 | BE90: =(J90+BC90)-BD90 -> 0
C91: 13 NG | D91: G1 | E91: 2.5 | H91: =G91*E91 -> 0 | K91: =(J91-$H91)+AO91 -> 0 | L91: =(K91-$H91)+AP91 -> 0 | M91: =(L91-$H91)+AQ91 -> 0 | N91: =(M91-$H91)+AR91 -> 0 | O91: =(N91-$H91)+AS91 -> 0 | P91: =(O91-$H91)+AT91 -> 0 | Q91: =(P91-$H91)+AU91 -> 0 | R91: =(Q91-$H91)+AV91 -> 0 | S91: =(R91-$H91)+AW91 -> 0 | BE91: =(J91+BC91)-BD91 -> 0
C92: 13 EXT | D92: G1 | E92: 2.5 | H92: =G92*E92 -> 0 | K92: =(J92-$H92)+AO92 -> 0 | L92: =(K92-$H92)+AP92 -> 0 | M92: =(L92-$H92)+AQ92 -> 0 | N92: =(M92-$H92)+AR92 -> 0 | O92: =(N92-$H92)+AS92 -> 0 | P92: =(O92-$H92)+AT92 -> 0 | Q92: =(P92-$H92)+AU92 -> 0 | R92: =(Q92-$H92)+AV92 -> 0 | S92: =(R92-$H92)+AW92 -> 0 | BE92: =(J92+BC92)-BD92 -> 0
A93: 2548 | C93: 14 OG | D93: G2 | E93: 2.6 | F93: =(BE93/G93)/7 -> #DIV/0! | H93: =G93*E93 -> 0 | K93: =J93-$H93 -> 0 | L93: =K93-$H93 -> 0 | M93: =L93-$H93 -> 0 | N93: =M93-$H93 -> 0 | O93: =N93-$H93 -> 0 | P93: =O93-$H93 -> 0 | Q93: =P93-$H93 -> 0 | R93: =Q93-$H93 -> 0 | S93: =R93-$H93 -> 0 | BE93: =(J93+BC93)-BD93 -> 0
C94: 14 NG | D94: G2 | E94: 2.6 | H94: =G94*E94 -> 0 | K94: =(J94-$H94)+AP94 -> 0 | L94: =(K94-$H94)+AQ94 -> 0 | M94: =(L94-$H94)+AR94 -> 0 | N94: =(M94-$H94)+AS94 -> 0 | O94: =(N94-$H94)+AT94 -> 0 | P94: =(O94-$H94)+AU94 -> 0 | Q94: =(P94-$H94)+AV94 -> 0 | R94: =(Q94-$H94)+AW94 -> 0 | S94: =(R94-$H94)+AX94 -> 0 | BE94: =(J94+BC94)-BD94 -> 0
C95: 14 EXT | D95: G2 | E95: 2.6 | H95: =G95*E95 -> 0 | K95: =(J95-$H95)+AP95 -> 0 | L95: =(K95-$H95)+AQ95 -> 0 | M95: =(L95-$H95)+AR95 -> 0 | N95: =(M95-$H95)+AS95 -> 0 | O95: =(N95-$H95)+AT95 -> 0 | P95: =(O95-$H95)+AU95 -> 0 | Q95: =(P95-$H95)+AV95 -> 0 | R95: =(Q95-$H95)+AW95 -> 0 | S95: =(R95-$H95)+AX95 -> 0 | BE95: =(J95+BC95)-BD95 -> 0
A96: 2547 | C96: 15 OG | D96: G2 | E96: 2.7 | F96: =(BE96/G96)/7 -> #DIV/0! | H96: =G96*E96 -> 0 | K96: =J96-$H96 -> 0 | L96: =K96-$H96 -> 0 | M96: =L96-$H96 -> 0 | N96: =M96-$H96 -> 0 | O96: =N96-$H96 -> 0 | P96: =O96-$H96 -> 0 | Q96: =P96-$H96 -> 0 | R96: =Q96-$H96 -> 0 | S96: =R96-$H96 -> 0 | BE96: =(J96+BC96)-BD96 -> 0
C97: 15 NG | D97: G2 | E97: 2.7 | H97: =G97*E97 -> 0 | K97: =(J97-$H97)+AP97 -> 0 | L97: =(K97-$H97)+AQ97 -> 0 | M97: =(L97-$H97)+AR97 -> 0 | N97: =(M97-$H97)+AS97 -> 0 | O97: =(N97-$H97)+AT97 -> 0 | P97: =(O97-$H97)+AU97 -> 0 | Q97: =(P97-$H97)+AV97 -> 0 | R97: =(Q97-$H97)+AW97 -> 0 | S97: =(R97-$H97)+AX97 -> 0 | BE97: =(J97+BC97)-BD97 -> 0
C98: 15 EXT | D98: G2 | E98: 2.7 | H98: =G98*E98 -> 0 | K98: =(J98-$H98)+AP98 -> 0 | L98: =(K98-$H98)+AQ98 -> 0 | M98: =(L98-$H98)+AR98 -> 0 | N98: =(M98-$H98)+AS98 -> 0 | O98: =(N98-$H98)+AT98 -> 0 | P98: =(O98-$H98)+AU98 -> 0 | Q98: =(P98-$H98)+AV98 -> 0 | R98: =(Q98-$H98)+AW98 -> 0 | S98: =(R98-$H98)+AX98 -> 0 | BE98: =(J98+BC98)-BD98 -> 0
A99: 2546 | C99: 16 OG | D99: G3 | E99: 2.9 | F99: =(BE99/G99)/7 -> #DIV/0! | H99: =G99*E99 -> 0 | K99: =J99-$H99 -> 0 | L99: =K99-$H99 -> 0 | M99: =L99-$H99 -> 0 | N99: =M99-$H99 -> 0 | O99: =N99-$H99 -> 0 | P99: =O99-$H99 -> 0 | Q99: =P99-$H99 -> 0 | R99: =Q99-$H99 -> 0 | S99: =R99-$H99 -> 0 | BE99: =(J99+BC99)-BD99 -> 0
C100: 16 NG | D100: G3 | E100: 2.9 | H100: =G100*E100 -> 0 | K100: =J100-$H100+AQ100 -> 0 | L100: =K100-$H100+AR100 -> 0 | M100: =L100-$H100+AS100 -> 0 | N100: =M100-$H100+AT100 -> 0 | O100: =N100-$H100+AU100 -> 0 | P100: =O100-$H100+AV100 -> 0 | Q100: =P100-$H100+AW100 -> 0 | R100: =Q100-$H100+AX100 -> 0 | S100: =R100-$H100+AY100 -> 0 | BE100: =(J100+BC100)-BD100 -> 0
C101: 16 EXT | D101: G3 | E101: 2.9 | H101: =G101*E101 -> 0 | K101: =J101-$H101+AQ101 -> 0 | L101: =K101-$H101+AR101 -> 0 | M101: =L101-$H101+AS101 -> 0 | N101: =M101-$H101+AT101 -> 0 | O101: =N101-$H101+AU101 -> 0 | P101: =O101-$H101+AV101 -> 0 | Q101: =P101-$H101+AW101 -> 0 | R101: =Q101-$H101+AX101 -> 0 | S101: =R101-$H101+AY101 -> 0 | BE101: =(J101+BC101)-BD101 -> 0
A102: 2545 | C102: 17 OG | D102: G3 | E102: 3.1 | F102: =(BE102/G102)/7 -> #DIV/0! | H102: =G102*E102 -> 0 | K102: =J102-$H102 -> 0 | L102: =K102-$H102 -> 0 | M102: =L102-$H102 -> 0 | N102: =M102-$H102 -> 0 | O102: =N102-$H102 -> 0 | P102: =O102-$H102 -> 0 | Q102: =P102-$H102 -> 0 | R102: =Q102-$H102 -> 0 | S102: =R102-$H102 -> 0 | BE102: =(J102+BC102)-BD102 -> 0
C103: 17 NG | D103: G3 | E103: 3.1 | H103: =G103*E103 -> 0 | K103: =J103-$H103+AQ103 -> 0 | L103: =K103-$H103+AR103 -> 0 | M103: =L103-$H103+AS103 -> 0 | N103: =M103-$H103+AT103 -> 0 | O103: =N103-$H103+AU103 -> 0 | P103: =O103-$H103+AV103 -> 0 | Q103: =P103-$H103+AW103 -> 0 | R103: =Q103-$H103+AX103 -> 0 | S103: =R103-$H103+AY103 -> 0 | BE103: =(J103+BC103)-BD103 -> 0
C104: 17 EXT | D104: G3 | E104: 3.1 | H104: =G104*E104 -> 0 | K104: =J104-$H104+AQ104 -> 0 | L104: =K104-$H104+AR104 -> 0 | M104: =L104-$H104+AS104 -> 0 | N104: =M104-$H104+AT104 -> 0 | O104: =N104-$H104+AU104 -> 0 | P104: =O104-$H104+AV104 -> 0 | Q104: =P104-$H104+AW104 -> 0 | R104: =Q104-$H104+AX104 -> 0 | S104: =R104-$H104+AY104 -> 0 | BE104: =(J104+BC104)-BD104 -> 0
A105: 2544 | C105: 18 OG | D105: G3 | E105: 3.1 | F105: =(BE105/G105)/7 -> #DIV/0! | H105: =G105*E105 -> 0 | K105: =J105-$H105 -> 0 | L105: =K105-$H105 -> 0 | M105: =L105-$H105 -> 0 | N105: =M105-$H105 -> 0 | O105: =N105-$H105 -> 0 | P105: =O105-$H105 -> 0 | Q105: =P105-$H105 -> 0 | R105: =Q105-$H105 -> 0 | S105: =R105-$H105 -> 0 | BE105: =(J105+BC105)-BD105 -> 0
C106: 18 NG | D106: G3 | E106: 3.1 | H106: =G106*E106 -> 0 | K106: =J106-$H106+AQ106 -> 0 | L106: =K106-$H106+AR106 -> 0 | M106: =L106-$H106+AS106 -> 0 | N106: =M106-$H106+AT106 -> 0 | O106: =N106-$H106+AU106 -> 0 | P106: =O106-$H106+AV106 -> 0 | Q106: =P106-$H106+AW106 -> 0 | R106: =Q106-$H106+AX106 -> 0 | S106: =R106-$H106+AY106 -> 0 | BE106: =(J106+BC106)-BD106 -> 0
C107: 18 EXT | D107: G3 | E107: 3.1 | H107: =G107*E107 -> 0 | K107: =J107-$H107+AQ107 -> 0 | L107: =K107-$H107+AR107 -> 0 | M107: =L107-$H107+AS107 -> 0 | N107: =M107-$H107+AT107 -> 0 | O107: =N107-$H107+AU107 -> 0 | P107: =O107-$H107+AV107 -> 0 | Q107: =P107-$H107+AW107 -> 0 | R107: =Q107-$H107+AX107 -> 0 | S107: =R107-$H107+AY107 -> 0 | BE107: =(J107+BC107)-BD107 -> 0
C108: 18 EXT | D108: FINISHER | E108: 3.1 | H108: =G108*E108 -> 0 | K108: =J108-$H108+AQ108 -> 0 | L108: =K108-$H108+AR108 -> 0 | M108: =L108-$H108+AS108 -> 0 | N108: =M108-$H108+AT108 -> 0 | O108: =N108-$H108+AU108 -> 0 | P108: =O108-$H108+AV108 -> 0 | Q108: =P108-$H108+AW108 -> 0 | R108: =Q108-$H108+AX108 -> 0 | S108: =R108-$H108+AY108 -> 0 | BE108: =(J108+BC108)-BD108 -> 0
A109: 2543 | C109: 19 OG | D109: FINISHER | E109: 3.1 | F109: =(BE109/G109)/7 -> #DIV/0! | H109: =G109*E109 -> 0 | K109: =J109-$H109 -> 0 | L109: =K109-$H109 -> 0 | M109: =L109-$H109 -> 0 | N109: =M109-$H109 -> 0 | O109: =N109-$H109 -> 0 | P109: =O109-$H109 -> 0 | Q109: =P109-$H109 -> 0 | R109: =Q109-$H109 -> 0 | S109: =R109-$H109 -> 0 | BE109: =(J109+BC109)-BD109 -> 0
C110: 19 NG | D110: FINISHER | E110: 3.1 | H110: =G110*E110 -> 0 | K110: =(J110-$H110)+AR110 -> 0 | L110: =(K110-$H110)+AS110 -> 0 | M110: =(L110-$H110)+AT110 -> 0 | N110: =(M110-$H110)+AU110 -> 0 | O110: =(N110-$H110)+AV110 -> 0 | P110: =(O110-$H110)+AW110 -> 0 | Q110: =(P110-$H110)+AX110 -> 0 | R110: =(Q110-$H110)+AY110 -> 0 | S110: =(R110-$H110)+AZ110 -> 0 | BE110: =(J110+BC110)-BD110 -> 0
C111: 19 EXT | D111: FINISHER | E111: 3.1 | H111: =G111*E111 -> 0 | K111: =(J111-$H111)+AR111 -> 0 | L111: =(K111-$H111)+AS111 -> 0 | M111: =(L111-$H111)+AT111 -> 0 | N111: =(M111-$H111)+AU111 -> 0 | O111: =(N111-$H111)+AV111 -> 0 | P111: =(O111-$H111)+AW111 -> 0 | Q111: =(P111-$H111)+AX111 -> 0 | R111: =(Q111-$H111)+AY111 -> 0 | S111: =(R111-$H111)+AZ111 -> 0 | BE111: =(J111+BC111)-BD111 -> 0
A112: 2542 | C112: 20 OG | D112: FINISHER | E112: 3.2 | F112: =(BE112/G112)/7 -> #DIV/0! | H112: =G112*E112 -> 0 | K112: =J112-$H112 -> 0 | L112: =K112-$H112 -> 0 | M112: =L112-$H112 -> 0 | N112: =M112-$H112 -> 0 | O112: =N112-$H112 -> 0 | P112: =O112-$H112 -> 0 | Q112: =P112-$H112 -> 0 | R112: =Q112-$H112 -> 0 | S112: =R112-$H112 -> 0 | BE112: =(J112+BC112)-BD112 -> 0
C113: 20 NG | D113: FINISHER | E113: 3.2 | H113: =G113*E113 -> 0 | K113: =(J113-$H113)+AR113 -> 0 | L113: =(K113-$H113)+AS113 -> 0 | M113: =(L113-$H113)+AT113 -> 0 | N113: =(M113-$H113)+AU113 -> 0 | O113: =(N113-$H113)+AV113 -> 0 | P113: =(O113-$H113)+AW113 -> 0 | Q113: =(P113-$H113)+AX113 -> 0 | R113: =(Q113-$H113)+AY113 -> 0 | S113: =(R113-$H113)+AZ113 -> 0 | BE113: =(J113+BC113)-BD113 -> 0
C114: 20 EXT | D114: FINISHER | E114: 3.2 | H114: =G114*E114 -> 0 | K114: =(J114-$H114)+AR114 -> 0 | L114: =(K114-$H114)+AS114 -> 0 | M114: =(L114-$H114)+AT114 -> 0 | N114: =(M114-$H114)+AU114 -> 0 | O114: =(N114-$H114)+AV114 -> 0 | P114: =(O114-$H114)+AW114 -> 0 | Q114: =(P114-$H114)+AX114 -> 0 | R114: =(Q114-$H114)+AY114 -> 0 | S114: =(R114-$H114)+AZ114 -> 0 | BE114: =(J114+BC114)-BD114 -> 0
A115: 2541 | C115: 21 OG | D115: FINISHER | E115: 3.3 | F115: =(BE115/G115)/7 -> #DIV/0! | H115: =G115*E115 -> 0 | K115: =J115-$H115 -> 0 | L115: =K115-$H115 -> 0 | M115: =L115-$H115 -> 0 | N115: =M115-$H115 -> 0 | O115: =N115-$H115 -> 0 | P115: =O115-$H115 -> 0 | Q115: =P115-$H115 -> 0 | R115: =Q115-$H115 -> 0 | S115: =R115-$H115 -> 0 | BE115: =(J115+BC115)-BD115 -> 0
C116: 21 NG | D116: FINISHER | E116: 3.3 | H116: =G116*E116 -> 0 | K116: =(J116-$H116)+AR116 -> 0 | L116: =(K116-$H116)+AS116 -> 0 | M116: =(L116-$H116)+AT116 -> 0 | N116: =(M116-$H116)+AU116 -> 0 | O116: =(N116-$H116)+AV116 -> 0 | P116: =(O116-$H116)+AW116 -> 0 | Q116: =(P116-$H116)+AX116 -> 0 | R116: =(Q116-$H116)+AY116 -> 0 | S116: =(R116-$H116)+AZ116 -> 0 | BE116: =(J116+BC116)-BD116 -> 0
C117: 21 EXT | D117: FINISHER | E117: 3.3 | H117: =G117*E117 -> 0 | K117: =(J117-$H117)+AR117 -> 0 | L117: =(K117-$H117)+AS117 -> 0 | M117: =(L117-$H117)+AT117 -> 0 | N117: =(M117-$H117)+AU117 -> 0 | O117: =(N117-$H117)+AV117 -> 0 | P117: =(O117-$H117)+AW117 -> 0 | Q117: =(P117-$H117)+AX117 -> 0 | R117: =(Q117-$H117)+AY117 -> 0 | S117: =(R117-$H117)+AZ117 -> 0 | BE117: =(J117+BC117)-BD117 -> 0
...

Sheet Daily Dispatch Tracking
B2: Monday 07:00 | D2: Bulk | E2: Week 34
B4: Overal order | C4: Grower | E4: Grower | G4: Grower
B6: Farm | C6: Sunday | D6: Monday | E6: Tuesday | F6: Wednesday | G6: Thursday | H6: Friday | I6: Saturday
B7: Porta | D7: 30000 | E7: 27000 | F7: 30000 | G7: 30000 | H7: 30000 | I7: 60000 | J7: =+C7+D7+E7+F7+G7+H7+I7 -> 207000
B8: Lionshead | C8: 60000 | F8: 30000 | G8: 30000 | J8: =+C8+D8+E8+F8+G8+H8+I8 -> 120000
B9: Grasmere | C9: 85000 | D9: 71000 | E9: 33000 | F9: 61000 | G9: 61000 | H9: 12000 | J9: =+C9+D9+E9+F9+G9+H9+I9 -> 323000
B10: Multiplier | C10: 13000 | D10: 13000 | E10: 16000 | F10: 13000 | G10: 10000 | I10: 11000 | J10: =+C10+D10+E10+F10+G10+H10+I10 -> 76000
B11: Learig | D11: 30000 | E11: 30000 | F11: 30000 | J11: =+C11+D11+E11+F11+G11+H11+I11 -> 90000
B12: Richlands | C12: 30000 | D12: 30000 | E12: 30000 | F12: 30000 | G12: 30000 | J12: =+C12+D12+E12+F12+G12+H12+I12 -> 150000
B13: Totals | C13: =SUM(C7:C12) -> 188000 | D13: =SUM(D7:D12) -> 174000 | E13: =SUM(E7:E12) -> 136000 | F13: =SUM(F7:F12) -> 194000 | G13: =SUM(G7:G12) -> 161000 | H13: =SUM(H7:H12) -> 42000 | I13: =SUM(I7:I12) -> 71000 | J13: =C13+D13+E13+F13+G13+H13+I13 -> 966000
B14: Daily Limit | C14: 180000 | D14: 180000 | E14: 180000 | F14: 180000 | G14: 180000 | H14: 40000 | I14: 40000 | J14: 980000
B17: Balance to Dispatch | C17: Sunday | D17: Monday | E17: Tuesday | F17: Wednesday | G17: Thursday | H17: Friday | I17: Saturday
B18: Farm
B19: Porta | D19: 30000 | E19: 27000 | F19: 30000 | G19: 30000 | H19: 30000 | I19: 60000 | J19: =C19+D19+E19+F19+G19+H19+I19 -> 207000
B20: Lionshead | C20: 60000 | F20: 30000 | G20: 30000 | J20: =C20+D20+E20+F20+G20+H20+I20 -> 120000
B21: Grasmere | C21: 85000 | D21: 71000 | E21: 33000 | F21: 61000 | G21: 61000 | H21: 12000 | J21: =C21+D21+E21+F21+G21+H21+I21 -> 323000
B22: Multiplier | C22: 13000 | D22: 13000 | E22: 16000 | F22: 13000 | G22: 10000 | I22: 11000 | J22: =C22+D22+E22+F22+G22+H22+I22 -> 76000
B23: Learig | D23: 30000 | E23: 30000 | F23: 30000 | J23: =C23+D23+E23+F23+G23+H23+I23 -> 90000
B24: Richlands | C24: 30000 | D24: 30000 | E24: 30000 | F24: 30000 | G24: 30000 | J24: =C24+D24+E24+F24+G24+H24+I24 -> 150000
B25: Totals | C25: =+C19+C20+C21+C22+C23+C24 -> 188000 | D25: =+D19+D20+D21+D22+D23+D24 -> 174000 | E25: =+E19+E20+E21+E22+E23+E24 -> 136000 | F25: =+F19+F20+F21+F22+F23+F24 -> 194000 | G25: =+G19+G20+G21+G22+G23+G24 -> 161000 | H25: =+H19+H20+H21+H22+H23+H24 -> 42000 | I25: =+I19+I20+I21+I22+I23+I24 -> 71000 | J25: =+J19+J20+J21+J22+J24+J23 -> 966000
D28: Bags
B29: Overal order
F30: .
B31: Farm | C31: Sunday | D31: Monday | E31: Tuesday | F31: Wednesday | G31: Thursday | H31: Friday | I31: Saturday
B32: Porta | G32: 6000 | J32: =+C32+D32+E32+F32+G32+H32+I32 -> 6000
B33: lionhead Ext | D33: 30000 | F33: 18000 | J33: =+C33+D33+E33+F33+G33+H33+I33 -> 48000
B34: villa | E34: 30000 | G34: 41000 | J34: =+C34+D34+E34+F34+G34+H34+I34 -> 71000
B35: Lionshead | C35: 30000 | E35: 14000 | J35: =+C35+D35+E35+F35+G35+H35+I35 -> 44000
B36: Grasmere | G36: 8000 | J36: =+C36+D36+E36+F36+G36+H36+I36 -> 8000
B37: Multiplier | E37: 3000 | J37: =+C37+D37+E37+F37+G37+H37+I37 -> 3000
B38: Selous | G38: 17000 | J38: =+C38+D38+E38+F38+G38+H38+I38 -> 17000
B39: Learig | F39: 12000 | J39: =+C39+D39+E39+F39+G39+H39+I39 -> 12000
B40: Richlands | C40: 30000 | F40: 15000 | J40: =+C40+D40+E40+F40+G40+H40+I40 -> 45000
B41: Totals | C41: =SUM(C32:C40) -> 60000 | D41: =SUM(D32:D40) -> 30000 | E41: =SUM(E32:E40) -> 47000 | F41: =SUM(F32:F40) -> 45000 | G41: =SUM(G32:G40) -> 72000 | H41: =SUM(H32:H40) -> 0 | I41: =SUM(I32:I40) -> 0 | J41: =+C41+D41+E41+F41+G41+H41+I41 -> 254000
B44: Balance to Dispatch
B46: Farm | C46: Sunday | D46: Monday | E46: Tuesday | F46: Wednesday | G46: Thursday | H46: Friday | I46: Saturday
B47: Porta | G47: 6000 | J47: 6000
B48: lionhead Ext | D48: 30000 | F48: 18000 | J48: 48000
B49: villa | E49: 30000 | G49: 41000 | J49: 71000
B50: Lionshead | C50: 30000 | E50: 14000 | J50: 44000
B51: Grasmere | G51: 8000 | J51: 13000
B52: Multiplier | E52: 3000 | J52: 3000
B53: Selous | G53: 17000 | J53: 17000
B54: Learig | F54: 12000 | J54: 12000
B55: Richlands | C55: 30000 | F55: 15000 | J55: 45000
B56: Totals | C56: =SUM(C47:C55) -> 60000 | D56: =SUM(D47:D55) -> 30000 | E56: =SUM(E47:E55) -> 47000 | F56: =SUM(F47:F55) -> 45000 | G56: =SUM(G47:G55) -> 72000 | H56: =SUM(H47:H55) -> 0 | I56: =SUM(I47:I55) -> 0 | J56: =+J47+J48+J49+J50+J51+J52+J53+J54+J55 -> 259000
B58: PLAN | C58: =C13+C41 -> 248000 | D58: =D13+D41 -> 204000 | E58: =E13+E41 -> 183000 | F58: =F13+F41 -> 239000 | G58: =G13+G41 -> 233000 | H58: =H13+H41 -> 42000 | I58: =I13+I41 -> 71000 | J58: =+C58+D58+E58+F58+G58+H58+I58 -> 1220000
B59: ACTUAL | C59: =C56+C25 -> 248000 | D59: =D56+D25 -> 204000 | E59: =E56+E25 -> 183000 | F59: =F56+F25 -> 239000 | G59: =G56+G25 -> 233000 | H59: =H56+H25 -> 42000 | I59: =I56+I25 -> 71000 | J59: =+C59+D59+E59+F59+G59+H59+I59 -> 1220000
B60: DIFFERENCE | C60: =C58-C59 -> 0 | D60: =D58-D59 -> 0 | E60: =E58-E59 -> 0 | F60: =F58-F59 -> 0 | G60: =G58-G59 -> 0 | H60: =H58-H59 -> 0 | I60: =I58-I59 -> 0 | J60: =+C60+D60+E60+F60+G60+H60+I60 -> 0

Sheet Logistics Plan
B2: DISPATCH WEEK 34
B3: SITE | C3: Ordered Bags | D3: Ordered Bulk | E3: Monday Plan | G3: Tuesday Plan | I3: Wednesday Plan | K3: Thursday Plan | M3: Friday Plan | O3: Saturday Plan | Q3: Sunday Plan
E4: Bags | F4: Bulk | G4: Bags | H4: Bulk | I4: Bags | J4: Bulk | K4: Bags | L4: Bulk | M4: Bags | N4: Bulk | O4: Bags | P4: Bulk | Q4: Bags | R4: Bulk | S4: Total
B5: Villa Franca | C5: 71 | D5: =[1]Summary!H69 -> 0 | F5: 0 | H5: 0 | I5: 30 | J5: 0 | K5: 41 | L5: 0 | N5: 0 | S5: =SUM(E5:R5) -> 71
B6: Richlands | C6: 45 | D6: 150 | E6: 30 | F6: 30 | G6: 15 | H6: 30 | J6: 30 | K6: =C6-E6-G6-I6 -> 0 | L6: 60 | N6: 0 | S6: =SUM(E6:R6) -> 195
B7: Lionhead | C7: 44 | D7: 150 | E7: 30 | G7: 14 | H7: 60 | J7: 30 | N7: 60 | O7: 0 | P7: 0 | Q7: 0 | R7: 0 | S7: =SUM(E7:R7) -> 194
B8: Porta | C8: 6 | D8: 210 | E8: 0 | F8: 30 | G8: 0 | H8: 30 | I8: 0 | J8: 30 | K8: 0 | L8: 30 | M8: 6 | N8: 30 | O8: 0 | P8: 30 | R8: 30 | S8: =SUM(E8:R8) -> 216
B9: Learig | C9: =[1]Summary!AH69 -> 6 | D9: 114 | F9: 0 | G9: 0 | H9: 30 | J9: 40 | L9: 30 | N9: 0 | S9: =SUM(E9:R9) -> 100
B10: Lionhead Extension | C10: 48 | D10: 0 | F10: 0 | G10: 30 | H10: 0 | I10: 18 | J10: =+[1]Summary!E33 -> 0 | L10: 0 | N10: 0 | S10: =SUM(E10:R10) -> 48
B11: Grasmere Mainsite | C11: 5 | D11: 70 | F11: 0 | H11: 20 | J11: 25 | L11: 25 | M11: 5 | N11: 0 | S11: =SUM(E11:R11) -> 75
B12: Grasmere Grower | C12: =+[1]Summary!Q33 -> 0 | D12: =+[1]Summary!R33 -> 250 | F12: 60 | H12: 60 | J12: 0 | L12: 60 | N12: 70 | S12: =SUM(E12:R12) -> 250
B13: Grasmere Weaner | C13: =+[1]Summary!Z33 -> 0 | D13: =+[1]Summary!AA33 -> 35 | F13: 0 | H13: =+[1]Summary!AB33 -> 0 | J13: 35 | L13: =C13-H13 -> 0 | N13: 0 | S13: =SUM(E13:R13) -> 35
B14: Grasmere AI | C14: 1 | D14: =+[1]Summary!AI33 -> 0 | E14: 1 | H14: =+[1]Summary!AJ33 -> 0 | J14: =+[1]Summary!AK33 -> 0 | L14: =C14-H14 -> 1 | N14: 0 | S14: =SUM(E14:R14) -> 2
B15: Multiplier | C15: 3 | D15: 70 | F15: 10 | G15: 0 | H15: 8 | I15: 3 | J15: 12 | L15: 10 | N15: 10 | P15: 10 | R15: 10 | S15: =SUM(E15:R15) -> 73
B16: Quarantine | C16: 0 | D16: 0 | F16: =SUM(C16:D16) -> 0 | H16: 0 | J16: 0 | L16: =C16-H16 -> 0 | N16: 0 | S16: =SUM(D16:R16) -> 0
B17: Selous | C17: =+[1]Summary!AP69 -> 0 | D17: =+[1]Summary!AQ69 -> 0 | F17: =SUM(C17:D17) -> 0 | H17: =+[1]Summary!AR69 -> 0 | J17: =+[1]Summary!AS69 -> 0 | L17: =C17-H17 -> 0 | N17: 0 | S17: =SUM(D17:R17) -> 0
B18: TOTAL | C18: =SUM(C5:C17) -> 229 | D18: =SUM(D5:D17) -> 1049 | E18: =SUM(E5:E17) -> 61 | F18: =SUM(F5:F17) -> 130 | G18: =SUM(G5:G17) -> 59 | H18: =SUM(H5:H17) -> 238 | I18: =SUM(I5:I17) -> 51 | J18: =SUM(J5:J17) -> 202 | ... R18: =SUM(R5:R17) -> 40
D20: Total order
D21: =C18+D18 -> 1278
A23: Trucks Distribution | I23: Priority list
B24: Sites | C24: bulk tankers | D24: bags trucks | E24: wagons | F24: Trailers | I24: Bulk
H25: Monday | I25: Tuesday | J25: Wednesday | K25: Thursday | L25: Friday | M25: Saturday | N25: Sunday
B26: Villa Franca | C26: 0 | D26: 3 | G26: 1 | H26: Porta | I26: Porta | J26: Porta | K26: Porta | L26: Porta | M26: Porta | N26: Porta
B27: Richlands | C27: 5 | D27: 2 | G27: 2 | H27: Grower | I27: Lionhead | J27: Lionhead | K27: Grower | L27: Lionshead
B28: Lionhead | C28: 5 | D28: 3 | G28: 3 | H28: Richlands | I28: Lionhead | J28: Weaner | K28: Learig | L28: Lionshead
B29: Porta | C29: 7 | D29: 1 | G29: 4 | H29: Richlands | I29: Grower | J29: Learig | K29: Richlands | L29: Grower
B30: Learig | C30: 4 | D30: 1 | G30: 5 | H30: Grower | I30: Learig | J30: Richlands | K30: Mainsite | L30: Grower
B31: Lionhead Extension | D31: 3 | G31: 6 | H31: Mainsite | I31: Grower | J31: Mainsite | K31: Richlands | L31: Grower
B32: Grasmere Mainsite | C32: 3 | D32: 0 | F32: 1
B33: Grasmere Grower | C33: 8 | D33: 0 | I33: Bags
B34: Grasmere Weaner | C34: 1 | D34: 0 | H34: Monday | I34: Tuesday | J34: Wednesday | K34: Thursday | L34: Friday
B35: Grasmere AI | C35: 0 | D35: 0 | F35: 1 | G35: 1 | H35: Lionhead | I35: Lionhead | J35: Villa | K35: Villa | L35: Porta
B36: Multiplier | C36: 0 | D36: 0 | E36: 2 | F36: 1 | G36: 2 | H36: Richlands | I36: Lionhead EX | J36: Richlands | K36: Grasmere | L36: Grasmere
B37: Quarantine | C37: 0 | D37: 0 | G37: 3 | H37: Lionhead EX | I37: Grasmere | K37: Learig
B38: Selous | C38: 0 | D38: 0
B39: TOTAL | C39: =SUM(C26:C38) -> 33 | D39: =SUM(D26:D38) -> 13 | E39: =SUM(E26:E38) -> 2 | F39: =SUM(F26:F38) -> 3

Sheet Daily Production Plan
A1: DATE: | B1: DAILY PRODUCTION PLAN WEEK NO: 34 | E1: DAY: SUNDAY and MONDAY
J2: PRIORITY LISTING
B3: DIET | C3: GRASMERE | D3: RICHLANDS | E3: LIONHEAD | F3: PORTA | G3: LEARIG | H3: MULTIPLER | I3: TOTAL TONNES | J3: Total ton prio | K3: TOTAL FREQ | L3: Total truck prio | M3: Final priority | N3: ACTUAL PROD | O3: BALANCE | P3: Prod Order # | Q3: BIN NUMBER 1ST | R3: BIN NUMBER 2ND
B4: GROWER 3 | C4: =15+9 -> 24 | D4: 9 | E4: 6 | F4: 6 | G4: 3 | H4: 6 | I4: =SUM(C4:H4) -> 54 | J4: 3 | K4: =COUNT(C4:H4) -> 6 | L4: 1 | M4: =AVERAGE(J4,L4) -> 2 | N4: 54 | O4: =I4-N4 -> 0 | Q4: 24
B5: GROWER 2 -OTC | C5: 15 | D5: 9 | E5: 12 | F5: 9 | I5: =SUM(C5:H5) -> 45 | J5: 4 | K5: =COUNT(C5:H5) -> 4 | L5: 2 | M5: =AVERAGE(J5,L5) -> 3 | N5: 45 | O5: =I5-N5 -> 0 | Q5: 23
B6: WEANER - CARA | D6: 6 | E6: 6 | G6: 3 | H6: 4 | I6: =SUM(C6:H6) -> 19 | J6: 7 | K6: =COUNT(C6:H6) -> 4 | L6: 2 | M6: =AVERAGE(J6,L6) -> 4.5 | N6: 19 | O6: =I6-N6 -> 0 | Q6: 17
B7: FINISHER | D7: 27 | E7: 15 | G7: 24 | I7: =SUM(C7:H7) -> 66 | J7: 1 | K7: =COUNT(C7:H7) -> 3 | L7: 3 | M7: =AVERAGE(J7,L7) -> 2 | N7: 66 | O7: =I7-N7 -> 0 | Q7: 21
B8: FINISHER - Promote | C8: 36 | F8: 9 | H8: 11 | I8: =SUM(C8:H8) -> 56 | J8: 2 | K8: =COUNT(C8:H8) -> 3 | L8: 3 | M8: =AVERAGE(J8,L8) -> 2.5 | N8: 56 | O8: =I8-N8 -> 0 | Q8: 22
B9: GROWER 1 | C9: 21 | E9: 12 | F9: 12 | I9: =SUM(C9:H9) -> 45 | J9: 4 | K9: =COUNT(C9:H9) -> 3 | L9: 3 | M9: =AVERAGE(J9,L9) -> 3.5 | N9: 45 | O9: =I9-N9 -> 0 | Q9: 19
B10: WEANER- OTC grower | C10: 15 | E10: 9 | F10: 6 | I10: =SUM(C10:H10) -> 30 | J10: 5 | K10: =COUNT(C10:H10) -> 3 | L10: 3 | M10: =AVERAGE(J10,L10) -> 4 | N10: 30 | O10: =I10-N10 -> 0 | Q10: 16
B11: CREEP 3 | D11: 6 | F11: 3 | H11: 4 | I11: =SUM(C11:H11) -> 13 | J11: 8 | K11: =COUNT(C11:H11) -> 3 | L11: 3 | M11: =AVERAGE(J11,L11) -> 5.5 | N11: 13 | O11: =I11-N11 -> 0 | Q11: 18
B12: DRY SOW | C12: =14+7 -> 21 | F12: 3 | I12: =SUM(C12:H12) -> 24 | J12: 6 | K12: =COUNT(C12:H12) -> 2 | L12: 4 | M12: =AVERAGE(J12,L12) -> 5 | N12: 24 | O12: =I12-N12 -> 0 | Q12: 15
B13: LACTATING GILT | C13: 2 | D13: 3 | I13: =SUM(C13:H13) -> 5 | J13: 11 | K13: =COUNT(C13:H13) -> 2 | L13: 4 | M13: =AVERAGE(J13,L13) -> 7.5 | N13: 5 | O13: =I13-N13 -> 0 | R13: 18
B14: SUPER FLUSH | C14: 2 | F14: 3 | I14: =SUM(C14:H14) -> 5 | J14: 11 | K14: =COUNT(C14:H14) -> 2 | L14: 4 | M14: =AVERAGE(J14,L14) -> 7.5 | N14: 5 | O14: =I14-N14 -> 0 | R14: 18
B15: DRY GILT | F15: 3 | H15: 1 | I15: =SUM(C15:H15) -> 4 | J15: 12 | K15: =COUNT(C15:H15) -> 2 | L15: 4 | M15: =AVERAGE(J15,L15) -> 8 | N15: 4 | O15: =I15-N15 -> 0 | Q15: 20
B16: LACTATE SOW | C16: 12 | I16: =SUM(C16:H16) -> 12 | J16: 9 | K16: =COUNT(C16:H16) -> 1 | L16: 5 | M16: =AVERAGE(J16,L16) -> 7 | N16: 12 | O16: =I16-N16 -> 0 | R16: 20
B17: 90 PLUS | C17: 8 | I17: =SUM(C17:H17) -> 8 | J17: 10 | K17: =COUNT(C17:H17) -> 1 | L17: 5 | M17: =AVERAGE(J17,L17) -> 7.5 | N17: 8 | O17: =I17-N17 -> 0 | R17: 18
B18: TRANSITION | F18: 3 | I18: =SUM(C18:H18) -> 3 | J18: 13 | K18: =COUNT(C18:H18) -> 1 | L18: 5 | M18: =AVERAGE(J18,L18) -> 9 | N18: 3 | O18: =I18-N18 -> 0 | R18: 20
B19: GILT 4.1 | I19: =SUM(C19:H19) -> 0 | K19: =COUNT(C19:H19) -> 0 | M19: =AVERAGE(J19,L19) -> #DIV/0! | O19: =I19-N19 -> 0
B20: LACTATE SOW Z LINE | I20: =SUM(C20:H20) -> 0 | K20: =COUNT(C20:H20) -> 0 | M20: =AVERAGE(J20,L20) -> #DIV/0! | O20: =I20-N20 -> 0
B21: GILT 1-NO OTC | I21: =SUM(C21:H21) -> 0 | K21: =COUNT(C21:H21) -> 0 | M21: =AVERAGE(J21,L21) -> #DIV/0! | O21: =I21-N21 -> 0
B22: LACTATION TRIAL | I22: =SUM(C22:H22) -> 0 | K22: =COUNT(C22:H22) -> 0 | M22: =AVERAGE(J22,L22) -> #DIV/0! | O22: =I22-N22 -> 0
B23: CREEP 2 -(ZnO) | I23: =SUM(C23:H23) -> 0 | K23: =COUNT(C23:H23) -> 0 | M23: =AVERAGE(J23,L23) -> #DIV/0! | O23: =I23-N23 -> 0
B24: GROWER 2 -CTC | I24: =SUM(C24:H24) -> 0 | K24: =COUNT(C24:H24) -> 0 | M24: =AVERAGE(J24,L24) -> #DIV/0! | O24: =I24-N24 -> 0
B25: WEANER- CTC grower | I25: =SUM(C25:H25) -> 0 | K25: =COUNT(C25:H25) -> 0 | M25: =AVERAGE(J25,L25) -> #DIV/0! | O25: =I25-N25 -> 0
B26: CREEP 3 BACTOFOS | I26: =SUM(C26:H26) -> 0 | K26: =COUNT(C26:H26) -> 0 | M26: =AVERAGE(J26,L26) -> #DIV/0! | O26: =I26-N26 -> 0
B27: GILT 2 | I27: =SUM(C27:H27) -> 0 | K27: =COUNT(C27:H27) -> 0 | M27: =AVERAGE(J27,L27) -> #DIV/0! | O27: =I27-N27 -> 0
B28: GILT 3 | I28: =SUM(C28:H28) -> 0 | K28: =COUNT(C28:H28) -> 0 | M28: =AVERAGE(J28,L28) -> #DIV/0! | O28: =I28-N28 -> 0
B29: GILT 5 | I29: =SUM(C29:H29) -> 0 | K29: =COUNT(C29:H29) -> 0 | M29: =AVERAGE(J29,L29) -> #DIV/0! | O29: =I29-N29 -> 0
B30: 90 PLUS | I30: =SUM(C30:H30) -> 0 | K30: =COUNT(C30:H30) -> 0 | M30: =AVERAGE(J30,L30) -> #DIV/0! | O30: =I30-N30 -> 0
... B32: WEANER - CARA CTC | I32: =SUM(C32:H32) -> 0 | K32: =COUNT(C32:H32) -> 0 | M32: =AVERAGE(J32,L32) -> #DIV/0! | O32: =I32-N32 -> 0
I33: =SUM(C33:H33) -> 0 | M33: =AVERAGE(J33,L33) -> #DIV/0! | O33: =I33-N33 -> 0
B34: TOTAL TONNES | C34: =SUM(C4:C33) -> 156 | D34: =SUM(D4:D33) -> 60 | E34: =SUM(E4:E33) -> 60 | F34: =SUM(F4:F33) -> 57 | G34: =SUM(G4:G33) -> 30 | H34: =SUM(H4:H33) -> 26 | I34: =SUM(I4:I33) -> 389 | O34: =SUM(O4:O33) -> 0
H36: TUE AND WED
B37: DIET | C37: GRASMERE | D37: RICHLANDS | E37: LIONHEAD | F37: PORTA | G37: LEARIG | H37: MULTIPLER | I37: TOTAL TONNES | J37: =J3 -> Total ton prio | K37: =K3 -> TOTAL FREQ | L37: =L3 -> Total truck prio | M37: Final priority | N37: ACTUAL PROD | O37: BALANCE | P37: Prod Order # | Q37: BIN NUMBER 1ST | R37: BIN NUMBER 2ND
B38: GROWER 3 | C38: 9 | D38: 3 | E38: 9 | F38: 18 | G38: 21 | I38: =SUM(C38:H38) -> 60 | J38: 1 | K38: =COUNT(C38:H38) -> 5 | L38: 2 | M38: =AVERAGE(J38,L38) -> 1.5 | N38: 60 | O38: =I38-N38 -> 0 | Q38: 24
B39: GROWER 2 -OTC | C39: 9 | D39: 12 | E39: 6 | F39: 6 | G39: 9 | H39: 7 | I39: =SUM(C39:H39) -> 49 | J39: 3 | K39: =COUNT(C39:H39) -> 6 | L39: 1 | M39: =AVERAGE(J39,L39) -> 2 | N39: 49 | O39: =I39-N39 -> 0 | Q39: 23
B40: GROWER 1 | C40: 9 | D40: 9 | E40: 6 | F40: 6 | G40: 12 | H40: 4 | I40: =SUM(C40:H40) -> 46 | J40: 4 | K40: =COUNT(C40:H40) -> 6 | L40: 1 | M40: =AVERAGE(J40,L40) -> 2.5 | N40: 46 | O40: =I40-N40 -> 0 | Q40: 20
B41: FINISHER | D41: 30 | E41: 15 | G41: 6 | I41: =SUM(C41:H41) -> 51 | J41: 2 | K41: =COUNT(C41:H41) -> 3 | L41: 4 | M41: =AVERAGE(J41,L41) -> 3 | N41: 51 | O41: =I41-N41 -> 0 | Q41: 21
B42: WEANER- OTC grower | C42: 3 | D42: 9 | E42: 6 | F42: 3 | G42: 6 | H42: 4 | I42: =SUM(C42:H42) -> 31 | J42: 6 | K42: =COUNT(C42:H42) -> 6 | L42: 1 | M42: =AVERAGE(J42,L42) -> 3.5 | N42: 31 | O42: =I42-N42 -> 0 | Q42: 19
B43: WEANER - CARA | C43: 15 | D43: 6 | E43: 3 | F43: 3 | H43: 1 | I43: =SUM(C43:H43) -> 28 | J43: 7 | K43: =COUNT(C43:H43) -> 5 | L43: 2 | M43: =AVERAGE(J43,L43) -> 4.5 | N43: 28 | O43: =I43-N43 -> 0 | Q43: 17
B44: CREEP 3 | C44: 13 | D44: 6 | E44: 6 | G44: 6 | I44: =SUM(C44:H44) -> 31 | J44: 6 | K44: =COUNT(C44:H44) -> 4 | L44: 3 | M44: =AVERAGE(J44,L44) -> 4.5 | N44: 31 | O44: =I44-N44 -> 0 | Q44: 16
B45: FINISHER - Promote | C45: 24 | F45: 15 | H45: 6 | I45: =SUM(C45:H45) -> 45 | J45: 5 | K45: =COUNT(C45:H45) -> 3 | L45: 4 | M45: =AVERAGE(J45,L45) -> 4.5 | N45: 45 | O45: =I45-N45 -> 0 | Q45: 22
B46: DRY SOW | D46: 6 | E46: 9 | F46: 3 | I46: =SUM(C46:H46) -> 18 | J46: 8 | K46: =COUNT(C46:H46) -> 3 | L46: 4 | M46: =AVERAGE(J46,L46) -> 6 | N46: 18 | O46: =I46-N46 -> 0 | Q46: 18
B47: LACTATING GILT | C47: 1 | D47: 9 | F47: 3 | I47: =SUM(C47:H47) -> 13 | J47: 9 | K47: =COUNT(C47:H47) -> 3 | L47: 4 | M47: =AVERAGE(J47,L47) -> 6.5 | N47: 13 | O47: =I47-N47 -> 0 | Q47: 15
B48: CREEP 2 -(ZnO) | C48: 5 | F48: 3 | H48: 1 | I48: =SUM(C48:H48) -> 9 | J48: 10 | K48: =COUNT(C48:H48) -> 3 | L48: 4 | M48: =AVERAGE(J48,L48) -> 7 | N48: 9 | O48: =I48-N48 -> 0 | R48: 15
B49: DRY GILT | H49: 4 | I49: =SUM(C49:H49) -> 4 | J49: 11 | K49: =COUNT(C49:H49) -> 1 | L49: 5 | M49: =AVERAGE(J49,L49) -> 8 | N49: 4 | O49: =I49-N49 -> 0 | R49: 15
B50: SUPER FLUSH | H50: 2 | I50: =SUM(C50:H50) -> 2 | J50: 12 | K50: =COUNT(C50:H50) -> 1 | L50: 5 | M50: =AVERAGE(J50,L50) -> 8.5 | N50: 2 | O50: =I50-N50 -> 0 | R50: 18
B51: 90 PLUS | I51: =SUM(C51:H51) -> 0 | K51: =COUNT(C51:H51) -> 0 | M51: =AVERAGE(J51,L51) -> #DIV/0! | O51: =I51-N51 -> 0
B52: LACTATE SOW Z LINE | I52: =SUM(C52:H52) -> 0 | K52: =COUNT(C52:H52) -> 0 | M52: =AVERAGE(J52,L52) -> #DIV/0! | O52: =I52-N52 -> 0
B53: LACTATE SOW | I53: =SUM(C53:H53) -> 0 | K53: =COUNT(C53:H53) -> 0 | M53: =AVERAGE(J53,L53) -> #DIV/0! | O53: =I53-N53 -> 0
B54: GILT 4.1 | I54: =SUM(C54:H54) -> 0 | K54: =COUNT(C54:H54) -> 0 | M54: =AVERAGE(J54,L54) -> #DIV/0! | O54: =I54-N54 -> 0
B55: LACTATION TRIAL | I55: =SUM(C55:H55) -> 0 | K55: =COUNT(C55:H55) -> 0 | M55: =AVERAGE(J55,L55) -> #DIV/0! | O55: =I55-N55 -> 0
B56: TRANSITION | I56: =SUM(C56:H56) -> 0 | K56: =COUNT(C56:H56) -> 0 | M56: =AVERAGE(J56,L56) -> #DIV/0! | O56: =I56-N56 -> 0
B57: GROWER 2 -CTC | I57: =SUM(C57:H57) -> 0 | K57: =COUNT(C57:H57) -> 0 | M57: =AVERAGE(J57,L57) -> #DIV/0! | O57: =I57-N57 -> 0
B58: WEANER- CTC grower | I58: =SUM(C58:H58) -> 0 | K58: =COUNT(C58:H58) -> 0 | M58: =AVERAGE(J58,L58) -> #DIV/0! | O58: =I58-N58 -> 0
B59: CREEP 3 BACTOFOS | I59: =SUM(C59:H59) -> 0 | K59: =COUNT(C59:H59) -> 0 | M59: =AVERAGE(J59,L59) -> #DIV/0! | O59: =I59-N59 -> 0
B60: GILT 2 | I60: =SUM(C60:H60) -> 0 | K60: =COUNT(C60:H60) -> 0 | M60: =AVERAGE(J60,L60) -> #DIV/0! | O60: =I60-N60 -> 0
B61: GILT 1-OTC | I61: =SUM(C61:H61) -> 0 | K61: =COUNT(C61:H61) -> 0 | M61: =AVERAGE(J61,L61) -> #DIV/0! | O61: =I61-N61 -> 0
B62: GILT 3 | I62: =SUM(C62:H62) -> 0 | K62: =COUNT(C62:H62) -> 0 | M62: =AVERAGE(J62,L62) -> #DIV/0! | O62: =I62-N62 -> 0
... B66: WEANER - CARA CTC | I66: =SUM(C66:H66) -> 0 | K66: =COUNT(C66:H66) -> 0 | M66: =AVERAGE(J66,L66) -> #DIV/0! | O66: =I66-N66 -> 0
B67: TOTAL TONNES | C67: =SUM(C38:C66) -> 88 | D67: =SUM(D38:D66) -> 90 | E67: =SUM(E38:E66) -> 60 | F67: =SUM(F38:F66) -> 60 | G67: =SUM(G38:G66) -> 60 | H67: =SUM(H38:H66) -> 29 | I67: =SUM(I38:I66) -> 387 | O67: =SUM(O38:O66) -> 0
H69: FRIDAY AND SATURDAY
B70: DIET | C70: GRASMERE | D70: RICHLANDS | E70: LIONHEAD | F70: PORTA | G70: LEARIG | H70: MULTIPLER | I70: TOTAL TONNES | J70: Total ton prio | K70: TOTAL FREQ | L70: Total truck prio | M70: Final priority | N70: ACTUAL PROD | O70: BALANCE | P70: Prod Order # | Q70: BIN NUMBER 1ST | R70: BIN NUMBER 2ND
B71: FINISHER - Promote | C71: 17 | F71: 18 | H71: 9 | I71: =SUM(C71:H71) -> 44 | J71: 1 | K71: =COUNT(C71:H71) -> 3 | L71: 1 | M71: =AVERAGE(J71,L71) -> 1 | O71: =I71-N71 -> 44 | Q71: 22
B72: WEANER- OTC grower | C72: 14 | F72: 15 | H72: 4 | I72: =SUM(C72:H72) -> 33 | J72: 2 | K72: =COUNT(C72:H72) -> 3 | L72: 1 | M72: =AVERAGE(J72,L72) -> 1.5 | O72: =I72-N72 -> 33 | Q72: 19
B73: GROWER 3 | C73: 12 | F73: 6 | H73: 6 | I73: =SUM(C73:H73) -> 24 | J73: 3 | K73: =COUNT(C73:H73) -> 3 | L73: 1 | M73: =AVERAGE(J73,L73) -> 2 | O73: =I73-N73 -> 24 | Q73: 24
B74: GROWER 2 -OTC | C74: 9 | F74: 12 | H74: 2 | I74: =SUM(C74:H74) -> 23 | J74: 4 | K74: =COUNT(C74:H74) -> 3 | L74: 1 | M74: =AVERAGE(J74,L74) -> 2.5 | O74: =I74-N74 -> 23 | Q74: 23
B75: GROWER 1 | C75: 7 | F75: 9 | I75: =SUM(C75:H75) -> 16 | J75: 4 | K75: =COUNT(C75:H75) -> 2 | L75: 2 | M75: =AVERAGE(J75,L75) -> 3 | O75: =I75-N75 -> 16 | Q75: 20
B76: SUPER FLUSH | C76: 2 | F76: 3 | I76: =SUM(C76:H76) -> 5 | J76: 6 | K76: =COUNT(C76:H76) -> 2 | L76: 1 | M76: =AVERAGE(J76,L76) -> 3.5 | O76: =I76-N76 -> 5 | Q76: 15
B77: WEANER - CARA | F77: 6 | I77: =SUM(C77:H77) -> 6 | J77: 5 | K77: =COUNT(C77:H77) -> 1 | L77: 3 | M77: =AVERAGE(J77,L77) -> 4 | O77: =I77-N77 -> 6 | Q77: 17
B78: LACTATING GILT | F78: 6 | I78: =SUM(C78:H78) -> 6 | J78: 5 | K78: =COUNT(C78:H78) -> 1 | L78: 3 | M78: =AVERAGE(J78,L78) -> 4 | O78: =I78-N78 -> 6 | Q78: 16
B79: DRY SOW | F79: 6 | I79: =SUM(C79:H79) -> 6 | J79: 5 | K79: =COUNT(C79:H79) -> 1 | L79: 3 | M79: =AVERAGE(J79,L79) -> 4 | O79: =I79-N79 -> 6 | Q79: 18
B80: CREEP 3 | F80: 6 | I80: =SUM(C80:H80) -> 6 | J80: 5 | K80: =COUNT(C80:H80) -> 1 | L80: 3 | M80: =AVERAGE(J80,L80) -> 4 | O80: =I80-N80 -> 6 | R80: 15
B81: TRANSITION | C81: 4 | I81: =SUM(C81:H81) -> 4 | J81: 7 | K81: =COUNT(C81:H81) -> 1 | L81: 3 | M81: =AVERAGE(J81,L81) -> 5 | O81: =I81-N81 -> 4 | R81: 17
B82: DRY GILT | F82: 3 | I82: =SUM(C82:H82) -> 3 | J82: 8 | K82: =COUNT(C82:H82) -> 1 | L82: 3 | M82: =AVERAGE(J82,L82) -> 5.5 | O82: =I82-N82 -> 3 | R82: 18
B83: LACTATE SOW | I83: =SUM(C83:H83) -> 0 | K83: =COUNT(C83:H83) -> 0 | M83: =AVERAGE(J83,L83) -> #DIV/0! | O83: =I83-N83 -> 0
B84: LACTATION TRIAL | I84: =SUM(C84:H84) -> 0 | K84: =COUNT(C84:H84) -> 0 | M84: =AVERAGE(J84,L84) -> #DIV/0! | O84: =I84-N84 -> 0
B85: LACTATE SOW Z LINE | I85: =SUM(C85:H85) -> 0 | K85: =COUNT(C85:H85) -> 0 | M85: =AVERAGE(J85,L85) -> #DIV/0! | O85: =I85-N85 -> 0
B86: FINISHER | I86: =SUM(C86:H86) -> 0 | K86: =COUNT(C86:H86) -> 0 | M86: =AVERAGE(J86,L86) -> #DIV/0! | O86: =I86-N86 -> 0
B87: GILT 1- NO OTC | I87: =SUM(C87:H87) -> 0 | K87: =COUNT(C87:H87) -> 0 | M87: =AVERAGE(J87,L87) -> #DIV/0! | O87: =I87-N87 -> 0
B88: CREEP 2 -(ZnO) | I88: =SUM(C88:H88) -> 0 | K88: =COUNT(C88:H88) -> 0 | M88: =AVERAGE(J88,L88) -> #DIV/0! | O88: =I88-N88 -> 0
B89: GILT 4.1 | I89: =SUM(C89:H89) -> 0 | K89: =COUNT(C89:H89) -> 0 | M89: =AVERAGE(J89,L89) -> #DIV/0! | O89: =I89-N89 -> 0
B90: 90 PLUS | I90: =SUM(C90:H90) -> 0 | K90: =COUNT(C90:H90) -> 0 | M90: =AVERAGE(J90,L90) -> #DIV/0! | O90: =I90-N90 -> 0
B91: WEANER- CTC grower | I91: =SUM(C91:H91) -> 0 | K91: =COUNT(C91:H91) -> 0 | M91: =AVERAGE(J91,L91) -> #DIV/0! | O91: =I91-N91 -> 0
B92: CREEP 3 BACTOFOS | I92: =SUM(C92:H92) -> 0 | K92: =COUNT(C92:H92) -> 0 | M92: =AVERAGE(J92,L92) -> #DIV/0! | O92: =I92-N92 -> 0
B93: GILT 2 | I93: =SUM(C93:H93) -> 0 | K93: =COUNT(C93:H93) -> 0 | M93: =AVERAGE(J93,L93) -> #DIV/0! | O93: =I93-N93 -> 0
B94: GILT 1-OTC | I94: =SUM(C94:H94) -> 0 | K94: =COUNT(C94:H94) -> 0 | M94: =AVERAGE(J94,L94) -> #DIV/0! | O94: =I94-N94 -> 0
... B99: WEANER - CARA CTC | I99: =SUM(C99:H99) -> 0 | K99: =COUNT(C99:H99) -> 0 | M99: =AVERAGE(J99,L99) -> #DIV/0! | O99: =I99-N99 -> 0
I100: =SUM(C100:H100) -> 0 | K100: =COUNT(C100:H100) -> 0 | O100: =I100-N100 -> 0
B101: TOTAL TONNES | C101: =SUM(C71:C100) -> 65 | D101: =SUM(D71:D100) -> 0 | E101: =SUM(E71:E100) -> 0 | F101: =SUM(F71:F100) -> 90 | G101: =SUM(G71:G100) -> 0 | H101: =SUM(H71:H100) -> 21 | I101: =SUM(I71:I100) -> 176 | O101: =SUM(O71:O100) -> 176

Sheet Feed Order Summary 
B2: Overal order | D2: Grower | F2: Grower | H2: Grower
B4: Farm | C4: Sunday | D4: Monday | E4: Tuesday | F4: Wednesday | G4: Thursday | H4: Friday | I4: Saturday | J4: Sunday
B5: Porta | C5: 0 | D5: ='Porta Wk 34 '!B18 -> 30000 | E5: ='Porta Wk 34 '!C18 -> 27000 | F5: ='Porta Wk 34 '!D18 -> 30000 | G5: ='Porta Wk 34 '!E18 -> 30000 | H5: ='Porta Wk 34 '!F18 -> 30000 | I5: ='Porta Wk 34 '!G18 -> 30000 | J5: ='Porta Wk 34 '!H18 -> 30000 | K5: =SUM(C5:J5) -> 207000
B6: Lionshead | C6: 0 | D6: ='Lionshead Wk 34'!D18 -> 60000 | E6: ='Lionshead Wk 34'!E18 -> 0 | F6: ='Lionshead Wk 34'!F18 -> 60000 | G6: ='Lionshead Wk 34'!G18 -> 0 | H6: ='Lionshead Wk 34'!H18 -> 0 | I6: 0 | J6: 0 | K6: =SUM(C6:J6) -> 120000
B7: Grasmere | C7: ='Grasmere Wk 34'!B18 -> 85000 | D7: ='Grasmere Wk 34'!C18 -> 71000 | E7: ='Grasmere Wk 34'!D18 -> 35000 | F7: ='Grasmere Wk 34'!E18 -> 55000 | G7: ='Grasmere Wk 34'!F18 -> 61000 | H7: ='Grasmere Wk 34'!G18 -> 4000 | I7: ='Grasmere Wk 34'!H18 -> 0 | J7: ='Grasmere Wk 34'!I18 -> 0 | K7: =SUM(C7:J7) -> 311000
B8: Multiplier | C8: ='Multiplier Wk 34'!B18 -> 13000 | D8: ='Multiplier Wk 34'!C18 -> 13000 | E8: ='Multiplier Wk 34'!D18 -> 16000 | F8: ='Multiplier Wk 34'!E18 -> 13000 | G8: ='Multiplier Wk 34'!F18 -> 10000 | H8: ='Multiplier Wk 34'!G18 -> 0 | I8: ='Multiplier Wk 34'!H18 -> 11000 | J8: ='Multiplier Wk 34'!I18 -> 0 | K8: =SUM(C8:J8) -> 76000
B9: Learig | C9: ='Learig Wk 34'!B18 -> 0 | D9: ='Learig Wk 34'!C18 -> 30000 | E9: ='Learig Wk 34'!D18 -> 30000 | F9: ='Learig Wk 34'!E18 -> 30000 | G9: ='Learig Wk 34'!F18 -> 0 | H9: ='Learig Wk 34'!G18 -> 0 | I9: ='Learig Wk 34'!H18 -> 0 | J9: ='Learig Wk 34'!I18 -> 0 | K9: =SUM(C9:J9) -> 90000
B10: Richlands | C10: ='Richlands Wk 34'!B18 -> 30000 | D10: ='Richlands Wk 34'!C18 -> 30000 | E10: ='Richlands Wk 34'!D18 -> 60000 | F10: ='Richlands Wk 34'!E18 -> 30000 | G10: ='Richlands Wk 34'!F18 -> 0 | H10: ='Richlands Wk 34'!G18 -> 0 | I10: ='Richlands Wk 34'!H18 -> 0 | J10: ='Richlands Wk 34'!I18 -> 0 | K10: =SUM(C10:J10) -> 150000
B11: Totals | C11: =SUM(C5:C10) -> 128000 | D11: =SUM(D5:D10) -> 234000 | E11: =SUM(E5:E10) -> 168000 | F11: =SUM(F5:F10) -> 218000 | G11: =SUM(G5:G10) -> 101000 | H11: =SUM(H5:H10) -> 34000 | I11: =SUM(I5:I10) -> 41000 | J11: =SUM(J5:J10) -> 30000 | K11: =SUM(C11:J11) -> 954000
B12: Daily Limit | C12: 180000 | D12: 180000 | E12: 180000 | F12: 180000 | G12: 180000 | I12: 40000 | J12: 40000 | K12: =SUM(C12:J12) -> 980000
B14: Farm Daily Limit Guide
B15: Farm | C15: Sunday | D15: Monday | E15: Tuesday | F15: Wednesday | G15: Thursday | H15: Friday | I15: Saturday | J15: Sunday
B16: Porta | C16: ='Porta Wk 34 '!B19 -> 30000 | D16: ='Porta Wk 34 '!C19 -> 30000 | E16: ='Porta Wk 34 '!D19 -> 30000 | F16: ='Porta Wk 34 '!E19 -> 30000 | G16: ='Porta Wk 34 '!F19 -> 30000 | H16: ='Porta Wk 34 '!G19 -> 30000 | I16: ='Porta Wk 34 '!H19 -> 30000 | J16: ='Porta Wk 34 '!I19 -> 210000 | K16: =SUM(C16:J16) -> 420000
B17: Lionshead | C17: ='Lionshead Wk 34'!B19 -> 0 | D17: ='Lionshead Wk 34'!C19 -> 60000 | E17: ='Lionshead Wk 34'!D19 -> 0 | F17: ='Lionshead Wk 34'!E19 -> 0 | G17: ='Lionshead Wk 34'!F19 -> 60000 | H17: ='Lionshead Wk 34'!G19 -> 0 | I17: ='Lionshead Wk 34'!H19 -> 0 | J17: ='Lionshead Wk 34'!I19 -> 0 | K17: =SUM(C17:J17) -> 120000
B18: Grasmere | C18: ='Grasmere Wk 34'!B19 -> 60000 | D18: ='Grasmere Wk 34'!C19 -> 90000 | E18: ='Grasmere Wk 34'!D19 -> 70000 | F18: ='Grasmere Wk 34'!E19 -> 80000 | G18: ='Grasmere Wk 34'!F19 -> 70000 | H18: ='Grasmere Wk 34'!G19 -> 0 | I18: ='Grasmere Wk 34'!H19 -> 0 | J18: ='Grasmere Wk 34'!I19 -> 0 | K18: =SUM(C18:J18) -> 370000
B19: Multiplier | C19: ='Multiplier Wk 34'!B19 -> 10000 | D19: ='Multiplier Wk 34'!C19 -> 10000 | E19: ='Multiplier Wk 34'!D19 -> 10000 | F19: ='Multiplier Wk 34'!E19 -> 10000 | G19: ='Multiplier Wk 34'!F19 -> 10000 | H19: ='Multiplier Wk 34'!G19 -> 0 | I19: ='Multiplier Wk 34'!H19 -> 10000 | J19: ='Multiplier Wk 34'!I19 -> 10000 | K19: =SUM(C19:J19) -> 70000
B20: Learig | C20: ='Learig Wk 34'!B19 -> 0 | D20: ='Learig Wk 34'!C19 -> 30000 | E20: ='Learig Wk 34'!D19 -> 40000 | F20: ='Learig Wk 34'!E19 -> 30000 | G20: ='Learig Wk 34'!F19 -> 0 | H20: ='Learig Wk 34'!G19 -> 0 | I20: ='Learig Wk 34'!H19 -> 0 | J20: ='Learig Wk 34'!I19 -> 0 | K20: =SUM(C20:J20) -> 100000
B21: Richlands | C21: ='Richlands Wk 34'!B19 -> 30000 | D21: ='Richlands Wk 34'!C19 -> 30000 | E21: ='Richlands Wk 34'!D19 -> 60000 | F21: ='Richlands Wk 34'!E19 -> 30000 | G21: ='Richlands Wk 34'!F19 -> 0 | H21: ='Richlands Wk 34'!G19 -> 0 | I21: ='Richlands Wk 34'!H19 -> 0 | J21: ='Richlands Wk 34'!I19 -> 0 | K21: =SUM(C21:J21) -> 150000
B22: Totals | C22: =SUM(C16:C21) -> 130000 | D22: =SUM(D16:D21) -> 250000 | E22: =SUM(E16:E21) -> 210000 | F22: =SUM(F16:F21) -> 180000 | G22: =SUM(G16:G21) -> 170000 | I22: =SUM(I16:I21) -> 40000 | J22: =SUM(J16:J21) -> 220000 | K22: =SUM(C22:J22) -> 1200000
B23: Daily Limit | C23: 180000 | D23: 180000 | E23: 180000 | F23: 180000 | G23: 180000 | I23: 40000 | J23: 40000 | K23: =SUM(C23:J23) -> 980000

Sheet Porta Wk 34 
A1: WEANER BULK FEED ORDER REQUIRED | K1: MAINSITE BULK FEED ORDER REQUIRED
A2: DIET | B2: Mon | C2: Tue | D2: Wed | E2: Thu | F2: Fri | G2: Sat | H2: Sun | K2: DIET | L2: Mon | M2: Tue | N2: Wed | O2: Thu | P2: Fri | Q2: Sat | R2: Sun
A3: Creep 1 | B3: =SUM(T85:T90) -> 0 | C3: =SUM(Z85:Z90) -> 0 | D3: =SUM(AF85:AF90) -> 0 | E3: =SUM(AL85:AL90) -> 0 | F3: =SUM(AR85:AR90) -> 0 | G3: =SUM(BD85:BD90) -> 0 | H3: 0 | K3: Dry Sow | L3: =SUM(T28:T41) -> 3000 | M3: =SUM(Z28:Z41) -> 0 | N3: =SUM(AF28:AF41) -> 0 | O3: =SUM(AL28:AL41) -> 3000 | P3: =SUM(AR28:AR41) -> 6000 | Q3: =SUM(AX28:AX41) -> 0 | R3: =SUM(BD28:BD41) -> 0
A4: Creep 2 | B4: =SUM(U85:U90) -> 0 | C4: =SUM(AA85:AA90) -> 0 | D4: =SUM(AG85:AG90) -> 3000 | E4: =SUM(AM85:AM90) -> 0 | F4: =SUM(AS85:AS90) -> 0 | G4: 0 | H4: =BE85+BE86+BE87+BE88+BE89+BE90 -> 0 | K4: Supa flush | L4: =V34 -> 0 | M4: =AB34 -> 3000 | N4: =AH34 -> 0 | O4: =AN34 -> 0 | P4: =AT34 -> 0 | Q4: =AZ34 -> 0 | R4: =BF34 -> 3000
A5: CREEP 3 | B5: =SUM(V85:V90) -> 0 | C5: =SUM(AB85:AB90) -> 3000 | D5: =SUM(AH85:AH90) -> 0 | E5: =SUM(AN85:AN90) -> 0 | F5: =SUM(AT85:AT90) -> 3000 | G5: =SUM(AZ85:AZ90) -> 3000 | H5: =BF85+BF86+BF87+BF88+BF89+BF90 -> 0 | K5: Dry gilt | L5: =SUM(U28:U41) -> 0 | M5: =SUM(AA28:AA41) -> 3000 | N5: =SUM(AG28:AG41) -> 0 | O5: =SUM(AM28:AM41) -> 0 | P5: =SUM(AS28:AS41) -> 0 | Q5: =SUM(AY28:AY41) -> 3000 | R5: =SUM(BE28:BE41) -> 0
A6: WEAN 1 | B6: =SUM(W85:W90) -> 0 | C6: =SUM(AC85:AC90) -> 0 | D6: =SUM(AI85:AI90) -> 3000 | E6: =SUM(AO85:AO90) -> 0 | F6: =SUM(AU85:AU90) -> 0 | G6: =SUM(BA85:BA90) -> 3000 | H6: =SUM(BG85:BG90) -> 3000 | K6: Lact Sow | L6: =SUM(T47:T62) -> 0 | M6: =SUM(Z47:Z62) -> 0 | N6: =SUM(AF47:AF62) -> 0 | O6: =SUM(AL47:AL62) -> 0 | P6: =SUM(AR47:AR62) -> 0 | Q6: =SUM(AX47:AX62) -> 0 | R6: =SUM(BD47:BD62) -> 0
A7: TOTAL | B7: =SUM(B3:B6) -> 0 | C7: =SUM(C3:C6) -> 3000 | D7: =SUM(D3:D6) -> 6000 | E7: =SUM(E3:E6) -> 0 | F7: =SUM(F3:F6) -> 3000 | G7: =SUM(G3:G6) -> 6000 | H7: =SUM(H3:H6) -> 3000 | K7: Transition | L7: =SUM(V47:V62) -> 3000 | M7: =SUM(AB47:AB62) -> 0 | N7: =SUM(AH47:AH62) -> 0 | O7: =SUM(AN47:AN62) -> 0 | P7: =SUM(AT47:AT62) -> 0 | Q7: =SUM(AZ47:AZ62) -> 0 | R7: =SUM(BF47:BF62) -> 0
K8: Lact gilt | L8: =SUM(U47:U62) -> 0 | M8: =SUM(AA47:AA62) -> 0 | N8: =SUM(AG47:AG62) -> 0 | O8: =SUM(AM47:AM62) -> 3000 | P8: =SUM(AS47:AS62) -> 3000 | Q8: =SUM(AY47:AY62) -> 0 | R8: =SUM(BE47:BE62) -> 3000
A9: GROWER BULK FEED ORDER REQUIRED | K9: 90 plus | L9: =SUM(W28:W41) -> 0 | M9: =SUM(AC28:AC41) -> 0 | O9: =SUM(AO28:AO41) -> 0 | P9: =SUM(AU28:AU41) -> 0 | Q9: =SUM(BA28:BA41) -> 0 | R9: =SUM(BG28:BG41) -> 0
A10: DIET | B10: Mon | C10: Tue | D10: Wed | E10: Thu | F10: Fri | G10: Sat | H10: Sun
A11: W1 | B11: =SUM(T94:T136) -> 3000 | C11: =SUM(Z94:Z136) -> 3000 | D11: =SUM(AF94:AF136) -> 3000 | E11: =SUM(AL94:AL136) -> 0 | F11: =SUM(AR94:AR136) -> 3000 | G11: =SUM(AX94:AX136) -> 6000 | H11: =SUM(BD94:BD136) -> 6000
A12: GR 1 | B12: =SUM(U94:U136) -> 6000 | C12: =SUM(AA94:AA136) -> 6000 | D12: =SUM(AG94:AG136) -> 0 | E12: =SUM(AM94:AM136) -> 6000 | F12: =SUM(AS94:AS136) -> 3000 | G12: =SUM(AY94:AY136) -> 3000 | H12: =SUM(BE94:BE136) -> 3000 | K12: TOTAL | L12: =SUM(L3:L8) -> 6000 | M12: =SUM(M3:M11) -> 6000 | N12: =SUM(N3:N11) -> 0 | O12: =SUM(O3:O11) -> 6000 | P12: =SUM(P3:P11) -> 9000 | Q12: =SUM(Q3:Q11) -> 3000 | R12: =SUM(R3:R11) -> 6000
A13: GR 2 | B13: =SUM(V94:V136) -> 3000 | C13: =SUM(AB94:AB136) -> 6000 | D13: =SUM(AH94:AH136) -> 3000 | E13: =SUM(AN94:AN136) -> 3000 | F13: =SUM(AT94:AT136) -> 6000 | G13: =SUM(AZ106:AZ111) -> 0 | H13: =SUM(BF94:BF136) -> 6000
A14: GR 3 | B14: =SUM(W94:W136) -> 6000 | C14: =SUM(AC94:AC136) -> 0 | D14: =SUM(AI94:AI136) -> 9000 | E14: =SUM(AO94:AO136) -> 9000 | F14: =SUM(AU94:AU136) -> 0 | G14: =SUM(BA112:BA121) -> 6000 | H14: =SUM(BG94:BG136) -> 0 | K14: GILT RATIONS
A15: Fin | B15: =SUM(X94:X136) -> 6000 | C15: =SUM(AD94:AD136) -> 3000 | D15: =SUM(AJ94:AJ136) -> 9000 | E15: =SUM(AP94:AP136) -> 6000 | F15: =SUM(AV94:AV136) -> 6000 | G15: =SUM(BB118:BB136) -> 6000 | H15: =SUM(BH94:BH136) -> 6000 | K15: DIET | L15: Mon | M15: Tue | N15: Wed | O15: Thu | P15: Fri | Q15: Sat | R15: Sun
A16: TOTAL | B16: =SUM(B11:B15) -> 24000 | C16: =SUM(C11:C15) -> 18000 | D16: =SUM(D11:D15) -> 24000 | E16: =SUM(E11:E15) -> 24000 | F16: =SUM(F11:F15) -> 18000 | G16: =SUM(G11:G15) -> 21000 | H16: =SUM(H11:H15) -> 21000 | K16: Gilt 1 | L16: =SUM(T66:T77) -> 0 | M16: =SUM(Z66:Z77) -> 0 | N16: =SUM(AF66:AF77) -> 0 | O16: =SUM(AL66:AL77) -> 0 | P16: =SUM(AR66:AR77) -> 0 | Q16: =SUM(AX66:AX77) -> 0 | R16: =SUM(BD66:BD77) -> 0
I17: TOTAL BULK ORDER | K17: Gilt 2 | L17: =SUM(U66:U77) -> 0 | M17: =SUM(AA66:AA77) -> 0 | N17: =SUM(AG66:AG77) -> 0 | O17: =SUM(AM66:AM77) -> 0 | P17: =SUM(AS66:AS77) -> 0 | Q17: =SUM(AY66:AY77) -> 0 | R17: =SUM(BE66:BE77) -> 0
A18: Comb total | B18: =B7+B16+L12 -> 30000 | C18: =C7+C16+M12 -> 27000 | D18: =D7+D16+N12 -> 30000 | E18: =E7+E16+O12+O25 -> 30000 | F18: =F7+F16+P12 -> 30000 | G18: =G7+G16+Q12 -> 30000 | H18: =H7+H16+R12 -> 30000 | I18: =SUM(B18:H18) -> 207000 | K18: Gilt 3 | L18: =SUM(V66:V77) -> 0 | M18: =SUM(AB66:AB77) -> 0 | N18: =SUM(AH66:AH77) -> 0 | O18: =SUM(AN66:AN77) -> 0 | P18: =SUM(AT66:AT77) -> 0 | Q18: =SUM(AZ66:AZ77) -> 0 | R18: =SUM(BF66:BF77) -> 0
A19: Max allowable | B19: 30000 | C19: 30000 | D19: 30000 | E19: 30000 | F19: 30000 | G19: 30000 | H19: 30000 | I19: =SUM(B19:H19) -> 210000 | K19: Gilt 4 | L19: =SUM(W66:W77) -> 0 | M19: =SUM(AC66:AC77) -> 0 | N19: =SUM(AI66:AI77) -> 0 | O19: =SUM(AO66:AO77) -> 0 | P19: =SUM(AU66:AU77) -> 0 | Q19: =SUM(BA66:BA77) -> 0 | R19: =SUM(BG66:BG77) -> 0
A20: Difference | I20: =I18-I19 -> -3000 | K20: Gilt 4.1 | L20: =SUM(X66:X77) -> 0 | M20: =SUM(AD66:AD77) -> 0 | N20: =SUM(AJ66:AJ77) -> 0 | O20: =SUM(AP66:AP77) -> 0 | P20: =SUM(AV66:AV77) -> 0 | Q20: =SUM(BB66:BB77) -> 0 | R20: =SUM(BH66:BH77) -> 0
K21: Gilt 5 | L21: =SUM(Y66:Y77) -> 0 | M21: =SUM(AE66:AE77) -> 0 | N21: =SUM(AK66:AK77) -> 0 | O21: =SUM(AQ66:AQ77) -> 0 | P21: =SUM(AW66:AW77) -> 0 | Q21: =SUM(BC66:BC77) -> 0 | R21: =SUM(BI66:BI77) -> 0
K25: TOTAL | L25: =SUM(L16:L21) -> 0 | M25: =SUM(M16:M24) -> 0 | N25: =SUM(N16:N24) -> 0 | O25: =SUM(O16:O24) -> 0 | P25: =SUM(P16:P24) -> 0 | Q25: =SUM(Q16:Q24) -> 0 | R25: =SUM(R16:R24) -> 0
A26: MAINSITE BULK FEED ORDER
A27: Batch # | B27: House # | C27: AGE | D27: DIET | E27: INTAKE | F27: Actual intake | G27: NOP | H27: Batch intake | I27: BFT max | J27: BFT level | K27: Monday | L27: Tuesday | M27: Wednesday | N27: Thursday | O27: Friday | P27: Saturday | Q27: Sunday | R27: Monday | S27: Tuesday | T27: Mon-Dry Sow | U27: Mon-Dry Gilt | V27: Mon-Supaflash | W27: Mon-90 Plus | X27: Mon | Y27: Mon | Z27: Tues-Dry Sow | AA27: Tues-Dry Gilt | AB27: Tues-Supaflsh | AC27: Tues-90 plus | AE27: Tues | AF27: Wed-Dry Sow | AG27: Wed-Dry Gilt | AH27: Wed-Supaflash | AI27: Wed- 90 Plus | AJ27: Wed | AK27: Wed | AL27: Thur-Dry Sow | AM27: Thur-Dry Gilt | AN27: Thur-Supaflash | AO27: Thur- 90 plus | AP27: Thur | AQ27: Thur | AR27: Fri-Dry Sow | AS27: Fri-Dry Gilt | AT27: Fri-Supaflash | AU27: Fri - 90 plus | AV27: Fri | AW27: Fri | AX27: Sat-Dry Sow | AY27: Sat-Dry Gilt | AZ27: Sat-Supaflash | BA27: Sat- 90 plus | BB27: Sat | BC27: Sat | BD27: Sun-Dry Sow | BE27: Sun-Dry Gilt | BF27: Sun-Supaflash | BG27: Sun- 90 plus | BH27: Sun | BI27: Sun | BJ27: total delivered | BK27: bft closing | BL27: actual consumed
B28: DS1 | C28: 15wks, 14wks, 13wks, 10wks | D28: Dry Sow | E28: 2.8 | F28: =(BL28/G28)/4 -> 0 | G28: 170 | H28: =G28*E28 -> 476 | I28: 5800 | J28: 0 | K28: 3000 | L28: =K28-$H28 -> 2524 | M28: =L28-$H28 -> 2048 | N28: =M28-$H28 -> 1572 | O28: 4096 | P28: =O28-$H28 -> 3620 | Q28: =P28-$H28 -> 3144 | R28: =Q28-$H28 -> 2668 | S28: =R28-$H28 -> 2192 | T28: 3000 | AR28: 3000
B29: DS2 | C29: 12wk, 11wk, 9wk, 8wk,7wk,6wk, | D29: Dry Sow | E29: 3 | F29: =(BL29/G29)/7 -> 0 | G29: 230 | H29: =G29*E29 -> 690 | I29: 5800 | J29: 5000 | K29: =J29-$H29 -> 4310 | L29: =K29-$H29 -> 3620 | M29: =L29-$H29 -> 2930 | N29: =M29-$H29 -> 2240 | O29: 4550 | P29: =O29-$H29 -> 3860 | Q29: =P29-$H29 -> 3170 | R29: =Q29-$H29 -> 2480 | S29: =R29-$H29 -> 1790 | AR29: 3000
B30: DS4 | C30: 5wk, 4wk, 3wks, 2wks,1wk,0wk | D30: Dry Sow | E30: 2.8 | F30: =(BL30/G30)/7 -> 0 | G30: 230 | H30: =G30*E30 -> 644 | I30: 5800 | J30: 4000 | K30: =J30-$H30 -> 3356 | L30: =K30-$H30 -> 2712 | M30: =L30-$H30 -> 2068 | N30: 4420 | O30: =N30-$H30 -> 3776 | P30: =O30-$H30 -> 3132 | Q30: =P30-$H30 -> 2488 | R30: =Q30-$H30 -> 1844 | S30: =R30-$H30 -> 1200 | AL30: 3000
D31: Dry Sow | E31: 2.5 | F31: =(BL31/G31)/7 -> #DIV/0! | H31: =G31*E31 -> 0 | K31: =J31-$H31 -> 0 | L31: =K31-$H31 -> 0 | M31: =L31-$H31 -> 0 | N31: =M31-$H31 -> 0 | O31: =N31-$H31 -> 0 | P31: =O31-$H31 -> 0 | Q31: =P31-$H31 -> 0 | R31: =Q31-$H31 -> 0 | S31: =R31-$H31 -> 0
D32: Dry Sow | E32: 3 | F32: =(BL32/G32)/7 -> #DIV/0! | H32: =G32*E32 -> 0 | K32: =J32-$H32 -> 0 | L32: =K32-$H32 -> 0 | M32: =L32-$H32 -> 0 | N32: =M32-$H32 -> 0 | O32: =N32-$H32 -> 0 | P32: =O32-$H32 -> 0 | Q32: =P32-$H32 -> 0 | R32: =Q32-$H32 -> 0 | S32: =R32-$H32 -> 0
D33: Dry Sow | E33: 3 | F33: =(BL33/G33)/7 -> #DIV/0! | H33: =G33*E33 -> 0 | K33: =J33-$H33 -> 0 | L33: =K33-$H33 -> 0 | M33: =L33-$H33 -> 0 | N33: =M33-$H33 -> 0 | O33: =N33-$H33 -> 0 | P33: =O33-$H33 -> 0 | Q33: =P33-$H33 -> 0 | R33: =Q33-$H33 -> 0 | S33: =R33-$H33 -> 0
B34: SL | D34: Supa Flush | E34: 6.5 | F34: =(BL34/G34)/7 -> 0 | G34: 89 | H34: =G34*E34 -> 578.5 | I34: 5800 | J34: 1000 | K34: =J34-$H34 -> 421.5 | L34: 3000 | M34: =L34-$H34 -> 2421.5 | N34: =M34-$H34 -> 1843 | O34: =N34-$H34 -> 1264.5 | P34: =O34-$H34 -> 686 | Q34: 3000 | R34: =Q34-$H34 -> 2421.5 | S34: =R34-$H34 -> 1843 | AB34: 3000 | BF34: 3000
B35: SL | D35: Supa Flush | E35: 0 | F35: =(BL35/G35)/7 -> #DIV/0! | H35: =G35*E35 -> 0 | K35: =J35-$H35 -> 0 | L35: =K35-$H35 -> 0 | M35: =L35-$H35 -> 0 | N35: =M35-$H35 -> 0 | O35: =N35-$H35 -> 0 | P35: =O35-$H35 -> 0 | Q35: =P35-$H35 -> 0 | R35: =Q35-$H35 -> 0 | S35: =R35-$H35 -> 0
B36: DS3 | C36: all preg gilts | D36: Dry Gilt | E36: 2.7 | F36: =(BL36/G36)/7 -> 0 | G36: 180 | H36: =G36*E36 -> 486 | I36: 5800 | J36: 2000 | K36: =J36-$H36 -> 1514 | L36: 4028 | M36: =L36-$H36 -> 3542 | N36: =M36-$H36 -> 3056 | O36: =N36-$H36 -> 2570 | P36: 5084 | Q36: =P36-$H36 -> 4598 | R36: =Q36-$H36 -> 4112 | S36: =R36-$H36 -> 3626 | AA36: 3000 | AY36: 3000
D37: Dry Gilt | E37: 2.5 | F37: =(BL37/G37)/7 -> #DIV/0! | H37: =G37*E37 -> 0 | K37: =J37-$H37 -> 0 | L37: =K37-$H37 -> 0 | M37: =L37-$H37 -> 0 | N37: =M37-$H37 -> 0 | O37: =N37-$H37 -> 0 | P37: =O37-$H37 -> 0 | Q37: =P37-$H37 -> 0 | R37: =Q37-$H37 -> 0 | S37: =R37-$H37 -> 0
D38: Dry Gilt | E38: 2.5 | F38: =(BL38/G38)/7 -> #DIV/0! | H38: =G38*E38 -> 0 | K38: =J38-$H38 -> 0 | L38: =K38-$H38 -> 0 | M38: =L38-$H38 -> 0 | N38: =M38-$H38 -> 0 | O38: =N38-$H38 -> 0 | P38: =O38-$H38 -> 0 | Q38: =P38-$H38 -> 0 | R38: =Q38-$H38 -> 0 | S38: =R38-$H38 -> 0
D39: Dry Gilt | E39: 2.5 | F39: =(BL39/G39)/7 -> #DIV/0! | H39: =G39*E39 -> 0 | K39: =J39-$H39 -> 0 | L39: =K39-$H39 -> 0 | M39: =L39-$H39 -> 0 | N39: =M39-$H39 -> 0 | O39: =N39-$H39 -> 0 | P39: =O39-$H39 -> 0 | Q39: =P39-$H39 -> 0 | R39: =Q39-$H39 -> 0 | S39: =R39-$H39 -> 0
D40: Dry Gilt | E40: 3 | F40: =(BL40/G40)/7 -> #DIV/0! | H40: =G40*E40 -> 0 | K40: =J40-$H40 -> 0 | L40: =K40-$H40 -> 0 | M40: =L40-$H40 -> 0 | N40: =M40-$H40 -> 0 | O40: =N40-$H40 -> 0 | P40: =O40-$H40 -> 0 | Q40: =P40-$H40 -> 0 | R40: =Q40-$H40 -> 0 | S40: =R40-$H40 -> 0
D41: Dry Gilt | E41: 3 | F41: =(BL41/G41)/7 -> #DIV/0! | H41: =G41*E41 -> 0 | K41: =J41-$H41 -> 0 | L41: =K41-$H41 -> 0 | M41: =L41-$H41 -> 0 | N41: =M41-$H41 -> 0 | O41: =N41-$H41 -> 0 | P41: =O41-$H41 -> 0 | Q41: =P41-$H41 -> 0 | R41: =Q41-$H41 -> 0 | S41: =R41-$H41 -> 0
A45: MAINSITE BULK FEED ORDER
A46: Batch # | B46: House # | C46: AGE | D46: DIET | E46: INTAKE | F46: Actual intake | G46: NOP | H46: Batch intake | I46: BFT max | J46: BFT level | K46: Monday | L46: Tuesday | M46: Wednesday | N46: Thursday | O46: Friday | P46: Saturday | Q46: Sunday | R46: Monday | S46: Tuesday | T46: Mon-L Sow | U46: Mon- L Gilt | V46: Mon-Trans | W46: Mon | X46: Mon | Y46: Mon | Z46: Tue-L Sow | AA46: Tue- L Gilt | AB46: Tue-Trans | AC46: Tues | AD46: Tues | AE46: Tues | AF46: Wed-L Sow | AG46: Wed- L Gilt | AH46: Wed-Trans | AI46: Wed | AJ46: Wed | AK46: Wed | AL46: Thur-L Sow | AM46: Thur- L Gilt | AN46: Thur-Trans | AO46: Thur | AP46: Thur | AQ46: Thur | AR46: Fri-L Sow | AS46: Fri- L Gilt | AT46: Fri-Trans | AU46: Fri | AV46: Fri | AW46: Fri | AX46: Sat-L Sow | AY46: Sat- L Gilt | AZ46: Sat-Trans | BA46: Sat | BB46: Sat | BC46: Sat | BD46: Sun-L Sow | BE46: Sun- L Gilt | BF46: Sun-Trans | BG46: Sun | BH46: Sun | BI46: Sun | BJ46: total delivered | BK46: bft closing | BL46: actual consumed
C47: 2 weeks and 3 weeks | D47: LACTATE SOW | F47: =(BL47/G47)/7 -> #DIV/0! | H47: =G47*E47 -> 0 | K47: =J47-H47 -> 0 | L47: =K47-I47 -> 0 | M47: =L47-J47 -> 0 | N47: =M47-K47 -> 0 | O47: =N47-L47 -> 0 | P47: =O47-M47 -> 0 | Q47: =P47-N47 -> 0 | R47: =Q47-O47 -> 0 | S47: =R47-P47 -> 0
B48: FH 1 and 2 lact | C48: FH 1 and FH2 | D48: LACTATE GILT | E48: 11 | F48: =(BL48/G48)/7 -> 0 | G48: 70 | H48: =G48*E48 -> 770 | I48: 5800 | J48: 5500 | K48: =J48-$H48 -> 4730 | L48: =K48-$H48 -> 3960 | M48: =L48-$H48 -> 3190 | N48: =M48-$H48 -> 2420 | O48: 4650 | P48: =O48-$H48 -> 3880 | Q48: =P48-$H48 -> 3110 | R48: =Q48-$H48 -> 2340 | S48: =R48-$H48 -> 1570 | AS48: 3000
B49: FH 1 and 2 Trans | D49: TRANSITION | E49: 2.5 | F49: =(BL49/G49)/7 -> 0 | G49: 44 | H49: =G49*E49 -> 110 | I49: 2700 | J49: 0 | K49: 3000 | L49: =K49-$H49 -> 2890 | M49: =L49-$H49 -> 2780 | N49: =M49-$H49 -> 2670 | O49: =N49-$H49 -> 2560 | P49: =O49-$H49 -> 2450 | Q49: =P49-$H49 -> 2340 | R49: =Q49-$H49 -> 2230 | S49: =R49-$H49 -> 2120 | V49: 3000
C50: active and post | D50: LACTATE SOW | F50: =(BL50/G50)/7 -> #DIV/0! | H50: =G50*E50 -> 0 | K50: =J50-$H50 -> 0 | L50: =K50-$H50 -> 0 | M50: =L50-$H50 -> 0 | N50: =M50-$H50 -> 0 | O50: =N50-$H50 -> 0 | P50: =O50-$H50 -> 0 | Q50: =P50-$H50 -> 0 | R50: =Q50-$H50 -> 0 | S50: =R50-$H50 -> 0
B51: FH 3 and 4 lact | C51: Fh3 and Fh4 | D51: LACTATE GILT | E51: 11 | F51: =(BL51/G51)/7 -> 0 | G51: 92 | H51: =G51*E51 -> 1012 | I51: 5800 | J51: 5000 | K51: =J51-$H51 -> 3988 | L51: =K51-$H51 -> 2976 | M51: =L51-$H51 -> 1964 | N51: 3952 | O51: =N51-$H51 -> 2940 | P51: =O51-$H51 -> 1928 | Q51: 3900 | R51: =Q51-$H51 -> 2888 | S51: =R51-$H51 -> 1876 | AM51: 3000 | BE51: 3000
D52: TRANSITION | E52: 2.5 | F52: =(BL52/G52)/7 -> 0 | G52: 44 | H52: =G52*E52 -> 110 | I52: 2700 | J52: 0 | K52: =J52-$H52 -> -110 | L52: =K52-$H52 -> -220 | M52: =L52-$H52 -> -330 | N52: =M52-$H52 -> -440 | O52: =N52-$H52 -> -550 | P52: =O52-$H52 -> -660 | Q52: =P52-$H52 -> -770 | R52: =Q52-$H52 -> -880 | S52: =R52-$H52 -> -990
B53: FH 3 and 4 trans | D53: TRANSITION | E53: 2.5 | F53: =(BL53/G53)/7 -> #DIV/0! | H53: =G53*E53 -> 0 | K53: =J53-$H53 -> 0 | L53: =K53-$H53 -> 0 | M53: =L53-$H53 -> 0 | N53: =M53-$H53 -> 0 | O53: =N53-$H53 -> 0 | P53: =O53-$H53 -> 0 | Q53: =P53-$H53 -> 0 | R53: =Q53-$H53 -> 0 | S53: =R53-$H53 -> 0
D54: LACTATE SOW | F54: =(BL54/G54)/7 -> #DIV/0! | H54: =G54*E54 -> 0 | K54: =J54-$H54 -> 0 | L54: =K54-$H54 -> 0 | M54: =L54-$H54 -> 0 | N54: =M54-$H54 -> 0 | O54: =N54-$H54 -> 0 | P54: =O54-$H54 -> 0 | Q54: =P54-$H54 -> 0 | R54: =Q54-$H54 -> 0 | S54: =R54-$H54 -> 0
B55: FH 5 lact | C55: weaning | D55: LACTATE GILT | E55: 8 | F55: =(BL55/G55)/7 -> 0 | G55: 46 | H55: =G55*E55 -> 368 | I55: 5800 | J55: 5800 | K55: =J55-$H55 -> 5432 | L55: =K55-$H55 -> 5064 | M55: =L55-$H55 -> 4696 | N55: =M55-$H55 -> 4328 | O55: =N55-$H55 -> 3960 | P55: =O55-$H55 -> 3592 | Q55: =P55-$H55 -> 3224 | R55: =Q55-$H55 -> 2856 | S55: =R55-$H55 -> 2488
B56: FH 5 trans | C56: FH 5 | D56: TRANSITION | F56: =(BL56/G56)/7 -> #DIV/0! | G56: 0 | H56: =G56*E56 -> 0 | I56: 2700 | J56: 1500 | K56: =J56-$H56 -> 1500 | L56: =K56-$H56 -> 1500 | M56: =L56-$H56 -> 1500 | N56: =M56-$H56 -> 1500 | O56: =N56-$H56 -> 1500 | P56: =O56-$H56 -> 1500 | Q56: =P56-$H56 -> 1500 | R56: =Q56-$H56 -> 1500 | S56: =R56-$H56 -> 1500
B57: FH4 | D57: LACTATE SOW | F57: =(BL57/G57)/7 -> #DIV/0! | H57: =G57*E57 -> 0 | K57: =J57-H57 -> 0 | L57: =K57-I57 -> 0 | M57: =L57-J57 -> 0 | N57: =M57-K57 -> 0 | O57: =N57-L57 -> 0 | P57: =O57-M57 -> 0 | Q57: =P57-N57 -> 0 | R57: =Q57-O57 -> 0 | S57: =R57-P57 -> 0
D58: LACTATE GILT | E58: 8 | F58: =(BL58/G58)/7 -> #DIV/0! | H58: =G58*E58 -> 0 | K58: =J58-H58 -> 0 | L58: =K58-I58 -> 0 | M58: =L58-J58 -> 0 | N58: =M58-K58 -> 0 | O58: =N58-L58 -> 0 | P58: =O58-M58 -> 0 | Q58: =P58-N58 -> 0 | R58: =Q58-O58 -> 0 | S58: =R58-P58 -> 0
D59: TRANSITION | E59: 2.5 | F59: =(BL59/G59)/7 -> #DIV/0! | H59: =G59*E59 -> 0 | K59: =J59-H59 -> 0 | L59: =K59-I59 -> 0 | M59: =L59-J59 -> 0 | N59: =M59-K59 -> 0 | O59: =N59-L59 -> 0 | P59: =O59-M59 -> 0 | Q59: =P59-N59 -> 0 | R59: =Q59-O59 -> 0 | S59: =R59-P59 -> 0
B60: FH5 | D60: LACTATE SOW | E60: 8 | F60: =(BL60/G60)/7 -> #DIV/0! | H60: =G60*E60 -> 0 | K60: =J60-H60 -> 0 | L60: =K60-I60 -> 0 | M60: =L60-J60 -> 0 | N60: =M60-K60 -> 0 | O60: =N60-L60 -> 0 | P60: =O60-M60 -> 0 | Q60: =P60-N60 -> 0 | R60: =Q60-O60 -> 0 | S60: =R60-P60 -> 0
D61: LACTATE GILT | E61: 8 | F61: =(BL61/G61)/7 -> #DIV/0! | H61: =G61*E61 -> 0 | K61: =J61-H61 -> 0 | L61: =K61-I61 -> 0 | M61: =L61-J61 -> 0 | N61: =M61-K61 -> 0 | O61: =N61-L61 -> 0 | P61: =O61-M61 -> 0 | Q61: =P61-N61 -> 0 | R61: =Q61-O61 -> 0 | S61: =R61-P61 -> 0
D62: TRANSITION | E62: 2.5 | F62: =(BL62/G62)/7 -> #DIV/0! | H62: =G62*E62 -> 0 | K62: =J62-H62 -> 0 | L62: =K62-I62 -> 0 | M62: =L62-J62 -> 0 | N62: =M62-K62 -> 0 | O62: =N62-L62 -> 0 | P62: =O62-M62 -> 0 | Q62: =P62-N62 -> 0 | R62: =Q62-O62 -> 0 | S62: =R62-P62 -> 0
A64: GILT BULK FEED ORDER
A65: Batch # | B65: House # | C65: AGE | D65: DIET | E65: INTAKE | F65: Actual intake | G65: NOP | H65: Batch intake | I65: BFT max | J65: BFT level | K65: Monday | L65: Tuesday | M65: Wednesday | N65: Thursday | O65: Friday | P65: Saturday | Q65: Sunday | R65: Monday | S65: Tuesday | T65: Mon-Gilt 1 | U65: Mon-Gilt 2 | V65: Mon-Gilt 3 | W65: Mon-Gilt 4 | X65: Mon-Gilt 4.1 | Y65: Mon-Gilt 5 | Z65: Tue-Gilt 1 | AA65: Tue-Gilt 2 | AB65: Tue-Gilt 3 | AC65: Tue-Gilt 4 | AD65: Tue-Gilt 4.1 | AE65: Tue-Gilt 5 | AF65: Wed-Gilt 1 | AG65: Wed-Gilt 2 | AH65: Wed-Gilt 3 | AI65: Wed-Gilt 4 | AJ65: Wed-Gilt 4.1 | AK65: Wed-Gilt 5 | AL65: Thu-Gilt 1 | AM65: Thur-Gilt 2 | AN65: Thur-Gilt 3 | AO65: Thur-Gilt 4 | AP65: Thur-Gilt 4.1 | AQ65: Thur-Gilt 5 | AR65: Fri-Gilt 1 | AS65: Fri-Gilt 2 | AT65: Fri-Gilt 3 | AU65: Fri-Gilt 4 | AV65: Fri-Gilt 4.1 | AW65: Fri-Gilt 5 | AX65: Sat-Gilt 1 | AY65: Sat-Gilt 2 | AZ65: Sat-Gilt 3 | BA65: Sat-Gilt 4 | BB65: Sat-Gilt 4.1 | BC65: Sat-Gilt 5 | BD65: Sun-Gilt 1 | BE65: Sun- Gilt 2 | BF65: Sun-Gilt 3 | BG65: Sun- Gilt 4 | BH65: Sun - Gilt 4.1 | BI65: Sun- Gilt 5 | BJ65: total delivered | BK65: bft closing | BL65: actual consumed
D66: Gilt 1 | F66: =(BL66/G66)/7 -> #DIV/0! | H66: =G66*E66 -> 0 | K66: =J66-H66 -> 0 | L66: =K66-$H66 -> 0 | M66: =L66-$H66 -> 0 | N66: =M66-$H66 -> 0 | O66: =N66-$H66 -> 0 | P66: =O66-$H66 -> 0 | Q66: =P66-$H66 -> 0 | R66: =Q66-$H66 -> 0 | S66: =R66-$H66 -> 0
D67: Gilt 1 | F67: =(BL67/G67)/7 -> #DIV/0! | H67: =G67*E67 -> 0 | K67: =J67-$H67 -> 0 | L67: =K67-$H67 -> 0 | M67: =L67-$H67 -> 0 | N67: =M67-$H67 -> 0 | O67: =N67-$H67 -> 0 | P67: =O67-$H67 -> 0 | Q67: =P67-$H67 -> 0 | R67: =Q67-$H67 -> 0 | S67: =R67-$H67 -> 0
D68: Gilt 2 | F68: =(BL68/G68)/7 -> #DIV/0! | H68: =G68*E68 -> 0 | K68: =(J68-$H68)+T68 -> 0 | L68: =K68-$H68 -> 0 | M68: =L68-$H68 -> 0 | N68: =M68-$H68 -> 0 | O68: =N68-$H68 -> 0 | P68: =O68-$H68 -> 0 | Q68: =P68-$H68 -> 0 | R68: =Q68-$H68 -> 0 | S68: =R68-$H68 -> 0
D69: Gilt 2 | F69: =(BL69/G69)/7 -> #DIV/0! | H69: =G69*E69 -> 0 | K69: =J69-$H69 -> 0 | L69: =K69-$H69 -> 0 | M69: =L69-$H69 -> 0 | N69: =M69-$H69 -> 0 | O69: =N69-$H69 -> 0 | P69: =O69-$H69 -> 0 | Q69: =P69-$H69 -> 0 | R69: =Q69-$H69 -> 0 | S69: =R69-$H69 -> 0
D70: Gilt 3 | F70: =(BL70/G70)/7 -> #DIV/0! | H70: =G70*E70 -> 0 | K70: =J70-$H70 -> 0 | L70: =K70-$H70 -> 0 | M70: =L70-$H70 -> 0 | N70: =M70-$H70 -> 0 | O70: =N70-$H70 -> 0 | P70: =O70-$H70 -> 0 | Q70: =P70-$H70 -> 0 | R70: =Q70-$H70 -> 0 | S70: =R70-$H70 -> 0
D71: Gilt 3 | F71: =(BL71/G71)/7 -> #DIV/0! | H71: =G71*E71 -> 0 | K71: =J71-H71 -> 0 | L71: =K71-$H71 -> 0 | M71: =L71-H71 -> 0 | N71: =M71-$H71 -> 0 | O71: =N71-$H71 -> 0 | P71: =O71-$H71 -> 0 | Q71: =P71-$H71 -> 0 | R71: =Q71-$H71 -> 0 | S71: =R71-$H71 -> 0
D72: Gilt 4 | F72: =(BL72/G72)/7 -> #DIV/0! | H72: =G72*E72 -> 0 | K72: =J72-$H72 -> 0 | L72: =K72-$H72 -> 0 | M72: =L72-$H72 -> 0 | N72: =M72-$H72 -> 0 | O72: =N72-H72 -> 0 | P72: =O72-$H72 -> 0 | Q72: =P72-H72 -> 0 | R72: =Q72-$H72 -> 0 | S72: =R72-$H72 -> 0
D73: Gilt 4 | F73: =(BL73/G73)/7 -> #DIV/0! | H73: =G73*E73 -> 0 | K73: =J73-$H73 -> 0 | L73: =K73-$H73 -> 0 | M73: =L73-$H73 -> 0 | N73: =M73-$H73 -> 0 | O73: =N73-$H73 -> 0 | P73: =O73-$H73 -> 0 | Q73: =P73-$H73 -> 0 | R73: =Q73-$H73 -> 0 | S73: =R73-$H73 -> 0
D74: Gilt 4.1 | F74: =(BL74/G74)/7 -> #DIV/0! | H74: =G74*E74 -> 0 | K74: =(J74-$H74)+T74 -> 0 | L74: =K74-$H74 -> 0 | M74: =L74-$H74 -> 0 | N74: =M74-$H74 -> 0 | O74: =N74-$H74 -> 0 | P74: =O74-$H74 -> 0 | Q74: =P74-$H74 -> 0 | R74: =Q74-$H74 -> 0 | S74: =R74-$H74 -> 0
D75: Gilt 4.1 | F75: =(BL75/G75)/7 -> #DIV/0! | H75: =G75*E75 -> 0 | K75: =J75-$H75 -> 0 | L75: =K75-$H75 -> 0 | M75: =L75-H75 -> 0 | N75: =M75-$H75 -> 0 | O75: =N75-$H75 -> 0 | P75: =O75-$H75 -> 0 | Q75: =P75-$H75 -> 0 | R75: =Q75-$H75 -> 0 | S75: =R75-$H75 -> 0
D76: Gilt 5 | F76: =(BL76/G76)/7 -> #DIV/0! | H76: =G76*E76 -> 0 | K76: =J76-$H76 -> 0 | L76: =K76-$H76 -> 0 | M76: =L76-$H76 -> 0 | N76: =M76-$H76 -> 0 | O76: =N76-$H76 -> 0 | P76: =O76-$H76 -> 0 | Q76: =P76-$H76 -> 0 | R76: =Q76-$H76 -> 0 | S76: =R76-$H76 -> 0
D77: Gilt 5 | F77: =(BL77/G77)/7 -> #DIV/0! | H77: =G77*E77 -> 0 | K77: =J77-H77 -> 0 | L77: =(K77-$H77)+U77 -> 0 | M77: =L77-H77 -> 0 | N77: =(M77-$H77)+W77 -> 0 | O77: =(N77-$H77)+Y77 -> 0 | P77: =(O77-$H77)+Z77 -> 0 | Q77: =(P77-$H77)+AA77 -> 0 | R77: =(Q77-$H77)+AB77 -> 0 | S77: =(R77-$H77)+AC77 -> 0
H79: =G85*I79 -> 2800 | I79: 4 | J79: =3000/G85 -> 4.2857143
I80: 3 | J80: =2000/G85 -> 2.8571429
O81: 13 | P81: =G86*O81 -> 8658
A83: WEANER FEED ORDER | D83: Creep 2
A84: Batch # | B84: House # | C84: Weaners AGE | D84: DIET | E84: INTAKE | F84: Actual intake | G84: NOP | H84: Batch intake | I84: BFT max | J84: BFT level | K84: Monday | L84: Tuesday | M84: Wednesday | N84: Thursday | O84: Friday | P84: Saturday | Q84: Sunday | R84: Monday | S84: Tuesday | T84: Mon - Crp 1 | U84: Mon - Crp 2 | V84: Mon - Crp 3 | W84: Mon - W1 | X84: Mon | Y84: Mon | Z84: Tues-Crp 1 | AA84: Tues-Crp 2 | AB84: Tues-Crp 3 | AC84: Tues-W1 | AD84: Tues | AE84: Tues | AF84: Wed - Crp 1 | AG84: Wed - Crp 2 | AH84: Wed - Crp 3 | AI84: Wed - W1 | AJ84: Wed | AK84: Wed | AL84: Thur-Crp 1 | AM84: Thur-Crp 2 | AN84: Thur-Crp 3 | AO84: Thur-W1 | AP84: Thur | AQ84: Thur | AR84: Fri - Crp 1 | AS84: Fri - Crp 2 | AT84: Fri - Crp 3 | AU84: Fri - W1 | AV84: Fri | AW84: Fri | AX84: Sat-Crp1 | AY84: Sat-Crp2 | AZ84: Sat-Crp3 | BA84: Sat-W1 | BB84: Sat | BC84: Sat | BD84: Sun-Crp1 | BE84: Sun-Crp2 | BF84: Sun-Cr3 | BG84: Sun-W1 | BH84: Sun | BI84: Sun | BJ84: total delivered | BK84: bft closing | BL84: actual consumed
A85: 2626 | B85: W5 | C85: 4 | D85: Creep 2 | E85: 0.48 | F85: =(BL85/G85)/4 -> 0 | G85: 700 | H85: =G85*E85 -> 336 | I85: 7800 | J85: 0 | K85: =J85-$H85 -> -336 | L85: =K85-$H85 -> -672 | M85: 3000 | N85: =M85-$H85 -> 2664 | O85: =N85-$H85 -> 2328 | P85: =O85-$H85 -> 1992 | Q85: =P85-$H85 -> 1656 | R85: =Q85-$H85 -> 1320 | S85: =R85-$H85 -> 984 | AG85: 3000 | BL85: =(J85+BJ85)-BK85 -> 0
A86: 2625 | B86: W4 | C86: 5 | D86: Creep 3 | E86: 0.94 | F86: =(BL86/G86)/7 -> 0.42900043 | G86: 666 | H86: =G86*E86 -> 626.04 | I86: 7800 | J86: 2000 | K86: =J86-$H86 -> 1373.96 | L86: 3748 | M86: =L86-$H86 -> 3121.96 | N86: =M86-$H86 -> 2495.92 | O86: 4870 | P86: =O86-$H86 -> 4243.96 | Q86: =P86-$H86 -> 3617.92 | R86: =Q86-$H86 -> 2991.88 | S86: =R86-$H86 -> 2365.84 | AB86: 3000 | AT86: 3000 | BL86: =(J86+BJ86)-BK86 -> 2000
A87: 2624 | B87: W3 | C87: 6 | D87: Creep 3 | E87: 0.94 | F87: =(BL87/G87)/7 -> 1.4396456 | G87: 645 | H87: =G87*E87 -> 606.3 | I87: 7800 | J87: 6500 | K87: =J87-$H87 -> 5893.7 | L87: =K87-$H87 -> 5287.4 | M87: =L87-$H87 -> 4681.1 | N87: =M87-$H87 -> 4074.8 | O87: =N87-$H87 -> 3468.5 | P87: 5862 | Q87: =P87-$H87 -> 5255.7 | R87: =Q87-$H87 -> 4649.4 | S87: =R87-$H87 -> 4043.1 | AZ87: 3000 | BL87: =(J87+BJ87)-BK87 -> 6500
A88: 2623 | B88: W2 | C88: 7 | D88: W1 | E88: 1 | F88: =(BL88/G88)/7 -> 1.5748031 | G88: 635 | H88: =G88*E88 -> 635 | I88: 7800 | J88: 7000 | K88: =J88-$H88 -> 6365 | L88: =K88-$H88 -> 5730 | M88: =L88-$H88 -> 5095 | N88: =M88-$H88 -> 4460 | O88: =N88-$H88 -> 3825 | P88: =O88-$H88 -> 3190 | Q88: 5555 | R88: =Q88-$H88 -> 4920 | S88: =R88-$H88 -> 4285 | BG88: 3000 | BL88: =(J88+BJ88)-BK88 -> 7000
A89: 2622 | B89: W1 | C89: 8 | D89: W1 | E89: 1.1 | F89: =(BL89/G89)/7 -> 0.9710833 | G89: 662 | H89: =G89*E89 -> 728.2 | I89: 7800 | J89: 4500 | K89: =J89-$H89 -> 3771.8 | L89: =K89-$H89 -> 3043.6 | M89: 5315 | N89: =M89-$H89 -> 4586.8 | O89: =N89-$H89 -> 3858.6 | P89: 6130 | Q89: =P89-$H89 -> 5401.8 | R89: =Q89-$H89 -> 4673.6 | S89: =R89-$H89 -> 3945.4 | AI89: 3000 | BA89: 3000 | BL89: =(J89+BJ89)-BK89 -> 4500
A90: 2621 | B90: W6 | C90: 9 | D90: W1 | E90: 1.2 | F90: =(BL90/G90)/7 -> 1.2531328 | G90: 627 | H90: =G90*E90 -> 752.4 | I90: 7800 | J90: 5500 | K90: =J90-$H90 -> 4747.6 | L90: =K90-$H90 -> 3995.2 | M90: =L90-$H90 -> 3242.8 | N90: =M90-$H90 -> 2490.4 | O90: =N90-$H90 -> 1738 | P90: =O90-$H90 -> 985.6 | Q90: =P90-$H90 -> 233.2 | R90: =Q90-$H90 -> -519.2 | S90: =R90-$H90 -> -1271.6 | BL90: =(J90+BJ90)-BK90 -> 5500
A92: GROWER FEED ORDER
A93: Batch # | B93: House # | C93: Growers Age | D93: DIET | E93: INTAKE | F93: Actual intake | G93: NOP | H93: Batch intake | I93: BFT max | J93: BFT level | K93: Monday | L93: Tuesday | M93: Wednesday | N93: Thursday | O93: Friday | P93: Saturday | Q93: Sunday | R93: Monday | S93: Tuesday | T93: Mon-W1 | U93: Mon - GR1 | V93: Mon - GR2 | W93: Mon - GR3 | X93: Mon - fin | Y93: Mon | Z93: Tue - W1 | AA93: Tue - GR1 | AB93: Tue - GR2 | AC93: Tue - GR3 | AD93: Tue - fin | AE93: Tue | AF93: Wed-W1 | AG93: Wed-GR1 | AH93: Wed-GR2 | AI93: Wed-GR3 | AJ93: Wed-Fin | AK93: Wed | AL93: Thur-W1 | AM93: Thur - GR1 | AN93: Thur- GR2 | AO93: Thur- GR3 | AP93: Thur- Fin | AQ93: Thur | AR93: Fri- W1 | AS93: Fri- GR1 | AT93: Fri- GR2 | AU93: Fri- GR3 | AV93: Fri- Fin | AW93: Fri | AX93: Sat-W1 | AY93: Sat-GR1 | AZ93: Sat-GR2 | BA93: Sat-GR3 | BB93: Sat-Fin | BC93: Sat | BD93: Sun-W1 | BE93: Sun-GR1 | BF93: Sun-GR2 | BG93: Sun-GR3 | BH93: Sun-Fin | BI93: Sun | BJ93: total delivered | BK93: bft closing | BL93: actual consumed
A94: 2620 | B94: DST3 | C94: 10 OG | D94: W1 | E94: 1.6 | F94: =(BL94/G94)/7 -> 0.40874719 | G94: 699 | H94: =G94*E94 -> 1118.4 | I94: 5800 | J94: 2000 | K94: 3882 | L94: =K94-$H94 -> 2763.6 | M94: 4645 | N94: =M94-$H94 -> 3526.6 | O94: =N94-$H94 -> 2408.2 | P94: 4290 | Q94: =P94-$H94 -> 3171.6 | R94: =Q94-$H94 -> 2053.2 | S94: =R94-$H94 -> 934.8 | T94: 3000 | AF94: 3000 | AX94: 3000 | BL94: =(J94+BJ94)-BK94 -> 2000
C95: 10 NG | D95: W1 | E95: 1.6 | H95: =G95*E95 -> 0 | K95: =J95-$H95 -> 0 | L95: =K95-$H95 -> 0 | M95: =L95-$H95 -> 0 | N95: =M95-$H95 -> 0 | O95: =N95-$H95 -> 0 | P95: =O95-$H95 -> 0 | Q95: =P95-$H95 -> 0 | R95: =Q95-$H95 -> 0 | S95: =R95-$H95 -> 0 | BL95: =(J95+BJ95)-BK95 -> 0
C96: 10 EXT | D96: W1 | E96: 1.6 | H96: =G96*E96 -> 0 | K96: =J96-$H96 -> 0 | L96: =K96-$H96 -> 0 | M96: =L96-$H96 -> 0 | N96: =M96-$H96 -> 0 | O96: =N96-$H96 -> 0 | P96: =O96-$H96 -> 0 | Q96: =P96-$H96 -> 0 | R96: =Q96-$H96 -> 0 | S96: =R96-$H96 -> 0 | BL96: =(J96+BJ96)-BK96 -> 0
A97: 2619 | B97: DST2 | C97: 11 OG | D97: W1 | E97: 1.7 | F97: =(BL97/G97)/7 -> 0.96092249 | G97: 669 | H97: =G97*E97 -> 1137.3 | I97: 5800 | J97: 4500 | K97: =J97-$H97 -> 3362.7 | L97: 5220 | M97: =L97-$H97 -> 4082.7 | N97: =M97-$H97 -> 2945.4 | O97: 4800 | P97: =O97-$H97 -> 3662.7 | Q97: 5525 | R97: =Q97-$H97 -> 4387.7 | S97: =R97-$H97 -> 3250.4 | Z97: 3000 | AR97: 3000 | BD97: 3000 | BL97: =(J97+BJ97)-BK97 -> 4500
C98: 11 NG | D98: W1 | E98: 1.7 | H98: =G98*E98 -> 0 | K98: =J98-$H98 -> 0 | L98: =K98-$H98 -> 0 | M98: =L98-$H98 -> 0 | N98: =M98-$H98 -> 0 | O98: =N98-$H98 -> 0 | P98: =O98-$H98 -> 0 | Q98: =P98-$H98 -> 0 | R98: =Q98-$H98 -> 0 | S98: =R98-$H98 -> 0 | BL98: =(J98+BJ98)-BK98 -> 0
C99: 11 EXT | D99: W1 | E99: 1.7 | H99: =G99*E99 -> 0 | K99: =J99-$H99 -> 0 | L99: =K99-$H99 -> 0 | M99: =L99-$H99 -> 0 | N99: =M99-$H99 -> 0 | O99: =N99-$H99 -> 0 | P99: =O99-$H99 -> 0 | Q99: =P99-$H99 -> 0 | R99: =Q99-$H99 -> 0 | S99: =R99-$H99 -> 0 | BL99: =(J99+BJ99)-BK99 -> 0
A100: 2618 | B100: DST1 | C100: 12 OG | D100: G1 | E100: 2.2 | F100: =(BL100/G100)/7 -> 0.34730262 | G100: 617 | H100: =G100*E100 -> 1357.4 | I100: 5800 | J100: 1500 | K100: 3100 | L100: 4743 | M100: =L100-$H100 -> 3385.6 | N100: 5028 | O100: =N100-$H100 -> 3670.6 | P100: 5313 | Q100: =P100-$H100 -> 3955.6 | R100: =Q100-$H100 -> 2598.2 | S100: =R100-$H100 -> 1240.8 | U100: 3000 | AA100: 3000 | AM100: 3000 | AY100: 3000 | BL100: =(J100+BJ100)-BK100 -> 1500
C101: 12 NG | D101: G1 | E101: 2.2 | H101: =G101*E101 -> 0 | K101: =J101-$H101 -> 0 | L101: =K101-$H101 -> 0 | M101: =L101-$H101 -> 0 | N101: =M101-$H101 -> 0 | O101: =N101-$H101 -> 0 | P101: =O101-$H101 -> 0 | Q101: =P101-$H101 -> 0 | R101: =Q101-$H101 -> 0 | S101: =R101-$H101 -> 0 | BL101: =(J101+BJ101)-BK101 -> 0
C102: 12 EXT | D102: G1 | E102: 2.2 | H102: =G102*E102 -> 0 | K102: =J102-$H102 -> 0 | L102: =K102-$H102 -> 0 | M102: =L102-$H102 -> 0 | N102: =M102-$H102 -> 0 | O102: =N102-$H102 -> 0 | P102: =O102-$H102 -> 0 | Q102: =P102-$H102 -> 0 | R102: =Q102-$H102 -> 0 | S102: =R102-$H102 -> 0 | BL102: =(J102+BJ102)-BK102 -> 0
A103: 2617 | B103: DST4 | C103: 13 OG | D103: G1 | E103: 2.5 | F103: =(BL103/G103)/7 -> 0.33171163 | G103: 646 | H103: =G103*E103 -> 1615 | I103: 5800 | J103: 1500 | K103: 3000 | L103: 4380 | M103: =L103-$H103 -> 2765 | N103: 4150 | O103: 5530 | P103: =O103-$H103 -> 3915 | Q103: 5300 | R103: =Q103-$H103 -> 3685 | S103: =R103-$H103 -> 2070 | U103: 3000 | AA103: 3000 | AM103: 3000 | AS103: 3000 | BE103: 3000 | BL103: =(J103+BJ103)-BK103 -> 1500
B104: G8 | C104: 13 NG | D104: G1 | E104: 2.5 | H104: =G104*E104 -> 0 | K104: =J104-$H104 -> 0 | L104: =K104-$H104 -> 0 | M104: =L104-$H104 -> 0 | N104: =M104-$H104 -> 0 | O104: =N104-$H104 -> 0 | P104: =O104-$H104 -> 0 | Q104: =P104-$H104 -> 0 | R104: =Q104-$H104 -> 0 | S104: =R104-$H104 -> 0 | BL104: =(J104+BJ104)-BK104 -> 0
C105: 13 EXT | D105: G1 | E105: 2.5 | H105: =G105*E105 -> 0 | K105: =J105-$H105 -> 0 | L105: =K105-$H105 -> 0 | M105: =L105-$H105 -> 0 | N105: =M105-$H105 -> 0 | O105: =N105-$H105 -> 0 | P105: =O105-$H105 -> 0 | Q105: =P105-$H105 -> 0 | R105: =Q105-$H105 -> 0 | S105: =R105-$H105 -> 0 | BL105: =(J105+BJ105)-BK105 -> 0
A106: 2616 | B106: G7 | C106: 14 OG | D106: G2 | E106: 2.6 | F106: =(BL106/G106)/7 -> 0.43290043 | G106: 660 | H106: =G106*E106 -> 1716 | I106: 5800 | J106: 2000 | K106: 3200 | L106: 4480 | M106: =L106-$H106 -> 2764 | N106: 4050 | O106: 5330 | P106: =O106-$H106 -> 3614 | Q106: 4898 | R106: =Q106-$H106 -> 3182 | S106: =R106-$H106 -> 1466 | V106: 3000 | AB106: 3000 | AN106: 3000 | AT106: 3000 | BF106: 3000 | BL106: =(J106+BJ106)-BK106 -> 2000
C107: 14 NG | D107: G2 | E107: 2.6 | H107: =G107*E107 -> 0 | K107: =J107-$H107 -> 0 | L107: =K107-$H107 -> 0 | M107: =L107-$H107 -> 0 | N107: =M107-$H107 -> 0 | O107: =N107-$H107 -> 0 | P107: =O107-$H107 -> 0 | Q107: =P107-$H107 -> 0 | R107: =Q107-$H107 -> 0 | S107: =R107-$H107 -> 0 | BL107: =(J107+BJ107)-BK107 -> 0
C108: 14 EXT | D108: G2 | E108: 2.6 | H108: =G108*E108 -> 0 | K108: =J108-$H108 -> 0 | L108: =K108-$H108 -> 0 | M108: =L108-$H108 -> 0 | N108: =M108-$H108 -> 0 | O108: =N108-$H108 -> 0 | P108: =O108-$H108 -> 0 | Q108: =P108-$H108 -> 0 | R108: =Q108-$H108 -> 0 | S108: =R108-$H108 -> 0 | BL108: =(J108+BJ108)-BK108 -> 0
A109: 2615 | B109: G6 | C109: 15 OG | D109: G2 | E109: 2.7 | F109: =(BL109/G109)/7 -> 0.9710833 | G109: 662 | H109: =G109*E109 -> 1787.4 | I109: 5800 | J109: 4500 | K109: =J109-$H109 -> 2712.6 | L109: 3925 | M109: 5138 | N109: =M109-$H109 -> 3350.6 | O109: 5563 | P109: =O109-$H109 -> 3775.6 | Q109: 4980 | R109: =Q109-$H109 -> 3192.6 | S109: =R109-$H109 -> 1405.2 | AB109: 3000 | AH109: 3000 | AT109: 3000 | BF109: 3000 | BL109: =(J109+BJ109)-BK109 -> 4500
C110: 15 NG | D110: G2 | E110: 2.7 | H110: =G110*E110 -> 0 | K110: =J110-$H110 -> 0 | L110: =K110-$H110 -> 0 | M110: =L110-$H110 -> 0 | N110: =M110-$H110 -> 0 | O110: =N110-$H110 -> 0 | P110: =O110-$H110 -> 0 | Q110: =P110-$H110 -> 0 | R110: =Q110-$H110 -> 0 | S110: =R110-$H110 -> 0 | BL110: =(J110+BJ110)-BK110 -> 0
...

Sheet Porta L. Instruction
D1: CCC PIGS BULK FEED LOADING AND RECEIVING FORM | H1: CCC PIGS BULK FEED LOADING AND RECEIVING FORM | L1: CCC PIGS BULK FEED LOADING AND RECEIVING FORM | P1: CCC PIGS BULK FEED LOADING AND RECEIVING FORM | T1: CCC PIGS BULK FEED LOADING AND RECEIVING FORM | X1: CCC PIGS BULK FEED LOADING AND RECEIVING FORM | AB1: CCC PIGS BULK FEED LOADING AND RECEIVING FORM
D2: Farm/Site Name: | F2: Driver name: | H2: Farm/Site Name: | J2: Driver name: | L2: Farm/Site Name: | N2: Driver name: | P2: Farm/Site Name: | R2: Driver name: | T2: Farm/Site Name: | V2: Driver name: | X2: Farm/Site Name: | Z2: Driver name: | AB2: Farm/Site Name: | AD2: Driver name:
D3: Week No: | F3: Truck reg: | H3: Week No: | J3: Truck reg: | L3: Week No: | N3: Truck reg: | P3: Week No: | R3: Truck reg: | T3: Week No: | V3: Truck reg: | X3: Week No: | Z3: Truck reg: | AB3: Week No: | AD3: Truck reg:
D4: Date: | F4: Trailer reg: | H4: Date: | J4: Trailer reg: | L4: Date: | N4: Trailer reg: | P4: Date: | R4: Trailer reg: | T4: Date: | V4: Trailer reg: | X4: Date: | Z4: Trailer reg: | AB4: Date: | AD4: Trailer reg:
D5: Weighbridge Ticket No: | F5: System Shipment No: | H5: Weighbridge Ticket No: | J5: System Shipment No: | L5: Weighbridge Ticket No: | N5: System Shipment No: | P5: Weighbridge Ticket No: | R5: System Shipment No: | T5: Weighbridge Ticket No: | V5: System Shipment No: | X5: Weighbridge Ticket No: | Z5: System Shipment No: | AB5: Weighbridge Ticket No: | AD5: System Shipment No:
D6: Load start time: | F6: Load end time: | H6: Load start time: | J6: Load end time: | L6: Load start time: | N6: Load end time: | P6: Load start time: | R6: Load end time: | T6: Load start time: | V6: Load end time: | X6: Load start time: | Z6: Load end time: | AB6: Load start time: | AD6: Load end time:
D7: Offload start time: | F7: Offload end time: | H7: Offload start time: | J7: Offload end time: | L7: Offload start time: | N7: Offload end time: | P7: Offload start time: | R7: Offload end time: | T7: Offload start time: | V7: Offload end time: | X7: Offload start time: | Z7: Offload end time: | AB7: Offload start time: | AD7: Offload end time:
A9: AGE | B9: House # | D9: Monday | H9: Tuesday | L9: Wednesday | P9: Thursday | T9: Friday | X9: Saturday | AB9: Sunday | AF9: Totals
D10: Diet | E10: Kgs Ordered | F10: kgs Loaded | G10: Compartment No. | H10: Diet | I10: Kgs Ordered | J10: kgs Loaded | K10: Compartment No. | L10: Diet | M10: Kgs Ordered | N10: kgs Loaded | O10: Compartment No. | P10: Diet | Q10: Kgs Ordered | R10: kgs Loaded | S10: Compartment No. | T10: Diet | U10: Kgs Ordered | V10: kgs Loaded | W10: Compartment No. | X10: Diet | Y10: Kgs Ordered | Z10: kgs Loaded | AA10: Compartment No. | AB10: Diet | AC10: Kgs Ordered | AD10: kgs Loaded | AE10: Compartment No. | AF10: Kgs Ordered | AG10: Kg delivered
B11: DS1 | D11: Dry Sow | E11: ='[2]Porta Wk 34'!T28 -> 3000 | T11: DRY SOW | U11: 3000 | AF11: =SUM(E11,I11,M11,Q11,U11,Y11,AC11) -> 6000 | AG11: =SUM(F11,J11,N11,R11,V11,Z11,AD11) -> 0
B12: DS2 | E12: ='[2]Porta Wk 34'!T29 -> 0 | H12: D/S | I12: ='[2]Porta Wk 34'!Z29 -> 0 | T12: DRY SOW | U12: 3000 | X12: DRY SOW | AF12: =SUM(E12,I12,M12,Q12,U12,Y12,AC12) -> 3000 | AG12: =SUM(F12,J12,N12,R12,V12,Z12,AD12) -> 0
B13: DS4 | E13: ='[2]Porta Wk 34'!T30 -> 0 | P13: DRY SOW | Q13: 3000 | AF13: =SUM(E13,I13,M13,Q13,U13,Y13,AC13) -> 3000 | AG13: =SUM(F13,J13,N13,R13,V13,Z13,AD13) -> 0
B14: S/L | E14: ='[2]Porta Wk 34'!V34 -> 0 | H14: SUPER FLUSH | I14: ='[2]Porta Wk 34'!AB34 -> 3000 | AB14: SUPER FLUSH | AC14: 3000 | AF14: =SUM(E14,I14,M14,Q14,U14,Y14,AC14) -> 6000 | AG14: =SUM(F14,J14,N14,R14,V14,Z14,AD14) -> 0
B15: FH1 and 2 | D15: TRANSITION | E15: ='[2]Porta Wk 34'!V49 -> 3000 | T15: LG | U15: 3000 | AF15: =SUM(E15,I15,M15,Q15,U15,Y15,AC15) -> 6000 | AG15: =SUM(F15,J15,N15,R15,V15,Z15,AD15) -> 0
B16: FH3 and 4 | P16: LACTATE GILT | Q16: 3000 | AB16: LACTATE GILT | AC16: 3000 | AF16: =SUM(E16,I16,M16,Q16,U16,Y16,AC16) -> 6000 | AG16: =SUM(F16,J16,N16,R16,V16,Z16,AD16) -> 0
B17: DG3 | H17: Dry Gilt | I17: ='[2]Porta Wk 34'!AA36 -> 3000 | X17: DRY GILT | Y17: 3000 | AF17: =SUM(E17,I17,M17,Q17,U17,Y17,AC17) -> 6000 | AG17: =SUM(F17,J17,N17,R17,V17,Z17,AD17) -> 0
B18: FH 5 | AF18: =SUM(E18,I18,M18,Q18,U18,Y18,AC18) -> 0 | AG18: =SUM(F18,J18,N18,R18,V18,Z18,AD18) -> 0
A19: 4 Weeks | B19: W5 | I19: ='[2]Porta Wk 34'!AA85 -> 0 | L19: CREEP 2 | M19: ='[2]Porta Wk 34'!AG85 -> 3000 | Q19: ='[2]Porta Wk 34'!AM85 -> 0 | U19: ='[2]Porta Wk 34'!AS85 -> 0 | Y19: ='[2]Porta Wk 34'!AZ85 -> 0 | AC19: ='[2]Porta Wk 34'!BE85 -> 0 | AF19: =SUM(E19,I19,M19,Q19,U19,Y19,AC19) -> 3000 | AG19: =SUM(F19,J19,N19,R19,V19,Z19,AD19) -> 0
A20: 5 Weeks | B20: W4 | E20: ='[2]Porta Wk 34'!V86 -> 0 | H20: CREEP 3 | I20: ='[2]Porta Wk 34'!AB86 -> 3000 | M20: ='[2]Porta Wk 34'!AH86 -> 0 | Q20: ='[2]Porta Wk 34'!AN86 -> 0 | T20: CREEP 3 | U20: ='[2]Porta Wk 34'!AT86 -> 3000 | Y20: ='[2]Porta Wk 34'!AZ86 -> 0 | AC20: ='[2]Porta Wk 34'!BF86 -> 0 | AF20: =SUM(E20,I20,M20,Q20,U20,Y20,AC20) -> 6000 | AG20: =SUM(F20,J20,N20,R20,V20,Z20,AD20) -> 0
A21: 6 Weeks | B21: W3 | E21: ='[2]Porta Wk 34'!V87 -> 0 | I21: ='[2]Porta Wk 34'!AB87 -> 0 | M21: ='[2]Porta Wk 34'!AH87 -> 0 | Q21: ='[2]Porta Wk 34'!AN87 -> 0 | U21: ='[2]Porta Wk 34'!AT87 -> 0 | X21: CREEP 3 | Y21: ='[2]Porta Wk 34'!AZ87 -> 3000 | AC21: ='[2]Porta Wk 34'!BF87 -> 0 | AF21: =SUM(E21,I21,M21,Q21,U21,Y21,AC21) -> 3000 | AG21: =SUM(F21,J21,N21,R21,V21,Z21,AD21) -> 0
A22: 7 Weeks | B22: W2 | E22: ='[2]Porta Wk 34'!V88 -> 0 | I22: ='[2]Porta Wk 34'!AB88 -> 0 | M22: ='[2]Porta Wk 34'!AH88 -> 0 | Q22: ='[2]Porta Wk 34'!AO88 -> 0 | U22: ='[2]Porta Wk 34'!AU88 -> 0 | Y22: ='[2]Porta Wk 34'!AZ88 -> 0 | AB22: WEAN 1 CARA | AC22: ='[2]Porta Wk 34'!BG88 -> 3000 | AF22: =SUM(E22,I22,M22,Q22,U22,Y22,AC22) -> 3000 | AG22: =SUM(F22,J22,N22,R22,V22,Z22,AD22) -> 0
A23: 8 Weeks | B23: W1 | E23: ='[2]Porta Wk 34'!W89 -> 0 | I23: ='[2]Porta Wk 34'!AC89 -> 0 | L23: WEAN 1 CARA | M23: ='[2]Porta Wk 34'!AI89 -> 3000 | Q23: ='[2]Porta Wk 34'!AO89 -> 0 | U23: ='[2]Porta Wk 34'!AU89 -> 0 | X23: WEAN 1 CARA | Y23: ='[2]Porta Wk 34'!BA89 -> 3000 | AC23: ='[2]Porta Wk 34'!BG89 -> 0 | AF23: =SUM(E23,I23,M23,Q23,U23,Y23,AC23) -> 6000 | AG23: =SUM(F23,J23,N23,R23,V23,Z23,AD23) -> 0
A24: 9 Weeks | B24: W6 | E24: ='[2]Porta Wk 34'!W90 -> 0 | I24: ='[2]Porta Wk 34'!AC90 -> 0 | M24: ='[2]Porta Wk 34'!AI90 -> 0 | Q24: ='[2]Porta Wk 34'!AO90 -> 0 | U24: ='[2]Porta Wk 34'!AU90 -> 0 | Y24: ='[2]Porta Wk 34'!BA90 -> 0 | AC24: ='[2]Porta Wk 34'!BG90 -> 0 | AF24: =SUM(E24,I24,M24,Q24,U24,Y24,AC24) -> 0 | AG24: =SUM(F24,J24,N24,R24,V24,Z24,AD24) -> 0
A25: 10 Weeks | B25: DST3 | D25: WEAN 1 OTC | E25: ='[2]Porta Wk 34'!T94 -> 3000 | I25: ='[2]Porta Wk 34'!Z94 -> 0 | L25: WEAN 1 OTC | M25: ='[2]Porta Wk 34'!AF94 -> 3000 | Q25: ='[2]Porta Wk 34'!AL94 -> 0 | U25: ='[2]Porta Wk 34'!AR94 -> 0 | X25: WEAN 1 OTC | Y25: ='[2]Porta Wk 34'!AX94 -> 3000 | AF25: =SUM(E25,I25,M25,Q25,U25,Y25,AC25) -> 9000 | AG25: =SUM(F25,J25,N25,R25,V25,Z25,AD25) -> 0
A26: 11 Weeks | B26: DST2 | E26: ='[2]Porta Wk 34'!T97 -> 0 | H26: WEAN 1 OTC | I26: ='[2]Porta Wk 34'!Z97 -> 3000 | M26: ='[2]Porta Wk 34'!AF97 -> 0 | Q26: ='[2]Porta Wk 34'!AL97 -> 0 | T26: WEAN 1 OTC | U26: ='[2]Porta Wk 34'!AR97 -> 3000 | Y26: ='[2]Porta Wk 34'!AX97 -> 0 | AB26: Wean 1 OTC | AC26: ='[2]Porta Wk 34'!BD97 -> 3000 | AF26: =SUM(E26,I26,M26,Q26,U26,Y26,AC26) -> 9000 | AG26: =SUM(F26,J26,N26,R26,V26,Z26,AD26) -> 0
A27: 12 Weeks | B27: DST1 | D27: GROWER 1 | E27: ='[2]Porta Wk 34'!U100 -> 3000 | H27: GROWER 1 | I27: ='[2]Porta Wk 34'!AA100 -> 3000 | M27: ='[2]Porta Wk 34'!AG100 -> 0 | P27: WEAN 1 OTC | Q27: ='[2]Porta Wk 34'!AM100 -> 3000 | U27: ='[2]Porta Wk 34'!AS100 -> 0 | X27: GROWER 1 | Y27: ='[2]Porta Wk 34'!AY100 -> 3000 | AC27: ='[2]Porta Wk 34'!BE100 -> 0 | AF27: =SUM(E27,I27,M27,Q27,U27,Y27,AC27) -> 12000 | AG27: =SUM(F27,J27,N27,R27,V27,Z27,AD27) -> 0
A28: 13 Weeks | B28: DST4/G8 | D28: GROWER 1 | E28: ='[2]Porta Wk 34'!U103 -> 3000 | H28: GROWER 1 | I28: ='[2]Porta Wk 34'!AA103 -> 3000 | M28: ='[2]Porta Wk 34'!AG103 -> 0 | P28: GROWER 1 | Q28: ='[2]Porta Wk 34'!AM103 -> 3000 | T28: GROWER 2 | U28: ='[2]Porta Wk 34'!AS103 -> 3000 | Y28: ='[2]Porta Wk 34'!AY103 -> 0 | AB28: GROWER 1 | AC28: ='[2]Porta Wk 34'!BE103 -> 3000 | AF28: =SUM(E28,I28,M28,Q28,U28,Y28,AC28) -> 15000 | AG28: =SUM(F28,J28,N28,R28,V28,Z28,AD28) -> 0
A29: 14 Weeks | B29: G7 | D29: GROWER 2 | E29: ='[2]Porta Wk 34'!V106 -> 3000 | H29: GROWER 2 | I29: ='[2]Porta Wk 34'!AB106 -> 3000 | M29: ='[2]Porta Wk 34'!AH106 -> 0 | P29: GROWER 2 | Q29: ='[2]Porta Wk 34'!AN106 -> 3000 | T29: Grower 1 | U29: ='[2]Porta Wk 34'!AT106 -> 3000 | Y29: ='[2]Porta Wk 34'!AZ106 -> 0 | AB29: GROWER 1 | AC29: ='[2]Porta Wk 34'!BF106 -> 3000 | AF29: =SUM(E29,I29,M29,Q29,U29,Y29,AC29) -> 15000 | AG29: =SUM(F29,J29,N29,R29,V29,Z29,AD29) -> 0
A30: 15 Weeks | B30: G6 | E30: ='[2]Porta Wk 34'!V109 -> 0 | H30: GROWER 2 | I30: ='[2]Porta Wk 34'!AB109 -> 3000 | L30: GROWER 2 | M30: ='[2]Porta Wk 34'!AH109 -> 3000 | Q30: ='[2]Porta Wk 34'!AN109 -> 0 | T30: GROWER 2 | U30: ='[2]Porta Wk 34'!AT109 -> 3000 | Y30: ='[2]Porta Wk 34'!AZ109 -> 0 | AB30: GROWER 2 | AC30: ='[2]Porta Wk 34'!BF109 -> 3000 | AF30: =SUM(E30,I30,M30,Q30,U30,Y30,AC30) -> 12000 | AG30: =SUM(F30,J30,N30,R30,V30,Z30,AD30) -> 0
A31: 16 Weeks | B31: G5 | E31: ='[2]Porta Wk 34'!W112 -> 0 | I31: ='[2]Porta Wk 34'!AC112 -> 0 | L31: GROWER 3 | M31: ='[2]Porta Wk 34'!AI112 -> 3000 | P31: GROWER 3 | Q31: ='[2]Porta Wk 34'!AO112 -> 3000 | U31: ='[2]Porta Wk 34'!AU112 -> 0 | X31: GROWER 3 | Y31: ='[2]Porta Wk 34'!BA112 -> 3000 | AC31: ='[2]Porta Wk 34'!BG112 -> 0 | AF31: =SUM(E31,I31,M31,Q31,U31,Y31,AC31) -> 9000 | AG31: =SUM(F31,J31,N31,R31,V31,Z31,AD31) -> 0
A32: 17 Weeks | B32: G4 | D32: GROWER 3 | E32: ='[2]Porta Wk 34'!W115 -> 3000 | I32: ='[2]Porta Wk 34'!AC115 -> 0 | L32: GROWER 3 | M32: ='[2]Porta Wk 34'!AI115 -> 3000 | P32: GROWER 3 | Q32: ='[2]Porta Wk 34'!AO115 -> 3000 | U32: ='[2]Porta Wk 34'!AU115 -> 0 | X32: GROWER 3 | Y32: ='[2]Porta Wk 34'!BA115 -> 3000 | AC32: ='[2]Porta Wk 34'!BG115 -> 0 | AF32: =SUM(E32,I32,M32,Q32,U32,Y32,AC32) -> 12000 | AG32: =SUM(F32,J32,N32,R32,V32,Z32,AD32) -> 0
A33: 18 Weeks | B33: G3 | D33: GROWER 3 | E33: ='[2]Porta Wk 34'!W118 -> 3000 | I33: ='[2]Porta Wk 34'!AC118 -> 0 | L33: GROWER 3 | M33: ='[2]Porta Wk 34'!AI118 -> 3000 | P33: GROWER 3 | Q33: ='[2]Porta Wk 34'!AO118 -> 3000 | U33: ='[2]Porta Wk 34'!AV118 -> 0 | X33: FINISHER PROMOTE | Y33: ='[2]Porta Wk 34'!BB118 -> 3000 | AC33: ='[2]Porta Wk 34'!BH118 -> 0 | AF33: =SUM(E33,I33,M33,Q33,U33,Y33,AC33) -> 12000 | AG33: =SUM(F33,J33,N33,R33,V33,Z33,AD33) -> 0
A34: 19 Weeks | B34: G2 | D34: FINISHER PROMOTE | E34: ='[2]Porta Wk 34'!X122 -> 3000 | I34: ='[2]Porta Wk 34'!AD122 -> 0 | L34: FINISHER PROMOTE | M34: ='[2]Porta Wk 34'!AJ122 -> 3000 | P34: FINISHER PROMOTE | Q34: ='[2]Porta Wk 34'!AP122 -> 3000 | U34: ='[2]Porta Wk 34'!AV122 -> 0 | X34: FINISHER PROMOTE | Y34: ='[2]Porta Wk 34'!BB122 -> 3000 | AC34: ='[2]Porta Wk 34'!BH122 -> 0 | AF34: =SUM(E34,I34,M34,Q34,U34,Y34,AC34) -> 12000 | AG34: =SUM(F34,J34,N34,R34,V34,Z34,AD34) -> 0
A35: 20 Weeks | B35: G1 | E35: ='[2]Porta Wk 34'!X125 -> 0 | H35: FINISHER PROMOTE | I35: ='[2]Porta Wk 34'!AD125 -> 3000 | L35: FINISHER PROMOTE | M35: ='[2]Porta Wk 34'!AJ125 -> 3000 | Q35: ='[2]Porta Wk 34'!AP125 -> 0 | T35: FINISHER PROMOTE | U35: ='[2]Porta Wk 34'!AV125 -> 3000 | Y35: ='[2]Porta Wk 34'!BB125 -> 0 | AB35: FINISHER PROMOTE | AC35: ='[2]Porta Wk 34'!BH125 -> 3000 | AF35: =SUM(E35,I35,M35,Q35,U35,Y35,AC35) -> 12000 | AG35: =SUM(F35,J35,N35,R35,V35,Z35,AD35) -> 0
A36: 21 Weeks | B36: G10 | D36: FINISHER PROMOTE | E36: ='[2]Porta Wk 34'!X128 -> 3000 | I36: ='[2]Porta Wk 34'!AD128 -> 0 | L36: FINISHER PROMOTE | M36: ='[2]Porta Wk 34'!AJ128 -> 3000 | P36: FINISHER PROMOTE | Q36: ='[2]Porta Wk 34'!AP128 -> 3000 | T36: FINISHER PROMOTE | U36: ='[2]Porta Wk 34'!AV128 -> 3000 | Y36: ='[2]Porta Wk 34'!BB128 -> 0 | AB36: FINISHER PROMOTE | AC36: ='[2]Porta Wk 34'!BH128 -> 3000 | AF36: =SUM(E36,I36,M36,Q36,U36,Y36,AC36) -> 15000 | AG36: =SUM(F36,J36,N36,R36,V36,Z36,AD36) -> 0
A37: 22 Weeks | B37: G9 | E37: ='[2]Porta Wk 34'!X131 -> 0 | I37: ='[2]Porta Wk 34'!AD131 -> 0 | M37: ='[2]Porta Wk 34'!AJ131 -> 0 | Q37: ='[2]Porta Wk 34'!AP131 -> 0 | U37: ='[2]Porta Wk 34'!AV131 -> 0 | Y37: ='[2]Porta Wk 34'!BB131 -> 0 | AC37: ='[2]Porta Wk 34'!BH131 -> 0 | AF37: =SUM(E37,I37,M37,Q37,U37,Y37,AC37) -> 0 | AG37: =SUM(F37,J37,N37,R37,V37,Z37,AD37) -> 0
A38: 23 Weeks | E38: ='[2]Porta Wk 34'!X134 -> 0 | I38: ='[2]Porta Wk 34'!AD134 -> 0 | M38: ='[2]Porta Wk 34'!AJ134 -> 0 | Q38: ='[2]Porta Wk 34'!AP134 -> 0 | U38: ='[2]Porta Wk 34'!AV134 -> 0 | Y38: ='[2]Porta Wk 34'!BB134 -> 0 | AC38: ='[2]Porta Wk 34'!BD134 -> 0 | AF38: =SUM(E38,I38,M38,Q38,U38,Y38,AC38) -> 0 | AG38: =SUM(F38,J38,N38,R38,V38,Z38,AD38) -> 0
A39: 10 Weeks | B39: DST4 | X39: WEAN 1 OTC | Y39: 3000 | AB39: Wean 1 OTC | AC39: 3000 | AF39: =SUM(E39,I39,M39,Q39,U39,Y39,AC39) -> 6000 | AG39: =SUM(F39,J39,N39,R39,V39,Z39,AD39) -> 0
AF40: =SUM(E40,I40,M40,Q40,U40,Y40,AC40) -> 0 | AG40: =SUM(F40,J40,N40,R40,V40,Z40,AD40) -> 0
B41: Total | E41: =SUM(E11:E40) -> 30000 | I41: =SUM(I11:I40) -> 27000 | M41: =SUM(M11:M40) -> 30000 | Q41: =SUM(Q11:Q40) -> 30000 | U41: =SUM(U11:U40) -> 30000 | Y41: =SUM(Y11:Y40) -> 30000 | AC41: =SUM(AC11:AC40) -> 30000 | AF41: =SUM(AF11:AF40) -> 207000 | AG41: =SUM(AG11:AG40) -> 0
D43: Loaded by | F43: Received by | H43: Loaded by | J43: Received by | L43: Loaded by | N43: Received by | P43: Loaded by | R43: Received by | T43: Loaded by | V43: Received by | X43: Loaded by | Z43: Received by | AB43: Loaded by | AD43: Received by
D44: Checked by | F44: Checked by | H44: Checked by | J44: Checked by | L44: Checked by | N44: Checked by | P44: Checked by | R44: Checked by | T44: Checked by | V44: Checked by | X44: Checked by | Z44: Checked by | AB44: Checked by | AD44: Checked by
D45: Authorized by | F45: Authorized by | H45: Authorized by | J45: Authorized by | L45: Authorized by | N45: Authorized by | P45: Authorized by | R45: Authorized by | T45: Authorized by | V45: Authorized by | X45: Authorized by | Z45: Authorized by | AB45: Authorized by | AD45: Authorized by

Sheet Lionshead Wk 34
A1: WEANER BULK FEED ORDER REQUIRED | K1: MAINSITE BULK FEED ORDER REQUIRED
A2: DIET | B2: Sun | C2: Mon | D2: Tue | E2: Wed | F2: Thu | G2: Fri | H2: Sat | I2: Sun | K2: DIET | L2: Sun | M2: Mon | N2: Tue | O2: Wed | P2: Thu | Q2: Fri | R2: Sat | S2: Sun
A3: Creep 1 | B3: =SUM(T85:T90) -> 0 | C3: =SUM(Z85:Z90) -> 0 | D3: =SUM(AF85:AF90) -> 0 | E3: =SUM(AL85:AL90) -> 0 | F3: =SUM(AR85:AR90) -> 0 | G3: =SUM(AX85:AX90) -> 0 | H3: =SUM(BJ85:BJ90) -> 0 | I3: 0 | K3: Dry Sow | L3: =SUM(T28:T41) -> 0 | M3: =SUM(Z28:Z41) -> 0 | N3: =SUM(AF28:AF41) -> 0 | O3: =SUM(AL28:AL41) -> 0 | P3: =SUM(AR28:AR41) -> 9000 | Q3: =SUM(AX28:AX41) -> 0 | R3: =SUM(BD28:BD41) -> 0 | S3: =SUM(BJ28:BJ41) -> 0
A4: Creep 2 | B4: =SUM(U85:U90) -> 0 | C4: =SUM(AA85:AA90) -> 0 | D4: =SUM(AG85:AG90) -> 0 | E4: =SUM(AM85:AM90) -> 0 | F4: =SUM(AS85:AS90) -> 0 | G4: =SUM(AY85:AY90) -> 0 | H4: 0 | I4: =BK85+BK86+BK87+BK88+BK89+BK90 -> 0 | K4: Supa flush | L4: =SUM(V28:V41) -> 0 | M4: =AB34 -> 0 | N4: =AH34 -> 0 | O4: =AN34 -> 0 | P4: =AT34 -> 0 | Q4: =AZ34 -> 0 | R4: =BF34 -> 0 | S4: =BL34 -> 0
A5: CREEP 3 | B5: =SUM(V85:V90) -> 0 | C5: =SUM(AB85:AB90) -> 0 | D5: =SUM(AH85:AH90) -> 0 | E5: =SUM(AN85:AN90) -> 0 | F5: =SUM(AT85:AT90) -> 6000 | G5: =SUM(AZ85:AZ90) -> 0 | H5: =SUM(BF85:BF90) -> 0 | I5: =BL85+BL86+BL87+BL88+BL89+BL90 -> 0 | K5: Dry gilt | L5: =SUM(U28:U41) -> 0 | M5: =SUM(AA28:AA41) -> 0 | N5: =SUM(AG28:AG41) -> 0 | O5: =SUM(AM28:AM41) -> 0 | P5: =SUM(AS28:AS41) -> 0 | Q5: =SUM(AY28:AY41) -> 0 | R5: =SUM(BE28:BE41) -> 0 | S5: =SUM(BK28:BK41) -> 0
A6: WEAN 1 | B6: =SUM(W85:W90) -> 0 | C6: =SUM(AC85:AC90) -> 0 | D6: =SUM(AI85:AI90) -> 6000 | E6: =SUM(AO85:AO90) -> 0 | F6: =SUM(AU85:AU90) -> 3000 | G6: =SUM(BA85:BA90) -> 0 | H6: =SUM(BG85:BG90) -> 0 | I6: =SUM(BM85:BM90) -> 0 | K6: Lact Sow | L6: =SUM(T47:T62) -> 0 | M6: =SUM(Z47:Z62) -> 0 | N6: =SUM(AF47:AF62) -> 0 | O6: =SUM(AL47:AL62) -> 0 | P6: =SUM(AR47:AR62) -> 0 | Q6: =SUM(AX47:AX62) -> 0 | R6: =SUM(BD47:BD62) -> 0 | S6: =SUM(BJ47:BJ62) -> 0
A7: TOTAL | B7: =SUM(B3:B6) -> 0 | C7: =SUM(C3:C6) -> 0 | D7: =SUM(D3:D6) -> 6000 | E7: =SUM(E3:E6) -> 0 | F7: =SUM(F3:F6) -> 9000 | G7: =SUM(G3:G6) -> 0 | H7: =SUM(H3:H6) -> 0 | I7: =SUM(I3:I6) -> 0 | K7: Transition | L7: =SUM(V47:V62) -> 0 | M7: =SUM(AB47:AB62) -> 0 | N7: =SUM(AH47:AH62) -> 0 | O7: =SUM(AN47:AN62) -> 0 | P7: =SUM(AT47:AT62) -> 0 | Q7: =SUM(AZ47:AZ62) -> 0 | R7: =SUM(BF47:BF62) -> 0 | S7: =SUM(BL47:BL62) -> 0
K8: Lact gilt | L8: =SUM(U47:U62) -> 0 | M8: =SUM(AA47:AA62) -> 0 | N8: =SUM(AG47:AG62) -> 0 | O8: =SUM(AM47:AM62) -> 0 | P8: =SUM(AS47:AS62) -> 0 | Q8: =SUM(AY47:AY62) -> 0 | R8: =SUM(BE47:BE62) -> 0 | S8: =SUM(BK47:BK62) -> 0
A9: GROWER BULK FEED ORDER REQUIRED | K9: 90 plus | L9: =SUM(W28:W41) -> 0 | M9: =SUM(AC28:AC41) -> 0 | N9: =SUM(AI28:AI41) -> 0 | O9: 0 | P9: =SUM(AU28:AU41) -> 0 | Q9: =SUM(BA28:BA41) -> 0 | R9: =SUM(BG28:BG41) -> 0 | S9: =SUM(BM28:BM41) -> 0
A10: DIET | B10: Sun | C10: Mon | D10: Tue | E10: Wed | F10: Thu | G10: Fri | H10: Sat | I10: Sun
A11: W1 | B11: =SUM(T94:T136) -> 0 | C11: =SUM(Z94:Z136) -> 0 | D11: =SUM(AF94:AF136) -> 9000 | E11: =SUM(AL94:AL136) -> 0 | F11: =SUM(AR94:AR136) -> 6000 | G11: =SUM(AX94:AX136) -> 0 | H11: =SUM(BD94:BD136) -> 0 | I11: =SUM(BJ94:BJ136) -> 0
A12: GR 1 | B12: =SUM(U94:U136) -> 0 | C12: =SUM(AA94:AA136) -> 0 | D12: =SUM(AG94:AG136) -> 12000 | E12: =SUM(AM94:AM136) -> 0 | F12: =SUM(AS94:AS136) -> 6000 | G12: =SUM(AY94:AY136) -> 0 | H12: =SUM(BE94:BE136) -> 0 | I12: =SUM(BK94:BK136) -> 0 | K12: TOTAL | L12: =SUM(L3:L9) -> 0 | M12: =SUM(M3:M9) -> 0 | N12: =SUM(N3:N9) -> 0 | O12: =SUM(O3:O9) -> 0 | P12: =SUM(P3:P9) -> 9000 | Q12: =SUM(Q3:Q9) -> 0 | R12: =SUM(R3:R9) -> 0 | S12: =SUM(S3:S9) -> 0
A13: GR 2 | B13: =SUM(V94:V136) -> 0 | C13: =SUM(AB94:AB136) -> 0 | D13: =SUM(AH94:AH136) -> 12000 | E13: =SUM(AN94:AN136) -> 0 | F13: =SUM(AT94:AT136) -> 6000 | G13: =SUM(AZ94:AZ136) -> 0 | H13: =SUM(BF94:BF136) -> 0 | I13: =SUM(BL94:BL136) -> 0
A14: GR 3 | B14: =SUM(W94:W136) -> 0 | C14: =SUM(AC94:AC136) -> 0 | D14: =SUM(AI94:AI136) -> 6000 | E14: =AO112+AO115 -> 0 | F14: =SUM(AU94:AU136) -> 9000 | G14: =SUM(BA94:BA136) -> 0 | H14: =SUM(BG94:BG136) -> 0 | I14: =SUM(BM94:BM136) -> 0 | K14: GILT RATIONS
A15: Fin | B15: =SUM(X94:X136) -> 0 | C15: =SUM(AD94:AD136) -> 0 | D15: =SUM(AJ94:AJ136) -> 15000 | E15: =SUM(AP94:AP136) -> 0 | F15: =SUM(AV94:AV136) -> 15000 | G15: =SUM(BB94:BB136) -> 0 | H15: =SUM(BH94:BH136) -> 0 | I15: =SUM(BN94:BN136) -> 0 | K15: DIET | L15: Sun | M15: Mon | N15: Tue | O15: Wed | P15: Thu | Q15: Fri | R15: Sat | S15: Sun
A16: TOTAL | B16: =SUM(B11:B15) -> 0 | C16: =SUM(C11:C15) -> 0 | D16: =SUM(D11:D15) -> 54000 | E16: =SUM(E11:E15) -> 0 | F16: =SUM(F11:F15) -> 42000 | G16: =SUM(G11:G15) -> 0 | H16: =SUM(H11:H15) -> 0 | I16: =SUM(I11:I15) -> 0 | K16: Gilt 1 | L16: =SUM(T66:T77) -> 0 | M16: =SUM(Z66:Z77) -> 0 | N16: =SUM(AF66:AF77) -> 0 | O16: =SUM(AL66:AL77) -> 0 | P16: =SUM(AR66:AR77) -> 0 | Q16: =SUM(AX66:AX77) -> 0 | R16: =SUM(BD66:BD77) -> 0 | S16: =SUM(BJ66:BJ77) -> 0
J17: TOTAL BULK ORDER | K17: Gilt 2 | L17: =SUM(U66:U77) -> 0 | M17: =SUM(AA66:AA77) -> 0 | N17: =SUM(AG66:AG77) -> 0 | O17: =SUM(AM66:AM77) -> 0 | P17: =SUM(AS66:AS77) -> 0 | Q17: =SUM(AY66:AY77) -> 0 | R17: =SUM(BE66:BE77) -> 0 | S17: =SUM(BK66:BK77) -> 0
A18: Comb total | B18: =B7+B16+L12+L25 -> 0 | C18: =C7+C16+M12 -> 0 | D18: =D7+D16+N12 -> 60000 | E18: =E7+E16+O12 -> 0 | F18: =F7+F16+P12 -> 60000 | G18: =G7+G16+Q12 -> 0 | H18: =H7+H16+R12 -> 0 | I18: =I7+I16+S12 -> 0 | J18: =SUM(C18:I18) -> 120000 | K18: Gilt 3 | L18: =SUM(V66:V77) -> 0 | M18: =SUM(AB66:AB77) -> 0 | N18: =SUM(AH66:AH77) -> 0 | O18: =SUM(AN66:AN77) -> 0 | P18: =SUM(AT66:AT77) -> 0 | Q18: =SUM(AZ66:AZ77) -> 0 | R18: =SUM(BF66:BF77) -> 0 | S18: =SUM(BL66:BL77) -> 0
A19: Max allowable | B19: 0 | C19: 60000 | F19: 60000 | J19: =SUM(C19:I19) -> 120000 | K19: Gilt 4 | L19: =SUM(W66:W77) -> 0 | M19: =SUM(AC66:AC77) -> 0 | N19: =SUM(AI66:AI77) -> 0 | O19: =SUM(AO66:AO77) -> 0 | P19: =SUM(AU66:AU77) -> 0 | Q19: =SUM(BA66:BA77) -> 0 | R19: =SUM(BG66:BG77) -> 0 | S19: =SUM(BM66:BM77) -> 0
A20: Difference | J20: =J18-J19 -> 0 | K20: Gilt 4.1 | L20: =SUM(X66:X77) -> 0 | M20: =SUM(AD66:AD77) -> 0 | N20: =SUM(AJ66:AJ77) -> 0 | O20: =SUM(AP66:AP77) -> 0 | P20: =SUM(AV66:AV77) -> 0 | Q20: =SUM(BB66:BB77) -> 0 | R20: =SUM(BH66:BH77) -> 0 | S20: =SUM(BN66:BN77) -> 0
K21: Gilt 5 | L21: =SUM(Y66:Y77) -> 0 | M21: =SUM(AE66:AE77) -> 0 | N21: =SUM(AK66:AK77) -> 0 | O21: =SUM(AQ66:AQ77) -> 0 | P21: =SUM(AW66:AW77) -> 0 | Q21: =SUM(BC66:BC77) -> 0 | R21: =SUM(BI66:BI77) -> 0 | S21: =SUM(BO66:BO77) -> 0
K25: TOTAL | L25: =SUM(L16:L21) -> 0 | M25: =SUM(M16:M21) -> 0 | N25: =SUM(N16:N24) -> 0 | O25: =SUM(O16:O24) -> 0 | P25: =SUM(P16:P24) -> 0 | Q25: =SUM(Q16:Q24) -> 0 | R25: =SUM(R16:R24) -> 0 | S25: =SUM(S16:S24) -> 0
A26: MAINSITE BULK FEED ORDER
A27: Batch # | B27: House # | C27: AGE | D27: DIET | E27: INTAKE | F27: Actual intake | G27: NOP | H27: Batch intake | I27: BFT max | J27: BFT level | K27: Monday | L27: Tuesday | M27: Wednesday | N27: Thursday | O27: Friday | P27: Saturday | Q27: Sunday | R27: Monday | S27: Tuesday | T27: Sun-Dry Sow | U27: Sun-Dry Gilt | V27: Sun-Supaflash | W27: Sun-90 Plus | X27: Sun | Y27: Sun | Z27: Mon-Dry Sow | AA27: Mon-Dry Gilt | AB27: Mon-Supaflash | AC27: Mon-90 Plus | AD27: Mon | AE27: Mon | AF27: Tues-Dry Sow | AG27: Tues-Dry Gilt | AH27: Tues-Supaflsh | AI27: Tues-90 plus | AK27: Tues | AL27: Wed-Dry Sow | AM27: Wed-Dry Gilt | AN27: Wed-Supaflash | AO27: Wed- 90 Plus | AP27: Wed | AQ27: Wed | AR27: Thur-Dry Sow | AS27: Thur-Dry Gilt | AT27: Thur-Supaflash | AU27: Thur- 90 plus | AV27: Thur | AW27: Thur | AX27: Fri-Dry Sow | AY27: Fri-Dry Gilt | AZ27: Fri-Supaflash | BA27: Fri - 90 plus | BB27: Fri | BC27: Fri | BD27: Sat-Dry Sow | BE27: Sat-Dry Gilt | BF27: Sat-Supaflash | BG27: Sat- 90 plus | BH27: Sat | BI27: Sat | BJ27: Sun-Dry Sow | BK27: Sun-Dry Gilt | BL27: Sun-Supaflash | BM27: Sun- 90 plus | BN27: Sun | BO27: Sun | BP27: total delivered | BQ27: bft closing | BR27: actual consumed
B28: DS1 | C28: 15wks, 14wks, 13wks, 10wks | D28: Dry Sow | E28: 2.5 | F28: =(BR28/G28)/4 -> #DIV/0! | H28: =G28*E28 -> 0 | K28: =J28-$H28 -> 0 | L28: =K28-$H28 -> 0 | M28: =L28-$H28 -> 0 | N28: =M28-$H28 -> 0 | O28: =N28-$H28 -> 0 | P28: =O28-$H28 -> 0 | Q28: =P28-$H28 -> 0 | R28: =Q28-$H28 -> 0 | S28: =R28-$H28 -> 0 | BR28: =BP28-BQ28 -> 0 | BT28: =SUM(Z28:BO28) -> 0
B29: DS2 | C29: 12wk,11wk,9wk 8wk, 7wk, 6wk, | D29: Dry Sow | E29: 3 | F29: =(BR29/G29)/7 -> 0.59411288 | G29: 529 | H29: =G29*E29 -> 1587 | I29: 9000 | J29: 6800 | K29: =J29-$H29 -> 5213 | L29: =K29-$H29 -> 3626 | M29: =L29-$H29 -> 2039 | N29: 9452 | O29: =N29-$H29 -> 7865 | P29: =O29-$H29 -> 6278 | Q29: =P29-$H29 -> 4691 | R29: =Q29-$H29 -> 3104 | S29: =R29-$H29 -> 1517 | AR29: 9000 | BP29: 9000 | BQ29: =J29 -> 6800 | BR29: =BP29-BQ29 -> 2200 | BT29: =SUM(Z29:BO29) -> 9000
B30: DS4 | C30: 5wk,4wk,3wks,2wks,1wks,0wks | D30: Dry Sow | E30: 2.8 | F30: =(BR30/G30)/7 -> -1.7142857 | G30: 50 | H30: =G30*E30 -> 140 | I30: 4000 | J30: 3600 | K30: =J30-$H30 -> 3460 | L30: =K30-$H30 -> 3320 | M30: =L30-$H30 -> 3180 | N30: =M30-$H30 -> 3040 | O30: =N30-$H30 -> 2900 | P30: =O30-$H30 -> 2760 | Q30: =P30-$H30 -> 2620 | R30: =Q30-$H30 -> 2480 | S30: =R30-$H30 -> 2340 | BP30: 3000 | BQ30: =J30 -> 3600 | BR30: =BP30-BQ30 -> -600 | BT30: =SUM(Z30:BO30) -> 0
D31: Dry Sow | E31: 2.5 | F31: =(BR31/G31)/7 -> #DIV/0! | H31: =G31*E31 -> 0 | K31: =J31-$H31 -> 0 | L31: =K31-$H31 -> 0 | M31: =L31-$H31 -> 0 | N31: =M31-$H31 -> 0 | O31: =N31-$H31 -> 0 | P31: =O31-$H31 -> 0 | Q31: =P31-$H31 -> 0 | R31: =Q31-$H31 -> 0 | S31: =(R31-$H31)+AO31 -> 0 | BT31: =SUM(Z31:BO31) -> 0
D32: Dry Sow | E32: 3 | F32: =(BR32/G32)/7 -> #DIV/0! | H32: =G32*E32 -> 0 | K32: =J32-$H32 -> 0 | L32: =K32-$H32 -> 0 | M32: =L32-$H32 -> 0 | N32: =M32-$H32 -> 0 | O32: =N32-$H32 -> 0 | P32: =O32-$H32 -> 0 | Q32: =P32-$H32 -> 0 | R32: =Q32-$H32 -> 0 | S32: =(R32-$H32) -> 0 | BT32: =SUM(Z32:BO32) -> 0
D33: Dry Sow | E33: 3 | F33: =(BR33/G33)/7 -> #DIV/0! | H33: =G33*E33 -> 0 | K33: =J33-$H33 -> 0 | L33: =K33-$H33 -> 0 | M33: =L33-$H33 -> 0 | N33: =M33-$H33 -> 0 | O33: =N33-$H33 -> 0 | P33: =O33-$H33 -> 0 | Q33: =P33-$H33 -> 0 | R33: =Q33-$H33 -> 0 | S33: =(R33-$H33) -> 0 | BT33: =SUM(Z33:BO33) -> 0
B34: SL | D34: Supa Flush | E34: 6 | F34: =(BR34/G34)/7 -> #DIV/0! | H34: =G34*E34 -> 0 | K34: =J34-$H34 -> 0 | L34: =K34-$H34 -> 0 | M34: =L34-$H34 -> 0 | N34: =M34-$H34 -> 0 | O34: =N34-$H34 -> 0 | P34: =O34-$H34 -> 0 | Q34: =P34-$H34 -> 0 | R34: =Q34-$H34 -> 0 | S34: =R34-$H34 -> 0 | BR34: =BP34-BQ34 -> 0 | BT34: =SUM(Z34:BO34) -> 0
B35: SL | D35: Supa Flush | E35: 6 | F35: =(BR35/G35)/7 -> #DIV/0! | H35: =G35*E35 -> 0 | K35: =J35-$H35 -> 0 | L35: =K35-$H35 -> 0 | M35: =L35-$H35 -> 0 | N35: =M35-$H35 -> 0 | O35: =N35-$H35 -> 0 | P35: =O35-$H35 -> 0 | Q35: =P35-$H35 -> 0 | R35: =Q35-$H35 -> 0 | S35: =R35-$H35 -> 0 | BT35: =SUM(Z35:BO35) -> 0
B36: DS3 | C36: all preg gilts | D36: Dry Gilt | E36: 2.5 | F36: =(BR36/G36)/7 -> #DIV/0! | H36: =G36*E36 -> 0 | K36: =J36-$H36 -> 0 | L36: =K36-$H36 -> 0 | M36: =L36-$H36 -> 0 | N36: =M36-$H36 -> 0 | O36: =N36-$H36 -> 0 | P36: =O36-$H36 -> 0 | Q36: =P36-$H36 -> 0 | R36: =Q36-$H36 -> 0 | S36: =R36-$H36 -> 0 | BR36: =BP36-BQ36 -> 0 | BT36: =SUM(Z36:BO36) -> 0
D37: Dry Gilt | E37: 2.5 | F37: =(BR37/G37)/7 -> #DIV/0! | H37: =G37*E37 -> 0 | K37: =J37-$H37 -> 0 | L37: =K37-$H37 -> 0 | M37: =L37-$H37 -> 0 | N37: =M37-$H37 -> 0 | O37: =N37-$H37 -> 0 | P37: =O37-$H37 -> 0 | Q37: =P37-$H37 -> 0 | R37: =Q37-$H37 -> 0 | S37: =R37-$H37 -> 0 | BT37: =SUM(Z37:BO37) -> 0
D38: Dry Gilt | E38: 2.5 | F38: =(BR38/G38)/7 -> #DIV/0! | H38: =G38*E38 -> 0 | K38: =J38-$H38 -> 0 | L38: =K38-$H38 -> 0 | M38: =L38-$H38 -> 0 | N38: =M38-$H38 -> 0 | O38: =N38-$H38 -> 0 | P38: =O38-$H38 -> 0 | Q38: =P38-$H38 -> 0 | R38: =Q38-$H38 -> 0 | S38: =R38-$H38 -> 0 | BT38: =SUM(Z38:BO38) -> 0
D39: Dry Gilt | E39: 2.5 | F39: =(BR39/G39)/7 -> #DIV/0! | H39: =G39*E39 -> 0 | K39: =J39-$H39 -> 0 | L39: =K39-$H39 -> 0 | M39: =L39-$H39 -> 0 | N39: =M39-$H39 -> 0 | O39: =N39-$H39 -> 0 | P39: =O39-$H39 -> 0 | Q39: =P39-$H39 -> 0 | R39: =Q39-$H39 -> 0 | S39: =R39-$H39 -> 0 | BT39: =SUM(Z39:BO39) -> 0
D40: Dry Gilt | E40: 3 | F40: =(BR40/G40)/7 -> #DIV/0! | H40: =G40*E40 -> 0 | K40: =(J40-$H40)+AY40 -> 0 | L40: =(K40-$H40)+BE40 -> 0 | M40: =(L40-$H40)+BK40 -> 0 | N40: =(M40-$H40)+AA40 -> 0 | O40: =(N40-$H40)+AG40 -> 0 | P40: =(O40-$H40)+AM40 -> 0 | Q40: =(P40-$H40)+AS40 -> 0 | R40: =Q40-$H40 -> 0 | S40: =R40-$H40 -> 0 | BT40: =SUM(Z40:BO40) -> 0
D41: Dry Gilt | E41: 3 | F41: =(BR41/G41)/7 -> #DIV/0! | H41: =G41*E41 -> 0 | K41: =(J41-$H41)+AY41 -> 0 | L41: =(K41-$H41)+BE41 -> 0 | M41: =(L41-$H41)+BK41 -> 0 | N41: =(M41-$H41)+AA41 -> 0 | O41: =(N41-$H41)+AG41 -> 0 | P41: =(O41-$H41)+AM41 -> 0 | Q41: =(P41-$H41)+AS41 -> 0 | R41: =Q41-$H41 -> 0 | S41: =R41-$H41 -> 0 | BT41: =SUM(Z41:BO41) -> 0
Z42: =SUM(Z28:Z41) -> 0 | AA42: =SUM(AA28:AA41) -> 0 | AB42: =SUM(AB28:AB41) -> 0 | AC42: =SUM(AC28:AC41) -> 0 | AD42: =SUM(AD28:AD41) -> 0 | AE42: =SUM(AE28:AE41) -> 0 | AF42: =SUM(AF28:AF41) -> 0 | AG42: =SUM(AG28:AG41) -> 0 | ... BO42: =SUM(BO28:BO41) -> 0 | BS42: =SUM(Z42:BR42) -> 9000 | BT42: =SUM(BT28:BT41) -> 9000
A45: MAINSITE BULK FEED ORDER | L45: =+L48+K48 -> 6992 | M45: =+M48-L48 -> -336
A46: Batch # | B46: House # | C46: AGE | D46: DIET | E46: INTAKE | F46: Actual intake | G46: NOP | H46: Batch intake | I46: BFT max | J46: BFT level | K46: Monday | L46: Tuesday | M46: Wednesday | N46: Thursday | O46: Friday | P46: Saturday | Q46: Sunday | R46: Monday | S46: Tuesday | T46: Sun-L Sow | U46: Sun- L Gilt | V46: Sun-Trans | W46: Sun | X46: Sun | Y46: Sun | Z46: Mon-L Sow | AA46: Mon- L Gilt | AB46: Mon-Trans | AC46: Mon | AD46: Mon | AE46: Mon | AF46: Tue-L Sow | AG46: Tue- L Gilt | AH46: Tue-Trans | AI46: Tues | AJ46: Tues | AK46: Tues | AL46: Wed-L Sow | AM46: Wed- L Gilt | AN46: Wed-Trans | AO46: Wed | AP46: Wed | AQ46: Wed | AR46: Thur-L Sow | AS46: Thur- L Gilt | AT46: Thur-Trans | AU46: Thur | AV46: Thur | AW46: Thur | AX46: Fri-L Sow | AY46: Fri- L Gilt | AZ46: Fri-Trans | BA46: Fri | BB46: Fri | BC46: Fri | BD46: Sat-L Sow | BE46: Sat- L Gilt | BF46: Sat-Trans | BG46: Sat | BH46: Sat | BI46: Sat | BJ46: Sun-L Sow | BK46: Sun- L Gilt | BL46: Sun-Trans | BM46: Sun | BN46: Sun | BO46: Sun | BP46: total delivered | BQ46: bft closing | BR46: actual consumed
D47: LACTATE SOW | F47: =(BR47/G47)/7 -> #DIV/0! | H47: =G47*E47 -> 0 | K47: =J47-H47 -> 0 | L47: =K47-$H47 -> 0 | M47: =L47-$H47 -> 0 | N47: =M47-$H47 -> 0 | O47: =N47-$H47 -> 0 | P47: =O47-$H47 -> 0 | Q47: =P47-$H47 -> 0 | R47: =Q47-$H47 -> 0 | S47: =R47-$H47 -> 0 | BT47: =SUM(Z47:BO47) -> 0
B48: FH 1 | C48: 3 week | D48: LACTATE GILT | E48: 6 | F48: =(BR48/G48)/7 -> 0 | G48: 56 | H48: =G48*E48 -> 336 | I48: 4000 | J48: 4000 | K48: =J48-$H48 -> 3664 | L48: =K48-$H48 -> 3328 | M48: =L48-$H48 -> 2992 | N48: =M48-$H48 -> 2656 | O48: =N48-$H48 -> 2320 | P48: =O48-$H48 -> 1984 | Q48: =P48-$H48 -> 1648 | R48: =Q48-$H48 -> 1312 | S48: =R48-$H48 -> 976 | BR48: =BP48-BQ48 -> 0 | BT48: =SUM(Z48:BO48) -> 0
D49: TRANSITION | E49: 2.5 | F49: =(BR49/G49)/7 -> #DIV/0! | H49: =G49*E49 -> 0 | K49: =J49-$H49 -> 0 | L49: =K49-$H49 -> 0 | M49: =L49-$H49 -> 0 | N49: =M49-$H49 -> 0 | O49: =N49-$H49 -> 0 | P49: =O49-$H49 -> 0 | Q49: =P49-$H49 -> 0 | R49: =Q49-$H49 -> 0 | S49: =R49-$H49 -> 0 | BR49: =BP49-BQ49 -> 0 | BT49: =SUM(Z49:BO49) -> 0
D50: LACTATE SOW | F50: =(BR50/G50)/7 -> #DIV/0! | H50: =G50*E50 -> 0 | K50: =J50-$H50 -> 0 | L50: =K50-$H50 -> 0 | M50: =L50-$H50 -> 0 | N50: =M50-$H50 -> 0 | O50: =N50-$H50 -> 0 | P50: =O50-$H50 -> 0 | Q50: =P50-$H50 -> 0 | R50: =Q50-$H50 -> 0 | S50: =R50-$H50 -> 0 | BR50: =BP50-BQ50 -> 0 | BT50: =SUM(Z50:BO50) -> 0
B51: FH 2 | C51: 3 & active | D51: LACTATE GILT | E51: 11 | F51: =(BR51/G51)/7 -> 0 | G51: 100 | H51: =G51*E51 -> 1100 | I51: 5000 | J51: 5000 | K51: =J51-$H51 -> 3900 | L51: =K51-$H51 -> 2800 | M51: =L51-$H51 -> 1700 | N51: =M51-$H51 -> 600 | O51: =N51-$H51 -> -500 | P51: =O51-$H51 -> -1600 | Q51: =P51-$H51 -> -2700 | R51: =Q51-$H51 -> -3800 | S51: =R51-$H51 -> -4900 | BR51: =BP51-BQ51 -> 0 | BT51: =SUM(Z51:BO51) -> 0
D52: TRANSITION | E52: 2.5 | F52: =(BR52/G52)/7 -> #DIV/0! | H52: =G52*E52 -> 0 | K52: =J52-$H52 -> 0 | L52: =K52-$H52 -> 0 | M52: =L52-$H52 -> 0 | N52: =M52-$H52 -> 0 | O52: =N52-$H52 -> 0 | P52: =O52-$H52 -> 0 | Q52: =P52-$H52 -> 0 | R52: =Q52-$H52 -> 0 | S52: =R52-$H52 -> 0 | BR52: =BP52-BQ52 -> 0 | BT52: =SUM(Z52:BO52) -> 0
D53: TRANSITION | E53: 2.5 | F53: =(BR53/G53)/7 -> #DIV/0! | H53: =G53*E53 -> 0 | K53: =J53-$H53 -> 0 | L53: =K53-$H53 -> 0 | M53: =L53-$H53 -> 0 | N53: =M53-$H53 -> 0 | O53: =N53-$H53 -> 0 | P53: =O53-$H53 -> 0 | Q53: =P53-$H53 -> 0 | R53: =Q53-$H53 -> 0 | S53: =R53-$H53 -> 0 | BR53: =BP53-BQ53 -> 0 | BT53: =SUM(Z53:BO53) -> 0
D54: LACTATE SOW | F54: =(BR54/G54)/7 -> #DIV/0! | H54: =G54*E54 -> 0 | K54: =J54-$H54 -> 0 | L54: =K54-$H54 -> 0 | M54: =L54-$H54 -> 0 | N54: =M54-$H54 -> 0 | O54: =N54-$H54 -> 0 | P54: =O54-$H54 -> 0 | Q54: =P54-$H54 -> 0 | R54: =Q54-$H54 -> 0 | S54: =R54-$H54 -> 0 | BR54: =BP54-BQ54 -> 0 | BT54: =SUM(Z54:BO54) -> 0
B55: FH 3 | C55: 4 weeks | D55: LACTATE GILT | E55: 8 | F55: =(BR55/G55)/7 -> 0 | G55: 100 | H55: =G55*E55 -> 800 | I55: 5000 | J55: 5000 | K55: =J55-$H55 -> 4200 | L55: =K55-$H55 -> 3400 | M55: =L55-$H55 -> 2600 | N55: =M55-$H55 -> 1800 | O55: =N55-$H55 -> 1000 | P55: =O55-$H55 -> 200 | Q55: =P55-$H55 -> -600 | R55: =Q55-$H55 -> -1400 | S55: =R55-$H55 -> -2200 | BR55: =BP55-BQ55 -> 0 | BT55: =SUM(Z55:BO55) -> 0
D56: TRANSITION | F56: =(BR56/G56)/7 -> #DIV/0! | H56: =G56*E56 -> 0 | K56: =J56-$H56 -> 0 | L56: =K56-$H56 -> 0 | M56: =L56-$H56 -> 0 | N56: =M56-$H56 -> 0 | O56: =N56-$H56 -> 0 | P56: =O56-$H56 -> 0 | Q56: =P56-$H56 -> 0 | R56: =Q56-$H56 -> 0 | S56: =R56-$H56 -> 0 | BT56: =SUM(Z56:BO56) -> 0
B57: FH4 | D57: LACTATE SOW | F57: =(BR57/G57)/7 -> #DIV/0! | H57: =G57*E57 -> 0 | K57: =(J57-$H57)+Z57 -> 0 | L57: =K57-$H57 -> 0 | M57: =L57-$H57 -> 0 | N57: =M57-$H57 -> 0 | O57: =N57-$H57 -> 0 | P57: =O57-$H57 -> 0 | Q57: =P57-$H57 -> 0 | R57: =Q57-$H57 -> 0 | S57: =R57-$H57 -> 0
D58: LACTATE GILT | E58: 8 | F58: =(BR58/G58)/7 -> #DIV/0! | H58: =G58*E58 -> 0 | K58: =J58-$H58 -> 0 | L58: =K58-$H58 -> 0 | M58: =L58-H58 -> 0 | N58: =M58-$H58 -> 0 | O58: =N58-$H58 -> 0 | P58: =O58-$H58 -> 0 | Q58: =P58-$H58 -> 0 | R58: =Q58-$H58 -> 0 | S58: =R58-$H58 -> 0
D59: TRANSITION | E59: 2.5 | F59: =(BR59/G59)/7 -> #DIV/0! | H59: =G59*E59 -> 0 | K59: =J59-$H59 -> 0 | L59: =K59-$H59 -> 0 | M59: =L59-$H59 -> 0 | N59: =M59-$H59 -> 0 | O59: =N59-$H59 -> 0 | P59: =O59-$H59 -> 0 | Q59: =P59-$H59 -> 0 | R59: =Q59-$H59 -> 0 | S59: =R59-$H59 -> 0
B60: FH5 | D60: LACTATE SOW | E60: 8 | F60: =(BR60/G60)/7 -> #DIV/0! | H60: =G60*E60 -> 0 | K60: =J60-H60 -> 0 | L60: =(K60-$H60)+AA60 -> 0 | M60: =L60-H60 -> 0 | N60: =(M60-$H60)+AC60 -> 0 | O60: =(N60-$H60)+AE60 -> 0 | P60: =(O60-$H60)+AF60 -> 0 | Q60: =(P60-$H60)+AG60 -> 0 | R60: =(Q60-$H60)+AH60 -> 0 | S60: =(R60-$H60)+AI60 -> 0
D61: LACTATE GILT | E61: 8 | F61: =(BR61/G61)/7 -> #DIV/0! | H61: =G61*E61 -> 0 | K61: =J61-$H61 -> 0 | L61: =K61-$H61 -> 0 | M61: =L61-$H61 -> 0 | N61: =M61-$H61 -> 0 | O61: =N61-$H61 -> 0 | P61: =O61-$H61 -> 0 | Q61: =P61-$H61 -> 0 | R61: =Q61-$H61 -> 0 | S61: =R61-$H61 -> 0
D62: TRANSITION | E62: 2.5 | F62: =(BR62/G62)/7 -> #DIV/0! | H62: =G62*E62 -> 0 | K62: =J62-$H62 -> 0 | L62: =K62-$H62 -> 0 | M62: =L62-$H62 -> 0 | N62: =M62-$H62 -> 0 | O62: =N62-$H62 -> 0 | P62: =O62-$H62 -> 0 | Q62: =P62-$H62 -> 0 | R62: =Q62-$H62 -> 0 | S62: =R62-$H62 -> 0
Z63: =SUM(Z47:Z56) -> 0 | AA63: =SUM(AA47:AA56) -> 0 | AB63: =SUM(AB47:AB56) -> 0 | AC63: =SUM(AC47:AC56) -> 0 | AD63: =SUM(AD47:AD56) -> 0 | AE63: =SUM(AE47:AE56) -> 0 | AF63: =SUM(AF47:AF56) -> 0 | AG63: =SUM(AG47:AG56) -> 0 | ... BO63: =SUM(BO47:BO56) -> 0 | BS63: =SUM(Z63:BR63) -> 0 | BT63: =SUM(BT47:BT56) -> 0
A64: GILT BULK FEED ORDER
A65: Batch # | B65: House # | C65: AGE | D65: DIET | E65: INTAKE | F65: Actual intake | G65: NOP | H65: Batch intake | I65: BFT max | J65: BFT level | K65: Monday | L65: Tuesday | M65: Wednesday | N65: Thursday | O65: Friday | P65: Saturday | Q65: Sunday | R65: Monday | S65: Tuesday | T65: SUn-Gilt 1 | U65: Sun-Gilt 2 | V65: Sun-Gilt 3 | W65: Sun-Gilt 4 | X65: Sun-Gilt 4.1 | Y65: Sun-Gilt 5 | Z65: Mon-Gilt 1 | AA65: Mon-Gilt 2 | AB65: Mon-Gilt 3 | AC65: Mon-Gilt 4 | AD65: Mon-Gilt 4.1 | AE65: Mon-Gilt 5 | AF65: Tue-Gilt 1 | AG65: Tue-Gilt 2 | AH65: Tue-Gilt 3 | AI65: Tue-Gilt 4 | AJ65: Tue-Gilt 4.1 | AK65: Tue-Gilt 5 | AL65: Wed-Gilt 1 | AM65: Wed-Gilt 2 | AN65: Wed-Gilt 3 | AO65: Wed-Gilt 4 | AP65: Wed-Gilt 4.1 | AQ65: Wed-Gilt 5 | AR65: Thu-Gilt 1 | AS65: Thur-Gilt 2 | AT65: Thur-Gilt 3 | AU65: Thur-Gilt 4 | AV65: Thur-Gilt 4.1 | AW65: Thur-Gilt 5 | AX65: Fri-Gilt 1 | AY65: Fri-Gilt 2 | AZ65: Fri-Gilt 3 | BA65: Fri-Gilt 4 | BB65: Fri-Gilt 4.1 | BC65: Fri-Gilt 5 | BD65: Sat-Gilt 1 | BE65: Sat-Gilt 2 | BF65: Sat-Gilt 3 | BG65: Sat-Gilt 4 | BH65: Sat-Gilt 4.1 | BI65: Sat-Gilt 5 | BJ65: Sun-Gilt 1 | BK65: Sun- Gilt 2 | BL65: Sun-Gilt 3 | BM65: Sun- Gilt 4 | BN65: Sun - Gilt 4.1 | BO65: Sun- Gilt 5 | BP65: total delivered | BQ65: bft closing | BR65: actual consumed
D66: Gilt 1 | F66: =(BR66/G66)/7 -> #DIV/0! | H66: =G66*E66 -> 0 | K66: =J66-H66 -> 0 | L66: =K66-$H66 -> 0 | M66: =L66-$H66 -> 0 | N66: =M66-$H66 -> 0 | O66: =N66-$H66 -> 0 | P66: =O66-$H66 -> 0 | Q66: =P66-$H66 -> 0 | R66: =Q66-$H66 -> 0 | S66: =R66-$H66 -> 0 | BP66: =SUM('[3]Porta Wk 16'!T66:BI66) -> 0
D67: Gilt 1 | F67: =(BR67/G67)/7 -> #DIV/0! | H67: =G67*E67 -> 0 | K67: =J67-$H67 -> 0 | L67: =K67-$H67 -> 0 | M67: =L67-$H67 -> 0 | N67: =M67-$H67 -> 0 | O67: =N67-$H67 -> 0 | P67: =O67-$H67 -> 0 | Q67: =P67-$H67 -> 0 | R67: =Q67-$H67 -> 0 | S67: =R67-$H67 -> 0 | BP67: =SUM('[3]Porta Wk 16'!T67:BI67) -> 0
D68: Gilt 2 | F68: =(BR68/G68)/7 -> #DIV/0! | H68: =G68*E68 -> 0 | K68: =(J68-$H68)+Z68 -> 0 | L68: =K68-$H68 -> 0 | M68: =L68-$H68 -> 0 | N68: =M68-$H68 -> 0 | O68: =N68-$H68 -> 0 | P68: =O68-$H68 -> 0 | Q68: =P68-$H68 -> 0 | R68: =Q68-$H68 -> 0 | S68: =R68-$H68 -> 0 | BP68: =SUM('[3]Porta Wk 16'!T68:BI68) -> 0
D69: Gilt 2 | F69: =(BR69/G69)/7 -> #DIV/0! | H69: =G69*E69 -> 0 | K69: =J69-$H69 -> 0 | L69: =K69-$H69 -> 0 | M69: =L69-$H69 -> 0 | N69: =M69-$H69 -> 0 | O69: =N69-$H69 -> 0 | P69: =O69-$H69 -> 0 | Q69: =P69-$H69 -> 0 | R69: =Q69-$H69 -> 0 | S69: =R69-$H69 -> 0 | BP69: =SUM('[3]Porta Wk 16'!T69:BI69) -> 0
D70: Gilt 3 | F70: =(BR70/G70)/7 -> #DIV/0! | H70: =G70*E70 -> 0 | K70: =J70-$H70 -> 0 | L70: =K70-$H70 -> 0 | M70: =L70-$H70 -> 0 | N70: =M70-$H70 -> 0 | O70: =N70-$H70 -> 0 | P70: =O70-$H70 -> 0 | Q70: =P70-$H70 -> 0 | R70: =Q70-$H70 -> 0 | S70: =R70-$H70 -> 0 | BP70: =SUM('[3]Porta Wk 16'!T70:BI70) -> 0
D71: Gilt 3 | F71: =(BR71/G71)/7 -> #DIV/0! | H71: =G71*E71 -> 0 | K71: =J71-H71 -> 0 | L71: =K71-$H71 -> 0 | M71: =L71-H71 -> 0 | N71: =M71-$H71 -> 0 | O71: =N71-$H71 -> 0 | P71: =O71-$H71 -> 0 | Q71: =P71-$H71 -> 0 | R71: =Q71-$H71 -> 0 | S71: =R71-$H71 -> 0 | BP71: =SUM('[3]Porta Wk 16'!T71:BI71) -> 0
D72: Gilt 4 | F72: =(BR72/G72)/7 -> #DIV/0! | H72: =G72*E72 -> 0 | K72: =J72-$H72 -> 0 | L72: =K72-$H72 -> 0 | M72: =L72-$H72 -> 0 | N72: =M72-$H72 -> 0 | O72: =N72-H72 -> 0 | P72: =O72-$H72 -> 0 | Q72: =P72-H72 -> 0 | R72: =Q72-$H72 -> 0 | S72: =R72-$H72 -> 0 | BP72: =SUM('[3]Porta Wk 16'!T72:BI72) -> 0
D73: Gilt 4 | F73: =(BR73/G73)/7 -> #DIV/0! | H73: =G73*E73 -> 0 | K73: =J73-$H73 -> 0 | L73: =K73-$H73 -> 0 | M73: =L73-$H73 -> 0 | N73: =M73-$H73 -> 0 | O73: =N73-$H73 -> 0 | P73: =O73-$H73 -> 0 | Q73: =P73-$H73 -> 0 | R73: =Q73-$H73 -> 0 | S73: =R73-$H73 -> 0 | BP73: =SUM('[3]Porta Wk 16'!T73:BI73) -> 0
D74: Gilt 4.1 | F74: =(BR74/G74)/7 -> #DIV/0! | H74: =G74*E74 -> 0 | K74: =(J74-$H74)+Z74 -> 0 | L74: =K74-$H74 -> 0 | M74: =L74-$H74 -> 0 | N74: =M74-$H74 -> 0 | O74: =N74-$H74 -> 0 | P74: =O74-$H74 -> 0 | Q74: =P74-$H74 -> 0 | R74: =Q74-$H74 -> 0 | S74: =R74-$H74 -> 0 | BP74: =SUM('[3]Porta Wk 16'!T74:BI74) -> 0
D75: Gilt 4.1 | F75: =(BR75/G75)/7 -> #DIV/0! | H75: =G75*E75 -> 0 | K75: =J75-$H75 -> 0 | L75: =K75-$H75 -> 0 | M75: =L75-H75 -> 0 | N75: =M75-$H75 -> 0 | O75: =N75-$H75 -> 0 | P75: =O75-$H75 -> 0 | Q75: =P75-$H75 -> 0 | R75: =Q75-$H75 -> 0 | S75: =R75-$H75 -> 0 | BP75: =SUM('[3]Porta Wk 16'!T75:BI75) -> 0
D76: Gilt 5 | F76: =(BR76/G76)/7 -> #DIV/0! | H76: =G76*E76 -> 0 | K76: =J76-$H76 -> 0 | L76: =K76-$H76 -> 0 | M76: =L76-$H76 -> 0 | N76: =M76-$H76 -> 0 | O76: =N76-$H76 -> 0 | P76: =O76-$H76 -> 0 | Q76: =P76-$H76 -> 0 | R76: =Q76-$H76 -> 0 | S76: =R76-$H76 -> 0 | BP76: =SUM('[3]Porta Wk 16'!T76:BI76) -> 0
D77: Gilt 5 | F77: =(BR77/G77)/7 -> #DIV/0! | H77: =G77*E77 -> 0 | K77: =J77-H77 -> 0 | L77: =(K77-$H77)+AA77 -> 0 | M77: =L77-H77 -> 0 | N77: =(M77-$H77)+AC77 -> 0 | O77: =(N77-$H77)+AE77 -> 0 | P77: =(O77-$H77)+AF77 -> 0 | Q77: =(P77-$H77)+AG77 -> 0 | R77: =(Q77-$H77)+AH77 -> 0 | S77: =(R77-$H77)+AI77 -> 0 | BP77: =SUM('[3]Porta Wk 16'!T77:BI77) -> 0
A83: WEANER FEED ORDER | D83: Creep 2
A84: Batch # | B84: House # | C84: Weaners AGE | D84: DIET | E84: INTAKE | F84: Actual intake | G84: NOP | H84: Batch intake | I84: BFT max | J84: BFT level | K84: Monday | L84: Tuesday | M84: Wednesday | N84: Thursday | O84: Friday | P84: Saturday | Q84: Sunday | R84: Monday | S84: Tuesday | T84: Sun - Crp 1 | U84: Sun- Crp 2 | V84: Sun - Crp 3 | W84: Sun - W1 | X84: Sun | Y84: Sun | Z84: Mon - Crp 1 | AA84: Mon - Crp 2 | AB84: Mon - Crp 3 | AC84: Mon - W1 | AD84: Mon | AE84: Mon | AF84: Tues-Crp 1 | AG84: Tues-Crp 2 | AH84: Tues-Crp 3 | AI84: Tues-W1 | AJ84: Tues | AK84: Tues | AL84: Wed - Crp 1 | AM84: Wed - Crp 2 | AN84: Wed - Crp 3 | AO84: Wed - W1 | AP84: Wed | AQ84: Wed | AR84: Thur-Crp 1 | AS84: Thur-Crp 2 | AT84: Thur-Crp 3 | AU84: Thur-W1 | AV84: Thur | AW84: Thur | AX84: Fri - Crp 1 | AY84: Fri - Crp 2 | AZ84: Fri - Crp 3 | BA84: Fri - W1 | BB84: Fri | BC84: Fri | BD84: Sat-Crp1 | BE84: Sat-Crp2 | BF84: Sat-Crp3 | BG84: Sat-W1 | BH84: Sat | BI84: Sat | BJ84: Sun-Crp1 | BK84: Sun-Crp2 | BL84: Sun-Cr3 | BM84: Sun-W1 | BN84: Sun | BO84: Sun | BP84: total delivered | BQ84: bft closing | BR84: actual consumed
A85: 2627 | B85: 2B | C85: 4 | D85: Creep 2 | E85: 0.48 | F85: =(BR85/G85)/4 -> 0 | G85: 564 | H85: =G85*E85 -> 270.72 | I85: 5000 | K85: 0 | L85: =K85-$H85 -> -270.72 | M85: =L85-$H85 -> -541.44 | N85: =M85-$H85 -> -812.16 | O85: =N85-$H85 -> -1082.88 | P85: =O85-$H85 -> -1353.6 | Q85: =P85-$H85 -> -1624.32 | R85: =Q85-$H85 -> -1895.04 | S85: =R85-$H85 -> -2165.76 | BQ85: =+J85 -> 0 | BR85: =(J85+BP85)-BQ85 -> 0 | BT85: =SUM(Z85:BO85) -> 0
A86: 2626 | B86: 2A | C86: 5 | D86: Creep 2 | E86: 0.94 | F86: =(BR86/G86)/7 -> 0 | G86: 560 | H86: =G86*E86 -> 526.4 | I86: 4000 | K86: 0 | L86: =K86-$H86 -> -526.4 | M86: =L86-$H86 -> -1052.8 | N86: =M86-$H86 -> -1579.2 | O86: =N86-$H86 -> -2105.6 | P86: =O86-$H86 -> -2632 | Q86: =P86-$H86 -> -3158.4 | R86: =Q86-$H86 -> -3684.8 | S86: =R86-$H86 -> -4211.2 | BR86: =(J86+BP86)-BQ86 -> 0 | BT86: =SUM(Z86:BO86) -> 0
A87: 2625 | B87: 1B | C87: 6 | D87: Creep 3 | E87: 0.94 | F87: =(BR87/G87)/7 -> 0.65692308 | G87: 650 | H87: =G87*E87 -> 611 | I87: 5000 | J87: 2989 | K87: =J87-$H87 -> 2378 | L87: =K87-$H87 -> 1767 | M87: =L87-$H87 -> 1156 | N87: 3545 | O87: =N87-$H87 -> 2934 | P87: =O87-$H87 -> 2323 | Q87: =P87-$H87 -> 1712 | R87: =Q87-$H87 -> 1101 | S87: =R87-$H87 -> 490 | AT87: 3000 | BR87: =(J87+BP87)-BQ87 -> 2989 | BT87: =SUM(Z87:BO87) -> 3000
A88: 2624 | B88: 1A | C88: 7 | D88: Creep 3 | E88: 1 | F88: =(BR88/G88)/7 -> 0.64835165 | G88: 650 | H88: =G88*E88 -> 650 | I88: 5000 | J88: 2950 | K88: =J88-$H88 -> 2300 | L88: =K88-$H88 -> 1650 | M88: =L88-$H88 -> 1000 | N88: 3350 | O88: =N88-$H88 -> 2700 | P88: =O88-$H88 -> 2050 | Q88: =P88-$H88 -> 1400 | R88: =Q88-$H88 -> 750 | S88: =R88-$H88 -> 100 | AT88: 3000 | BR88: =(J88+BP88)-BQ88 -> 2950 | BT88: =SUM(Z88:BO88) -> 3000
A89: 2623 | B89: 3B | C89: 8 | D89: W1 | E89: 1.1 | F89: =(BR89/G89)/7 -> 0.5021978 | G89: 650 | H89: =G89*E89 -> 715 | I89: 5000 | J89: 2285 | K89: =J89-$H89 -> 1570 | L89: 3855 | M89: =L89-$H89 -> 3140 | N89: 3425 | O89: =N89-$H89 -> 2710 | P89: =O89-$H89 -> 1995 | Q89: =P89-$H89 -> 1280 | R89: =Q89-$H89 -> 565 | S89: =R89-$H89 -> -150 | AI89: 3000 | AU89: 1000 | BR89: =(J89+BP89)-BQ89 -> 2285 | BT89: =SUM(Z89:BO89) -> 4000
A90: 2622 | B90: 3A | C90: 9 | D90: W1 | E90: 1.2 | F90: =(BR90/G90)/7 -> 0.48791209 | G90: 650 | H90: =G90*E90 -> 780 | I90: 4000 | J90: 2220 | K90: =J90-$H90 -> 1440 | L90: 3660 | M90: =L90-$H90 -> 2880 | N90: 4100 | O90: =N90-$H90 -> 3320 | P90: =O90-$H90 -> 2540 | Q90: =P90-$H90 -> 1760 | R90: =Q90-$H90 -> 980 | S90: =R90-$H90 -> 200 | AI90: 3000 | AU90: 2000 | BR90: =(J90+BP90)-BQ90 -> 2220 | BT90: =SUM(Z90:BO90) -> 5000
Z91: =SUM(Z85:Z90) -> 0 | AA91: =SUM(AA85:AA90) -> 0 | AB91: =SUM(AB85:AB90) -> 0 | AC91: =SUM(AC85:AC90) -> 0 | AD91: =SUM(AD85:AD90) -> 0 | AE91: =SUM(AE85:AE90) -> 0 | AF91: =SUM(AF85:AF90) -> 0 | AG91: =SUM(AG85:AG90) -> 0 | ... BQ91: =SUM(BQ85:BQ90) -> 0 | BS91: =SUM(Z91:BR91) -> 15000 | BT91: =SUM(Z91:BO91) -> 15000
A92: GROWER FEED ORDER
A93: Batch # | B93: House # | C93: Growers Age | D93: DIET | E93: INTAKE | F93: Actual intake | G93: NOP | H93: Batch intake | I93: BFT max | J93: BFT level | K93: Monday | L93: Tuesday | M93: Wednesday | N93: Thursday | O93: Friday | P93: Saturday | Q93: Sunday | R93: Monday | S93: Tuesday | T93: Sun-W1 | U93: Sun - GR1 | V93: Sun - GR2 | W93: Sun - GR3 | X93: Sun - fin | Y93: Sun | Z93: Mon-W1 | AA93: Mon - GR1 | AB93: Mon - GR2 | AC93: Mon - GR3 | AD93: Mon - fin | AE93: Mon | AF93: Tue - W1 | AG93: Tue - GR1 | AH93: Tue - GR2 | AI93: Tue - GR3 | AJ93: Tue - fin | AK93: Tue | AL93: Wed-W1 | AM93: Wed-GR1 | AN93: Wed-GR2 | AO93: Wed-GR3 | AP93: Wed-Fin | AQ93: Wed | AR93: Thur-W1 | AS93: Thur - GR1 | AT93: Thur- GR2 | AU93: Thur- GR3 | AV93: Thur- Fin | AW93: Thur | AX93: Fri- W1 | AY93: Fri- GR1 | AZ93: Fri- GR2 | BA93: Fri- GR3 | BB93: Fri- Fin | BC93: Fri | BD93: Sat-W1 | BE93: Sat-GR1 | BF93: Sat-GR2 | BG93: Sat-GR3 | BH93: Sat-Fin | BI93: Sat | BJ93: Sun-W1 | BK93: Sun-GR1 | BL93: Sun-GR2 | BM93: Sun-GR3 | BN93: Sun-Fin | BO93: Sun | BP93: total delivered | BQ93: bft closing | BR93: actual consumed
A94: 2624 | B94: OG 2 | C94: 10 OG | D94: W1 | E94: 1.6 | F94: =(BR94/G94)/7 -> 0.50029155 | G94: 392 | H94: =G94*E94 -> 627.2 | I94: 7000 | J94: 1372.8 | K94: =J94-$H94 -> 745.6 | L94: 3118 | M94: =L94-$H94 -> 2490.8 | N94: 6864 | O94: =N94-$H94 -> 6236.8 | P94: =O94-$H94 -> 5609.6 | Q94: =P94-$H94 -> 4982.4 | R94: =Q94-$H94 -> 4355.2 | S94: =R94-$H94 -> 3728 | AF94: 3000 | AR94: 5000 | BR94: =(J94+BP94)-BQ94 -> 1372.8 | BT94: =SUM(Z94:BO94) -> 8000
B95: NG 1 | C95: 10 NG | D95: W1 | E95: 1.6 | G95: 258 | H95: =G95*E95 -> 412.8 | I95: 5000 | J95: 1587.2 | K95: =J95-$H95 -> 1174.4 | L95: 3762 | M95: =L95-$H95 -> 3349.2 | N95: 3936 | O95: =N95-$H95 -> 3523.2 | P95: =O95-$H95 -> 3110.4 | Q95: =P95-$H95 -> 2697.6 | R95: =Q95-$H95 -> 2284.8 | S95: =(R95-$H95)+BG95 -> 1872 | AF95: 3000 | AR95: 1000 | BR95: =(J95+BP95)-BQ95 -> 1587.2 | BT95: =SUM(Z95:BO95) -> 4000
C96: 10 EXT | D96: W1 | E96: 1.6 | H96: =G96*E96 -> 0 | K96: =J96-$H96 -> 0 | L96: =K96-$H96 -> 0 | M96: =L96-$H96 -> 0 | N96: =M96-$H96 -> 0 | O96: =N96-$H96 -> 0 | P96: =O96-$H96 -> 0 | Q96: =P96-$H96 -> 0 | R96: =Q96-$H96 -> 0 | S96: =(R96-$H96)+BG96 -> 0 | BR96: =(J96+BP96)-BQ96 -> 0 | BT96: =SUM(Z96:BO96) -> 0
A97: 2623 | B97: OG2 | C97: 11 OG | D97: W1 | E97: 1.7 | F97: =(BR97/G97)/7 -> 2.9154519 | G97: 392 | H97: =G97*E97 -> 666.4 | I97: 7000 | J97: 3033.6 | K97: =J97-$H97 -> 2367.2 | L97: 4701 | M97: =L97-$H97 -> 4034.6 | N97: 4368 | O97: =N97-$H97 -> 3701.6 | P97: =O97-$H97 -> 3035.2 | Q97: =P97-$H97 -> 2368.8 | R97: =Q97-$H97 -> 1702.4 | S97: =R97-$H97 -> 1036 | AF97: 3000 | AS97: 1000 | BP97: 8000 | BQ97: =J97 -> 3033.6 | BR97: =(J97+BP97)-BQ97 -> 8000 | BT97: =SUM(Z97:BO97) -> 4000
B98: NG 2 | C98: 11 NG | D98: W1 | E98: 1.7 | G98: 258 | H98: =G98*E98 -> 438.6 | I98: 5000 | J98: 3061.4 | K98: =J98-$H98 -> 2622.8 | L98: =K98-$H98 -> 2184.2 | M98: =L98-$H98 -> 1745.6 | N98: 3307 | O98: =N98-$H98 -> 2868.4 | P98: =O98-$H98 -> 2429.8 | Q98: =P98-$H98 -> 1991.2 | R98: =Q98-$H98 -> 1552.6 | S98: =(R98-$H98)+BG98 -> 1114 | AS98: 2000 | BP98: 4000 | BQ98: =J98 -> 3061.4 | BR98: =(J98+BP98)-BQ98 -> 4000 | BT98: =SUM(Z98:BO98) -> 2000
C99: 11 EXT | D99: W1 | E99: 1.7 | H99: =G99*E99 -> 0 | K99: =J99-$H99 -> 0 | L99: =K99-$H99 -> 0 | N99: =M99-$H99 -> 0 | BR99: =(J99+BP99)-BQ99 -> 0 | BT99: =SUM(Z99:BO99) -> 0
A100: 2622 | B100: OG 3 | C100: 12 OG | D100: G1 | E100: 2.2 | F100: =(BR100/G100)/7 -> 2.2263451 | G100: 385 | H100: =G100*E100 -> 847 | I100: 7000 | J100: 553 | K100: =J100-$H100 -> -294 | L100: 3000 | M100: =L100-$H100 -> 2153 | N100: 4306 | O100: =N100-$H100 -> 3459 | P100: =O100-$H100 -> 2612 | Q100: =P100-$H100 -> 1765 | R100: =Q100-$H100 -> 918 | S100: =R100-$H100 -> 71 | AG100: 3000 | AS100: 3000 | BP100: 6000 | BQ100: =J100 -> 553 | BR100: =(J100+BP100)-BQ100 -> 6000 | BT100: =SUM(Z100:BO100) -> 6000
B101: NG2 | C101: 12 NG | D101: G1 | E101: 2.2 | G101: 197 | H101: =G101*E101 -> 433.4 | I101: 5000 | J101: 1066.6 | K101: =J101-$H101 -> 633.2 | L101: 3200 | M101: =L101-$H101 -> 2766.6 | N101: =M101-$H101 -> 2333.2 | O101: =N101-$H101 -> 1899.8 | P101: =O101-$H101 -> 1466.4 | Q101: =P101-$H101 -> 1033 | R101: =Q101-$H101 -> 599.6 | S101: =R101-$H101 -> 166.2 | AG101: 3000 | BP101: 4000 | BQ101: =J101 -> 1066.6 | BR101: =(J101+BP101)-BQ101 -> 4000 | BT101: =SUM(Z101:BO101) -> 3000
C102: 12 EXT | D102: G1 | E102: 2.2 | H102: =G102*E102 -> 0 | K102: =J102-$H102 -> 0 | L102: =K102-$H102 -> 0 | N102: =M102-$H102 -> 0 | O102: =N102-$H102 -> 0 | BR102: =(J102+BP102)-BQ102 -> 0 | BT102: =SUM(Z102:BO102) -> 0
A103: 2621 | B103: OG 3 | C103: 13 OG | D103: G1 | E103: 2.3 | F103: =(BR103/G103)/7 -> 3.8623907 | G103: 392 | H103: =G103*E103 -> 901.6 | I103: 7000 | J103: 2598.4 | K103: =J103-$H103 -> 1696.8 | L103: 3795 | M103: =L103-$H103 -> 2893.4 | N103: 4992 | O103: =N103-$H103 -> 4090.4 | P103: =O103-$H103 -> 3188.8 | Q103: =P103-$H103 -> 2287.2 | R103: =Q103-$H103 -> 1385.6 | S103: =R103-$H103 -> 484 | AG103: 3000 | AT103: 3000 | BP103: 8000 | BR103: =(J103+BP103)-BQ103 -> 10598.4 | BT103: =SUM(Z103:BO103) -> 6000
B104: NG 3 | C104: 13 NG | D104: G1 | E104: 2.3 | G104: 249 | H104: =G104*E104 -> 572.7 | I104: 5000 | J104: 3427.3 | K104: =J104-$H104 -> 2854.6 | L104: 5282 | M104: =L104-$H104 -> 4709.3 | N104: =M104-$H104 -> 4136.6 | O104: =N104-$H104 -> 3563.9 | P104: =O104-$H104 -> 2991.2 | Q104: =P104-$H104 -> 2418.5 | R104: =Q104-$H104 -> 1845.8 | S104: =(R104-$H104)+BI104 -> 1273.1 | AG104: 3000 | BP104: 3000 | BR104: =(J104+BP104)-BQ104 -> 6427.3 | BT104: =SUM(Z104:BO104) -> 3000
C105: 13 EXT | D105: G1 | E105: 2.3 | H105: =G105*E105 -> 0 | K105: =J105-$H105 -> 0 | L105: =K105-$H105 -> 0 | N105: =M105-$H105 -> 0 | O105: =N105-$H105 -> 0 | BR105: =(J105+BP105)-BQ105 -> 0 | BT105: =SUM(Z105:BO105) -> 0
A106: 2620 | B106: OG 6 | C106: 14 OG | D106: G2 | E106: 2.4 | F106: =(BR106/G106)/7 -> 1.8221574 | G106: 392 | H106: =G106*E106 -> 940.8 | I106: 7000 | J106: 4059.2 | K106: =J106-$H106 -> 3118.4 | L106: 5178 | M106: =L106-$H106 -> 4237.2 | N106: 6296 | O106: =N106-$H106 -> 5355.2 | P106: =O106-$H106 -> 4414.4 | Q106: =P106-$H106 -> 3473.6 | R106: =Q106-$H106 -> 2532.8 | S106: =R106-$H106 -> 1592 | AH106: 3000 | AT106: 3000 | BP106: 5000 | BQ106: =J106 -> 4059.2 | BR106: =(J106+BP106)-BQ106 -> 5000 | BT106: =SUM(Z106:BO106) -> 6000
B107: NG3 | C107: 14 NG | D107: G2 | E107: 2.4 | G107: 250 | H107: =G107*E107 -> 600 | I107: 5000 | J107: 3400 | K107: =J107-$H107 -> 2800 | L107: 5200 | M107: =L107-$H107 -> 4600 | N107: =M107-$H107 -> 4000 | O107: =N107-$H107 -> 3400 | P107: =O107-$H107 -> 2800 | Q107: =P107-$H107 -> 2200 | R107: =Q107-$H107 -> 1600 | S107: =(R107-$H107)+BJ107 -> 1000 | AH107: 3000 | BP107: 3000 | BR107: =(J107+BP107)-BQ107 -> 6400 | BT107: =SUM(Z107:BO107) -> 3000
C108: 14 EXT | D108: G2 | E108: 2.4 | H108: =G108*E108 -> 0 | K108: =J108-$H108 -> 0 | L108: =K108-$H108 -> 0 | N108: =M108-$H108 -> 0 | O108: =N108-$H108 -> 0 | BR108: =(J108+BP108)-BQ108 -> 0 | BT108: =SUM(Z108:BO108) -> 0
A109: 2619 | B109: OG 6 | C109: 15 OG | D109: G2 | E109: 2.5 | F109: =(BR109/G109)/7 -> 2.5510204 | G109: 392 | H109: =G109*E109 -> 980 | I109: 7000 | J109: 2520 | K109: =J109-$H109 -> 1540 | L109: 3560 | M109: =L109-$H109 -> 2580 | N109: 4600 | O109: =N109-$H109 -> 3620 | P109: =O109-$H109 -> 2640 | Q109: =P109-$H109 -> 1660 | R109: =Q109-$H109 -> 680 | S109: =R109-$H109 -> -300 | AH109: 3000 | AU109: 3000 | BP109: 7000 | BQ109: =J109 -> 2520 | BR109: =(J109+BP109)-BQ109 -> 7000 | BT109: =SUM(Z109:BO109) -> 6000
B110: NG 4 | C110: 15 NG | D110: G2 | E110: =+E109 -> 2.5 | G110: 250 | H110: =G110*E110 -> 625 | I110: 5000 | J110: 2875 | K110: =J110-$H110 -> 2250 | L110: 4625 | M110: =L110-$H110 -> 4000 | N110: =M110-$H110 -> 3375 | O110: =N110-$H110 -> 2750 | P110: =O110-$H110 -> 2125 | Q110: =P110-$H110 -> 1500 | R110: =Q110-$H110 -> 875 | S110: =(R110-$H110)+BJ110 -> 250 | AH110: 3000 | BP110: 3000 | BR110: =(J110+BP110)-BQ110 -> 5875 | BT110: =SUM(Z110:BO110) -> 3000
...

Sheet Lionshead L.instruction
C1: CCC PIGS BULK FEED LOADING AND RECEIVING FORM | G1: CCC PIGS BULK FEED LOADING AND RECEIVING FORM | K1: CCC PIGS BULK FEED LOADING AND RECEIVING FORM | O1: CCC PIGS BULK FEED LOADING AND RECEIVING FORM | S1: CCC PIGS BULK FEED LOADING AND RECEIVING FORM | W1: CCC PIGS BULK FEED LOADING AND RECEIVING FORM | AA1: CCC PIGS BULK FEED LOADING AND RECEIVING FORM
C2: Farm/Site Name: | D2: Lionshead | E2: Driver name: | G2: Farm/Site Name: | H2: LIONHEAD | I2: Driver name: | K2: Farm/Site Name: | M2: Driver name: | O2: Farm/Site Name: | P2: LIONHEAD | Q2: Driver name: | S2: Farm/Site Name: | T2: LIONHEAD | U2: Driver name: | W2: Farm/Site Name: | Y2: Driver name: | AA2: Farm/Site Name: | AC2: Driver name:
C3: Week No: | E3: Truck reg: | G3: Week No: | H3: 34 | I3: Truck reg: | K3: Week No: | M3: Truck reg: | O3: Week No: | P3: 34 | Q3: Truck reg: | S3: Week No: | U3: Truck reg: | W3: Week No: | Y3: Truck reg: | AA3: Week No: | AC3: Truck reg:
C4: Date: | E4: Trailer reg: | G4: Date: | H4: 46250 | I4: Trailer reg: | K4: Date: | M4: Trailer reg: | O4: Date: | P4: 46254 | Q4: Trailer reg: | S4: Date: | U4: Trailer reg: | W4: Date: | Y4: Trailer reg: | AA4: Date: | AC4: Trailer reg:
C5: Weighbridge Ticket No: | E5: System Shipment No: | G5: Weighbridge Ticket No: | I5: System Shipment No: | K5: Weighbridge Ticket No: | M5: System Shipment No: | O5: Weighbridge Ticket No: | Q5: System Shipment No: | S5: Weighbridge Ticket No: | U5: System Shipment No: | W5: Weighbridge Ticket No: | Y5: System Shipment No: | AA5: Weighbridge Ticket No: | AC5: System Shipment No:
C6: Load start time: | E6: Load end time: | G6: Load start time: | I6: Load end time: | K6: Load start time: | M6: Load end time: | O6: Load start time: | Q6: Load end time: | S6: Load start time: | U6: Load end time: | W6: Load start time: | Y6: Load end time: | AA6: Load start time: | AC6: Load end time:
C7: Offload start time: | E7: Offload end time: | G7: Offload start time: | I7: Offload end time: | K7: Offload start time: | M7: Offload end time: | O7: Offload start time: | Q7: Offload end time: | S7: Offload start time: | U7: Offload end time: | W7: Offload start time: | Y7: Offload end time: | AA7: Offload start time: | AC7: Offload end time:
A9: House # | C9: Monday | G9: Sunday | K9: Wednesday | O9: Thursday | S9: Thursday | W9: Saturday | AA9: Sunday | AE9: Totals
C10: Diet | D10: Kgs Ordered | E10: kgs Loaded | F10: Compartment No. | G10: Diet | H10: Kgs Ordered | I10: kgs Loaded | J10: Compartment No. | K10: Diet | L10: Kgs Ordered | M10: kgs Loaded | N10: Compartment No. | O10: Diet | P10: Kgs Ordered | Q10: kgs Loaded | R10: Compartment No. | S10: Diet | T10: Kgs Ordered | U10: kgs Loaded | V10: Compartment No. | W10: Diet | X10: Kgs Ordered | Y10: kgs Loaded | Z10: Compartment No. | AA10: Diet | AB10: Kgs Ordered | AC10: kgs Loaded | AD10: Compartment No. | AE10: Kgs Ordered | AF10: Kg delivered
A11: OG 1 | G11: FINISHER | H11: 3000 | O11: FINISHER | P11: 5000 | AE11: =SUM(D11,H11,L11,P11,T11,X11,AB11) -> 8000 | AF11: =SUM(E11,I11,M11,Q11,U11,Y11,AC11) -> 0
A12: OG 1 | AE12: =SUM(D12,H12,L12,P12,T12,X12,AB12) -> 0 | AF12: =SUM(E12,I12,M12,Q12,U12,Y12,AC12) -> 0
A13: OG 2 | G13: WEAN 1 OTC | H13: 3000 | O13: WEAN 1 OTC | P13: 5000 | AE13: =SUM(D13,H13,L13,P13,T13,X13,AB13) -> 8000 | AF13: =SUM(E13,I13,M13,Q13,U13,Y13,AC13) -> 0
A14: OG 2 | G14: WEAN 1 OTC | H14: 3000 | O14: GROWER 1 | P14: 1000 | AE14: =SUM(D14,H14,L14,P14,T14,X14,AB14) -> 4000 | AF14: =SUM(E14,I14,M14,Q14,U14,Y14,AC14) -> 0
A15: OG 3 | G15: GROWER 1 | H15: 3000 | O15: GROWER 1 | P15: 3000 | AE15: =SUM(D15,H15,L15,P15,T15,X15,AB15) -> 6000 | AF15: =SUM(E15,I15,M15,Q15,U15,Y15,AC15) -> 0
A16: OG 3 | G16: GROWER 1 | H16: 3000 | O16: GROWER 2 | P16: 3000 | AE16: =SUM(D16,H16,L16,P16,T16,X16,AB16) -> 6000 | AF16: =SUM(E16,I16,M16,Q16,U16,Y16,AC16) -> 0
A17: OG 4 | G17: FINISHER | H17: 3000 | O17: FINISHER | P17: 4000 | AE17: =SUM(D17,H17,L17,P17,T17,X17,AB17) -> 7000 | AF17: =SUM(E17,I17,M17,Q17,U17,Y17,AC17) -> 0
A18: OG 4 | G18: FINISHER | H18: 3000 | O18: FINISHER | P18: 3000 | AE18: =SUM(D18,H18,L18,P18,T18,X18,AB18) -> 6000 | AF18: =SUM(E18,I18,M18,Q18,U18,Y18,AC18) -> 0
A19: OG 5 | G19: GROWER 3 | H19: 3000 | O19: GROWER 3 | P19: 5000 | AE19: =SUM(D19,H19,L19,P19,T19,X19,AB19) -> 8000 | AF19: =SUM(E19,I19,M19,Q19,U19,Y19,AC19) -> 0
A20: OG 5 | G20: FINISHER | H20: 6000 | O20: FINISHER | P20: 3000 | AE20: =SUM(D20,H20,L20,P20,T20,X20,AB20) -> 9000 | AF20: =SUM(E20,I20,M20,Q20,U20,Y20,AC20) -> 0
A21: OG 6 | G21: GROWER 2 | H21: 3000 | O21: GROWER 2 | P21: 3000 | AE21: =SUM(D21,H21,L21,P21,T21,X21,AB21) -> 6000 | AF21: =SUM(E21,I21,M21,Q21,U21,Y21,AC21) -> 0
A22: OG 6 | G22: GROWER 2 | H22: 3000 | O22: GROWER 3 | P22: 3000 | AE22: =SUM(D22,H22,L22,P22,T22,X22,AB22) -> 6000 | AF22: =SUM(E22,I22,M22,Q22,U22,Y22,AC22) -> 0
A23: NG 1 | G23: WEAN 1 OTC | H23: 3000 | O23: WEAN 1 OTC | P23: 1000 | AE23: =SUM(D23,H23,L23,P23,T23,X23,AB23) -> 4000 | AF23: =SUM(E23,I23,M23,Q23,U23,Y23,AC23) -> 0
A24: NG 1 | AE24: =SUM(D24,H24,L24,P24,T24,X24,AB24) -> 0 | AF24: =SUM(E24,I24,M24,Q24,U24,Y24,AC24) -> 0
A25: NG 2 | O25: GROWER 1 | P25: 2000 | AE25: =SUM(D25,H25,L25,P25,T25,X25,AB25) -> 2000 | AF25: =SUM(E25,I25,M25,Q25,U25,Y25,AC25) -> 0
A26: NG 2 | G26: GROWER 1 | H26: 3000 | AE26: =SUM(D26,H26,L26,P26,T26,X26,AB26) -> 3000 | AF26: =SUM(E26,I26,M26,Q26,U26,Y26,AC26) -> 0
A27: NG 3 | G27: GROWER 1 | H27: 3000 | AE27: =SUM(D27,H27,L27,P27,T27,X27,AB27) -> 3000 | AF27: =SUM(E27,I27,M27,Q27,U27,Y27,AC27) -> 0
A28: NG 3 | G28: GROWER 2 | H28: 3000 | AE28: =SUM(D28,H28,L28,P28,T28,X28,AB28) -> 3000 | AF28: =SUM(E28,I28,M28,Q28,U28,Y28,AC28) -> 0
A29: NG 4 | G29: GROWER 2 | H29: 3000 | AE29: =SUM(D29,H29,L29,P29,T29,X29,AB29) -> 3000 | AF29: =SUM(E29,I29,M29,Q29,U29,Y29,AC29) -> 0
A30: NG 4 | G30: GROWER 3 | H30: 3000 | O30: GROWER 3 | P30: 1000 | AE30: =SUM(D30,H30,L30,P30,T30,X30,AB30) -> 4000 | AF30: =SUM(E30,I30,M30,Q30,U30,Y30,AC30) -> 0
A31: DS 3 | O31: DRYSOW | P31: 4000 | AE31: =SUM(D31,H31,L31,P31,T31,X31,AB31) -> 4000 | AF31: =SUM(E31,I31,M31,Q31,U31,Y31,AC31) -> 0
A32: DS 4 | O32: DRYSOW | P32: 5000 | AE32: =SUM(D32,H32,L32,P32,T32,X32,AB32) -> 5000 | AF32: =SUM(E32,I32,M32,Q32,U32,Y32,AC32) -> 0
A33: FH 1 | AE33: =SUM(D33,H33,L33,P33,T33,X33,AB33) -> 0 | AF33: =SUM(E33,I33,M33,Q33,U33,Y33,AC33) -> 0
A34: FH 2 | AE34: =SUM(D34,H34,L34,P34,T34,X34,AB34) -> 0 | AF34: =SUM(E34,I34,M34,Q34,U34,Y34,AC34) -> 0
A35: FH 3 | AE35: =SUM(D35,H35,L35,P35,T35,X35,AB35) -> 0 | AF35: =SUM(E35,I35,M35,Q35,U35,Y35,AC35) -> 0
A36: W1A | O36: CREEP 3 | P36: 3000 | AE36: =SUM(D36,H36,L36,P36,T36,X36,AB36) -> 3000 | AF36: =SUM(E36,I36,M36,Q36,U36,Y36,AC36) -> 0
A37: W1B | O37: CREEP 3 | P37: 3000 | AE37: =SUM(D37,H37,L37,P37,T37,X37,AB37) -> 3000 | AF37: =SUM(E37,I37,M37,Q37,U37,Y37,AC37) -> 0
A38: W2A | AE38: =SUM(D38,H38,L38,P38,T38,X38,AB38) -> 0 | AF38: =SUM(E38,I38,M38,Q38,U38,Y38,AC38) -> 0
A39: W2B | O39: WEAN 1 CARAMEL | P39: 1000 | AE39: =SUM(D39,H39,L39,P39,T39,X39,AB39) -> 1000 | AF39: =SUM(E39,I39,M39,Q39,U39,Y39,AC39) -> 0
A40: W3A | G40: WEAN 1 CARAMEL | H40: 3000 | O40: WEAN 1 CARAMEL | P40: 2000 | AE40: =SUM(D40,H40,L40,P40,T40,X40,AB40) -> 5000 | AF40: =SUM(E40,I40,M40,Q40,U40,Y40,AC40) -> 0
A41: W3B | G41: WEAN 1 CARAMEL | H41: 3000
A42: Total | D42: =SUM(D11:D40) -> 0 | H42: =SUM(H11:H41) -> 60000 | L42: =SUM(L11:L40) -> 0 | P42: =SUM(P11:P41) -> 60000 | T42: =SUM(T11:T40) -> 0 | X42: =SUM(X11:X40) -> 0 | AB42: =SUM(AB11:AB40) -> 0 | AE42: =SUM(AE11:AE40) -> 117000 | AF42: =SUM(AF11:AF40) -> 0
C44: Loaded by | E44: Received by | G44: Loaded by | I44: Received by | K44: Loaded by | M44: Received by | O44: Loaded by | Q44: Received by | S44: Loaded by | U44: Received by | W44: Loaded by | Y44: Received by | AA44: Loaded by | AC44: Received by
C45: Checked by | E45: Checked by | G45: Checked by | I45: Checked by | K45: Checked by | M45: Checked by | O45: Checked by | Q45: Checked by | S45: Checked by | U45: Checked by | W45: Checked by | Y45: Checked by | AA45: Checked by | AC45: Checked by
C46: Authorized by | E46: Authorized by | G46: Authorized by | I46: Authorized by | K46: Authorized by | M46: Authorized by | O46: Authorized by | Q46: Authorized by | S46: Authorized by | U46: Authorized by | W46: Authorized by | Y46: Authorized by | AA46: Authorized by | AC46: Authorized by

Sheet Grasmere Wk 34
A1: WEANER BULK FEED ORDER REQUIRED | K1: MAINSITE BULK FEED ORDER REQUIRED
A2: DIET | B2: Sun | C2: Mon | D2: Tue | E2: Wed | F2: Thu | G2: Fri | H2: Sat | I2: Sun | K2: DIET | L2: Sun | M2: Mon | N2: Tue | O2: Wed | P2: Thu | Q2: Fri | R2: Sat | S2: Sun
A3: Creep 1 | B3: =SUM(T85:T90) -> 0 | C3: =SUM(Z85:Z90) -> 0 | D3: =SUM(AF85:AF90) -> 0 | E3: =SUM(AL85:AL90) -> 0 | F3: =SUM(AR85:AR90) -> 0 | G3: =SUM(AX85:AX90) -> 0 | H3: =SUM(BJ85:BJ90) -> 0 | I3: 0 | K3: Dry Sow | L3: =SUM(T28:T41) -> 14000 | M3: =SUM(Z28:Z41) -> 7000 | N3: =SUM(AF28:AF41) -> 0 | O3: =SUM(AL28:AL41) -> 0 | P3: =SUM(AR28:AR41) -> 0 | Q3: =SUM(AX28:AX41) -> 0 | R3: =SUM(BD28:BD41) -> 0 | S3: =SUM(BJ28:BJ41) -> 0
A4: Creep 2 | B4: =SUM(U85:U90) -> 0 | C4: =SUM(AA85:AA90) -> 0 | D4: =SUM(AG85:AG90) -> 5000 | E4: =SUM(AM85:AM90) -> 0 | F4: =SUM(AS85:AS90) -> 0 | G4: =SUM(AY85:AY90) -> 0 | H4: 0 | I4: =BK85+BK86+BK87+BK88+BK89+BK90 -> 0 | K4: Supa flush | L4: =SUM(V28:V41) -> 2000 | M4: =AB34 -> 0 | N4: =AH34 -> 0 | O4: =AN34 -> 0 | P4: =AT35 -> 2000 | Q4: =AZ34 -> 0 | R4: =BF34 -> 0 | S4: =BL34 -> 0
A5: CREEP 3 | B5: =SUM(V85:V90) -> 0 | C5: =SUM(AB85:AB90) -> 0 | D5: =SUM(AH85:AH90) -> 13000 | E5: =SUM(AN85:AN90) -> 0 | F5: =SUM(AT85:AT90) -> 0 | G5: =SUM(AZ85:AZ90) -> 0 | H5: =SUM(BF85:BF90) -> 0 | I5: =BL85+BL86+BL87+BL88+BL89+BL90 -> 0 | K5: Dry gilt | L5: =SUM(U28:U41) -> 0 | M5: =SUM(AA28:AA41) -> 0 | N5: =SUM(AG28:AG41) -> 0 | O5: =SUM(AM28:AM41) -> 0 | P5: =SUM(AS28:AS41) -> 0 | Q5: =SUM(AY28:AY41) -> 0 | R5: =SUM(BE28:BE41) -> 0 | S5: =SUM(BK28:BK41) -> 0
A6: WEAN 1 | B6: =SUM(W85:W90) -> 0 | C6: =SUM(AC85:AC90) -> 0 | D6: =SUM(AI85:AI90) -> 15000 | E6: =SUM(AO85:AO90) -> 0 | F6: =SUM(AU85:AU90) -> 0 | G6: =SUM(BA85:BA90) -> 0 | H6: =SUM(BG85:BG90) -> 0 | I6: =SUM(BM85:BM90) -> 0 | K6: Lact Sow | L6: =SUM(T47:T62) -> 0 | M6: =SUM(Z47:Z62) -> 12000 | N6: =SUM(AF47:AF62) -> 0 | O6: =SUM(AL47:AL62) -> 0 | P6: =SUM(AR47:AR62) -> 0 | Q6: =SUM(AX47:AX62) -> 0 | R6: =SUM(BD47:BD62) -> 0 | S6: =SUM(BJ47:BJ62) -> 0
A7: TOTAL | B7: =SUM(B3:B6) -> 0 | C7: =SUM(C3:C6) -> 0 | D7: =SUM(D3:D6) -> 33000 | E7: =SUM(E3:E6) -> 0 | F7: =SUM(F3:F6) -> 0 | G7: =SUM(G3:G6) -> 0 | H7: =SUM(H3:H6) -> 0 | I7: =SUM(I3:I6) -> 0 | K7: Transition | L7: =SUM(V47:V62) -> 0 | M7: =SUM(AB47:AB62) -> 0 | N7: =SUM(AH47:AH62) -> 0 | O7: =SUM(AN47:AN62) -> 0 | P7: =SUM(AT47:AT62) -> 0 | Q7: =SUM(AZ47:AZ62) -> 4000 | R7: =SUM(BF47:BF62) -> 0 | S7: =SUM(BL47:BL62) -> 0
K8: Lact gilt | L8: =SUM(U47:U62) -> 1000 | M8: =SUM(AA47:AA62) -> 1000 | N8: =SUM(AG47:AG62) -> 0 | O8: =SUM(AM47:AM62) -> 1000 | P8: =SUM(AS47:AS62) -> 0 | Q8: =SUM(AY47:AY62) -> 0 | R8: =SUM(BE47:BE62) -> 0 | S8: =SUM(BK47:BK62) -> 0
A9: GROWER BULK FEED ORDER REQUIRED | K9: 90 plus | L9: =SUM(W28:W41) -> 8000 | M9: =SUM(AC28:AC41) -> 0 | N9: =SUM(AI28:AI41) -> 0 | O9: 0 | P9: =SUM(AU28:AU41) -> 0 | Q9: =SUM(BA28:BA41) -> 0 | R9: =SUM(BG28:BG41) -> 0 | S9: =SUM(BM28:BM41) -> 0
A10: DIET | B10: Sun | C10: Mon | D10: Tue | E10: Wed | F10: Thu | G10: Fri | H10: Sat | I10: Sun
A11: W1 | B11: =SUM(T94:T136) -> 3000 | C11: =SUM(Z94:Z136) -> 12000 | D11: =SUM(AF94:AF136) -> 0 | E11: =SUM(AL94:AL136) -> 3000 | F11: =SUM(AR94:AR136) -> 14000 | G11: =SUM(AX94:AX136) -> 0 | H11: =SUM(BD94:BD136) -> 0 | I11: =SUM(BJ94:BJ136) -> 0
A12: GR 1 | B12: =SUM(U94:U136) -> 12000 | C12: =SUM(AA94:AA136) -> 9000 | D12: =SUM(AG94:AG136) -> 0 | E12: =SUM(AM94:AM136) -> 9000 | F12: =SUM(AS94:AS136) -> 7000 | G12: =SUM(AY94:AY136) -> 0 | H12: =SUM(BE94:BE136) -> 0 | I12: =SUM(BK94:BK136) -> 0 | K12: TOTAL | L12: =SUM(L3:L9) -> 25000 | M12: =SUM(M3:M9) -> 20000 | N12: =SUM(N3:N9) -> 0 | O12: =SUM(O3:O9) -> 1000 | P12: =SUM(P3:P9) -> 2000 | Q12: =SUM(Q3:Q9) -> 4000 | R12: =SUM(R3:R9) -> 0 | S12: =SUM(S3:S9) -> 0
A13: GR 2 | B13: =SUM(V94:V136) -> 6000 | C13: =SUM(AB94:AB136) -> 9000 | D13: =SUM(AH94:AH136) -> 0 | E13: =SUM(AN94:AN136) -> 9000 | F13: =SUM(AT94:AT136) -> 9000 | G13: =SUM(AZ94:AZ136) -> 0 | H13: =SUM(BF94:BF136) -> 0 | I13: =SUM(BL94:BL136) -> 0
A14: GR 3 | B14: =SUM(W94:W136) -> 15000 | C14: =SUM(AC94:AC136) -> 9000 | D14: =SUM(AI94:AI136) -> 0 | E14: =AO112+AO115 -> 9000 | F14: =SUM(AU94:AU136) -> 12000 | G14: =SUM(BA94:BA136) -> 0 | H14: =SUM(BG94:BG136) -> 0 | I14: =SUM(BM94:BM136) -> 0 | K14: GILT RATIONS
A15: Fin | B15: =SUM(X94:X136) -> 24000 | C15: =SUM(AD94:AD136) -> 12000 | D15: =SUM(AJ94:AJ136) -> 0 | E15: =SUM(AP94:AP136) -> 24000 | F15: =SUM(AV94:AV136) -> 17000 | G15: =SUM(BB94:BB136) -> 0 | H15: =SUM(BH94:BH136) -> 0 | I15: =SUM(BN94:BN136) -> 0 | K15: DIET | L15: Sun | M15: Mon | N15: Tue | O15: Wed | P15: Thu | Q15: Fri | R15: Sat | S15: Sun
A16: TOTAL | B16: =SUM(B11:B15) -> 60000 | C16: =SUM(C11:C15) -> 51000 | D16: =SUM(D11:D15) -> 0 | E16: =SUM(E11:E15) -> 54000 | F16: =SUM(F11:F15) -> 59000 | G16: =SUM(G11:G15) -> 0 | H16: =SUM(H11:H15) -> 0 | I16: =SUM(I11:I15) -> 0 | K16: Gilt 1 | L16: =SUM(T66:T77) -> 0 | M16: =SUM(Z66:Z77) -> 0 | N16: =SUM(AF66:AF77) -> 2000 | O16: =SUM(AL66:AL77) -> 0 | P16: =SUM(AR66:AR77) -> 0 | Q16: =SUM(AX66:AX77) -> 0 | R16: =SUM(BD66:BD77) -> 0 | S16: =SUM(BJ66:BJ77) -> 0
J17: TOTAL BULK ORDER | K17: Gilt 2 | L17: =SUM(U66:U77) -> 0 | M17: =SUM(AA66:AA77) -> 0 | N17: =SUM(AG66:AG77) -> 0 | O17: =SUM(AM66:AM77) -> 0 | P17: =SUM(AS66:AS77) -> 0 | Q17: =SUM(AY66:AY77) -> 0 | R17: =SUM(BE66:BE77) -> 0 | S17: =SUM(BK66:BK77) -> 0
A18: Comb total | B18: =B7+B16+L12+L25 -> 85000 | C18: =C7+C16+M12+M25 -> 71000 | D18: =D7+D16+N12+N25 -> 35000 | E18: =E7+E16+O12+O25 -> 55000 | F18: =F7+F16+P12+P25 -> 61000 | G18: =G7+G16+Q12+Q25 -> 4000 | H18: =H7+H16+R12+R25 -> 0 | I18: =I7+I16+S12+S25 -> 0 | J18: =SUM(B18:I18) -> 311000 | K18: Gilt 3 | L18: =SUM(V66:V77) -> 0 | M18: =SUM(AB66:AB77) -> 0 | N18: =SUM(AH66:AH77) -> 0 | O18: =SUM(AN66:AN77) -> 0 | P18: =SUM(AT66:AT77) -> 0 | Q18: =SUM(AZ66:AZ77) -> 0 | R18: =SUM(BF66:BF77) -> 0 | S18: =SUM(BL66:BL77) -> 0
A19: Max allowable | B19: 60000 | C19: 90000 | D19: 70000 | E19: 80000 | F19: 70000 | J19: =SUM(C19:I19) -> 310000 | K19: Gilt 4 | L19: =SUM(W66:W77) -> 0 | M19: =SUM(AC66:AC77) -> 0 | N19: =SUM(AI66:AI77) -> 0 | O19: =SUM(AO66:AO77) -> 0 | P19: =SUM(AU66:AU77) -> 0 | Q19: =SUM(BA66:BA77) -> 0 | R19: =SUM(BG66:BG77) -> 0 | S19: =SUM(BM66:BM77) -> 0
A20: Difference | J20: =J18-J19 -> 1000 | K20: Gilt 4.1 | L20: =SUM(X66:X77) -> 0 | M20: =SUM(AD66:AD77) -> 0 | N20: =SUM(AJ66:AJ77) -> 0 | O20: =SUM(AP66:AP77) -> 0 | P20: =SUM(AV66:AV77) -> 0 | Q20: =SUM(BB66:BB77) -> 0 | R20: =SUM(BH66:BH77) -> 0 | S20: =SUM(BN66:BN77) -> 0
K21: Gilt 5 | L21: =SUM(Y66:Y77) -> 0 | M21: =SUM(AE66:AE77) -> 0 | N21: =SUM(AK66:AK77) -> 0 | O21: =SUM(AQ66:AQ77) -> 0 | P21: =SUM(AW66:AW77) -> 0 | Q21: =SUM(BC66:BC77) -> 0 | R21: =SUM(BI66:BI77) -> 0 | S21: =SUM(BO66:BO77) -> 0
K25: TOTAL | L25: =SUM(L16:L21) -> 0 | M25: =SUM(M16:M21) -> 0 | N25: =SUM(N16:N24) -> 2000 | O25: =SUM(O16:O24) -> 0 | P25: =SUM(P16:P24) -> 0 | Q25: =SUM(Q16:Q24) -> 0 | R25: =SUM(R16:R24) -> 0 | S25: =SUM(S16:S24) -> 0
A26: MAINSITE BULK FEED ORDER
A27: Batch # | B27: House # | C27: AGE | D27: DIET | E27: INTAKE | F27: Actual intake | G27: NOP | H27: Batch intake | I27: BFT max | J27: BFT level | K27: Monday | L27: Tuesday | M27: Wednesday | N27: Thursday | O27: Friday | P27: Saturday | Q27: Sunday | R27: Monday | S27: Tuesday | T27: Sun-Dry Sow | U27: Sun-Dry Gilt | V27: Sun-Supaflash | W27: Sun-90 Plus | X27: Sun | Y27: Sun | Z27: Mon-Dry Sow | AA27: Mon-Dry Gilt | AB27: Mon-Supaflash | AC27: Mon-90 Plus | AD27: Mon | AE27: Mon | AF27: Tues-Dry Sow | AG27: Tues-Dry Gilt | AH27: Tues-Supaflsh | AI27: Tues-90 plus | AK27: Tues | AL27: Wed-Dry Sow | AM27: Wed-Dry Gilt | AN27: Wed-Supaflash | AO27: Wed- 90 Plus | AP27: Wed | AQ27: Wed | AR27: Thur-Dry Sow | AS27: Thur-Dry Gilt | AT27: Thur-Supaflash | AU27: Thur- 90 plus | AV27: Thur | AW27: Thur | AX27: Fri-Dry Sow | AY27: Fri-Dry Gilt | AZ27: Fri-Supaflash | BA27: Fri - 90 plus | BB27: Fri | BC27: Fri | BD27: Sat-Dry Sow | BE27: Sat-Dry Gilt | BF27: Sat-Supaflash | BG27: Sat- 90 plus | BH27: Sat | BI27: Sat | BJ27: Sun-Dry Sow | BK27: Sun-Dry Gilt | BL27: Sun-Supaflash | BM27: Sun- 90 plus | BN27: Sun | BO27: Sun | BP27: total delivered | BQ27: bft closing | BR27: actual consumed
B28: DS1 | C28: 15wks, 14wks, 13wks, 10wks | D28: Dry Sow | E28: 2.5 | F28: =(BR28/G28)/4 -> 0 | G28: 194 | H28: =G28*E28 -> 485 | I28: 8000 | J28: 2000 | K28: 4515 | L28: =K28-$H28 -> 4030 | M28: =L28-$H28 -> 3545 | N28: =M28-$H28 -> 3060 | O28: =N28-$H28 -> 2575 | P28: =O28-$H28 -> 2090 | Q28: =P28-$H28 -> 1605 | R28: =Q28-$H28 -> 1120 | S28: =R28-$H28 -> 635 | T28: 3000 | BR28: =BP28-BQ28 -> 0 | BT28: =SUM(Z28:BO28) -> 0
B29: DS2 | C29: 12wk,11wk,9wk 8wk, 7wk, 6wk, | D29: Dry Sow | E29: 3 | F29: =(BR29/G29)/7 -> 0 | G29: 281 | H29: =G29*E29 -> 843 | I29: 8000 | J29: 3500 | K29: 6657 | L29: =K29-$H29 -> 5814 | M29: =L29-$H29 -> 4971 | N29: =M29-$H29 -> 4128 | O29: =N29-$H29 -> 3285 | P29: =O29-$H29 -> 2442 | Q29: =P29-$H29 -> 1599 | R29: =Q29-$H29 -> 756 | S29: =R29-$H29 -> -87 | T29: 4000 | BR29: =BP29-BQ29 -> 0 | BT29: =SUM(Z29:BO29) -> 0
B30: DS4 | C30: 5wk,4wk,3wks,2wks,1wks,0wks | D30: Dry Sow | E30: 2.8 | F30: =(BR30/G30)/7 -> 0 | G30: 377 | H30: =G30*E30 -> 1055.6 | I30: 8000 | J30: 3000 | K30: 8944 | L30: =K30-$H30 -> 7888.4 | M30: =L30-$H30 -> 6832.8 | N30: =M30-$H30 -> 5777.2 | O30: =N30-$H30 -> 4721.6 | P30: =O30-$H30 -> 3666 | Q30: =P30-$H30 -> 2610.4 | R30: =Q30-$H30 -> 1554.8 | S30: =R30-$H30 -> 499.2 | T30: 7000 | BR30: =BP30-BQ30 -> 0 | BT30: =SUM(Z30:BO30) -> 0
B31: ds5 | D31: Dry Sow | E31: 2.5 | F31: =(BR31/G31)/7 -> 0 | G31: 385 | H31: =G31*E31 -> 962.5 | I31: 8000 | J31: 3000 | K31: =J31-$H31 -> 2037.5 | L31: =K31-$H31 -> 1075 | M31: =L31-$H31 -> 112.5 | N31: 7000 | O31: =N31-$H31 -> 6037.5 | P31: =O31-$H31 -> 5075 | Q31: =P31-$H31 -> 4112.5 | R31: =Q31-$H31 -> 3150 | S31: =(R31-$H31)+AO31 -> 2187.5 | Z31: 7000 | BT31: =SUM(Z31:BO31) -> 7000
D32: Dry Sow | E32: 3 | F32: =(BR32/G32)/7 -> #DIV/0! | H32: =G32*E32 -> 0 | K32: =J32-$H32 -> 0 | L32: =K32-$H32 -> 0 | M32: =L32-$H32 -> 0 | N32: =M32-$H32 -> 0 | O32: =N32-$H32 -> 0 | P32: =O32-$H32 -> 0 | Q32: =P32-$H32 -> 0 | R32: =Q32-$H32 -> 0 | S32: =(R32-$H32) -> 0 | BT32: =SUM(Z32:BO32) -> 0
D33: Dry Sow | E33: 3 | F33: =(BR33/G33)/7 -> #DIV/0! | H33: =G33*E33 -> 0 | K33: =J33-$H33 -> 0 | L33: =K33-$H33 -> 0 | M33: =L33-$H33 -> 0 | N33: =M33-$H33 -> 0 | O33: =N33-$H33 -> 0 | P33: =O33-$H33 -> 0 | Q33: =P33-$H33 -> 0 | R33: =Q33-$H33 -> 0 | S33: =(R33-$H33) -> 0 | BT33: =SUM(Z33:BO33) -> 0
B34: SL | D34: Supa Flush | E34: 6 | F34: =(BR34/G34)/7 -> 0 | G34: 96 | H34: =G34*E34 -> 576 | I34: 2000 | J34: 1500 | K34: 2924 | L34: =K34-$H34 -> 2348 | M34: =L34-$H34 -> 1772 | N34: =M34-$H34 -> 1196 | O34: =N34-$H34 -> 620 | P34: =O34-$H34 -> 44 | Q34: =P34-$H34 -> -532 | R34: =Q34-$H34 -> -1108 | S34: =R34-$H34 -> -1684 | V34: 2000 | BR34: =BP34-BQ34 -> 0 | BT34: =SUM(Z34:BO34) -> 0
B35: SL | D35: Supa Flush | E35: 6 | F35: =(BR35/G35)/7 -> 0 | G35: 68 | H35: =G35*E35 -> 408 | I35: 2000 | J35: 1000 | K35: =J35-$H35 -> 592 | L35: =K35-$H35 -> 184 | M35: =L35-$H35 -> -224 | N35: 2000 | O35: =N35-$H35 -> 1592 | P35: =O35-$H35 -> 1184 | Q35: =P35-$H35 -> 776 | R35: =Q35-$H35 -> 368 | S35: =R35-$H35 -> -40 | AT35: 2000 | BT35: =SUM(Z35:BO35) -> 2000
B36: DS3 | C36: all preg gilts | D36: 90plus | E36: 2.5 | F36: =(BR36/G36)/7 -> 0 | G36: 299 | H36: =G36*E36 -> 747.5 | I36: 8000 | J36: 2500 | K36: 9753 | L36: =K36-$H36 -> 9005.5 | M36: =L36-$H36 -> 8258 | N36: =M36-$H36 -> 7510.5 | O36: =N36-$H36 -> 6763 | P36: =O36-$H36 -> 6015.5 | Q36: =P36-$H36 -> 5268 | R36: =Q36-$H36 -> 4520.5 | S36: =R36-$H36 -> 3773 | W36: 8000 | BR36: =BP36-BQ36 -> 0 | BT36: =SUM(Z36:BO36) -> 0
D37: Dry Gilt | E37: 2.5 | F37: =(BR37/G37)/7 -> #DIV/0! | H37: =G37*E37 -> 0 | K37: =J37-$H37 -> 0 | L37: =K37-$H37 -> 0 | M37: =L37-$H37 -> 0 | N37: =M37-$H37 -> 0 | O37: =N37-$H37 -> 0 | P37: =O37-$H37 -> 0 | Q37: =P37-$H37 -> 0 | R37: =Q37-$H37 -> 0 | S37: =R37-$H37 -> 0 | BT37: =SUM(Z37:BO37) -> 0
D38: Dry Gilt | E38: 2.5 | F38: =(BR38/G38)/7 -> #DIV/0! | H38: =G38*E38 -> 0 | K38: =J38-$H38 -> 0 | L38: =K38-$H38 -> 0 | M38: =L38-$H38 -> 0 | N38: =M38-$H38 -> 0 | O38: =N38-$H38 -> 0 | P38: =O38-$H38 -> 0 | Q38: =P38-$H38 -> 0 | R38: =Q38-$H38 -> 0 | S38: =R38-$H38 -> 0 | BT38: =SUM(Z38:BO38) -> 0
D39: Dry Gilt | E39: 2.5 | F39: =(BR39/G39)/7 -> #DIV/0! | H39: =G39*E39 -> 0 | K39: =J39-$H39 -> 0 | L39: =K39-$H39 -> 0 | M39: =L39-$H39 -> 0 | N39: =M39-$H39 -> 0 | O39: =N39-$H39 -> 0 | P39: =O39-$H39 -> 0 | Q39: =P39-$H39 -> 0 | R39: =Q39-$H39 -> 0 | S39: =R39-$H39 -> 0 | BT39: =SUM(Z39:BO39) -> 0
D40: Dry Gilt | E40: 3 | F40: =(BR40/G40)/7 -> #DIV/0! | H40: =G40*E40 -> 0 | K40: =(J40-$H40)+AY40 -> 0 | L40: =(K40-$H40)+BE40 -> 0 | M40: =(L40-$H40)+BK40 -> 0 | N40: =(M40-$H40)+AA40 -> 0 | O40: =(N40-$H40)+AG40 -> 0 | P40: =(O40-$H40)+AM40 -> 0 | Q40: =(P40-$H40)+AS40 -> 0 | R40: =Q40-$H40 -> 0 | S40: =R40-$H40 -> 0 | BT40: =SUM(Z40:BO40) -> 0
D41: Dry Gilt | E41: 3 | F41: =(BR41/G41)/7 -> #DIV/0! | H41: =G41*E41 -> 0 | K41: =(J41-$H41)+AY41 -> 0 | L41: =(K41-$H41)+BE41 -> 0 | M41: =(L41-$H41)+BK41 -> 0 | N41: =(M41-$H41)+AA41 -> 0 | O41: =(N41-$H41)+AG41 -> 0 | P41: =(O41-$H41)+AM41 -> 0 | Q41: =(P41-$H41)+AS41 -> 0 | R41: =Q41-$H41 -> 0 | S41: =R41-$H41 -> 0 | BT41: =SUM(Z41:BO41) -> 0
Z42: =SUM(Z28:Z41) -> 7000 | AA42: =SUM(AA28:AA41) -> 0 | AB42: =SUM(AB28:AB41) -> 0 | AC42: =SUM(AC28:AC41) -> 0 | AD42: =SUM(AD28:AD41) -> 0 | AE42: =SUM(AE28:AE41) -> 0 | AF42: =SUM(AF28:AF41) -> 0 | AG42: =SUM(AG28:AG41) -> 0 | ... BO42: =SUM(BO28:BO41) -> 0 | BS42: =SUM(Z42:BR42) -> 9000 | BT42: =SUM(BT28:BT41) -> 9000
A45: MAINSITE BULK FEED ORDER | L45: =+L48+K48 -> 0 | M45: =+M48-L48 -> 0
A46: Batch # | B46: House # | C46: AGE | D46: DIET | E46: INTAKE | F46: Actual intake | G46: NOP | H46: Batch intake | I46: BFT max | J46: BFT level | K46: Monday | L46: Tuesday | M46: Wednesday | N46: Thursday | O46: Friday | P46: Saturday | Q46: Sunday | R46: Monday | S46: Tuesday | T46: Sun-L Sow | U46: Sun- L Gilt | V46: Sun-Trans | W46: Sun | X46: Sun | Y46: Sun | Z46: Mon-L Sow | AA46: Mon- L Gilt | AB46: Mon-Trans | AC46: Mon | AD46: Mon | AE46: Mon | AF46: Tue-L Sow | AG46: Tue- L Gilt | AH46: Tue-Trans | AI46: Tues | AJ46: Tues | AK46: Tues | AL46: Wed-L Sow | AM46: Wed- L Gilt | AN46: Wed-Trans | AO46: Wed | AP46: Wed | AQ46: Wed | AR46: Thur-L Sow | AS46: Thur- L Gilt | AT46: Thur-Trans | AU46: Thur | AV46: Thur | AW46: Thur | AX46: Fri-L Sow | AY46: Fri- L Gilt | AZ46: Fri-Trans | BA46: Fri | BB46: Fri | BC46: Fri | BD46: Sat-L Sow | BE46: Sat- L Gilt | BF46: Sat-Trans | BG46: Sat | BH46: Sat | BI46: Sat | BJ46: Sun-L Sow | BK46: Sun- L Gilt | BL46: Sun-Trans | BM46: Sun | BN46: Sun | BO46: Sun | BP46: total delivered | BQ46: bft closing | BR46: actual consumed
C47: 3 and 4 weeks | D47: LACTATE SOW | F47: =(BR47/G47)/7 -> #DIV/0! | H47: =G47*E47 -> 0 | K47: =J47-H47 -> 0 | L47: =K47-$H47 -> 0 | M47: =L47-$H47 -> 0 | N47: =M47-$H47 -> 0 | O47: =N47-$H47 -> 0 | P47: =O47-$H47 -> 0 | Q47: =P47-$H47 -> 0 | R47: =Q47-$H47 -> 0 | S47: =R47-$H47 -> 0 | BT47: =SUM(Z47:BO47) -> 0
B48: fh1 | C48: FH 1 and FH2 | D48: LACTATE GILT | F48: =(BR48/G48)/7 -> #DIV/0! | H48: =G48*E48 -> 0 | K48: =J48-$H48 -> 0 | L48: =K48-$H48 -> 0 | M48: =L48-$H48 -> 0 | N48: =M48-$H48 -> 0 | O48: =N48-$H48 -> 0 | P48: =O48-$H48 -> 0 | Q48: =P48-$H48 -> 0 | R48: =Q48-$H48 -> 0 | S48: =R48-$H48 -> 0 | BR48: =BP48-BQ48 -> 0 | BT48: =SUM(Z48:BO48) -> 0
D49: TRANSITION | E49: 2.5 | F49: =(BR49/G49)/7 -> 0 | G49: 100 | H49: =G49*E49 -> 250 | I49: 1000 | J49: 4000 | K49: =J49-$H49 -> 3750 | L49: =K49-$H49 -> 3500 | M49: =L49-$H49 -> 3250 | N49: =M49-$H49 -> 3000 | O49: =N49-$H49 -> 2750 | P49: =O49-$H49 -> 2500 | Q49: =P49-$H49 -> 2250 | R49: =Q49-$H49 -> 2000 | S49: =R49-$H49 -> 1750 | BR49: =BP49-BQ49 -> 0 | BT49: =SUM(Z49:BO49) -> 0
C50: post active and 2 weeks | D50: LACTATE SOW | E50: 12 | F50: =(BR50/G50)/7 -> 0 | G50: 75 | H50: =G50*E50 -> 900 | I50: 8000 | J50: 5000 | K50: =J50-$H50 -> 4100 | L50: =K50-$H50 -> 3200 | M50: =L50-$H50 -> 2300 | N50: =M50-$H50 -> 1400 | O50: =N50-$H50 -> 500 | P50: =O50-$H50 -> -400 | Q50: =P50-$H50 -> -1300 | R50: =Q50-$H50 -> -2200 | S50: =R50-$H50 -> -3100 | BR50: =BP50-BQ50 -> 0 | BT50: =SUM(Z50:BO50) -> 0
B51: fh2 | C51: Fh3 and Fh4 | D51: LACTATE GILT | E51: 11 | F51: =(BR51/G51)/7 -> 0 | G51: 25 | H51: =G51*E51 -> 275 | I51: 2000 | J51: 1000 | K51: =J51-$H51 -> 725 | L51: =K51-$H51 -> 450 | M51: =L51-$H51 -> 175 | N51: =M51-$H51 -> -100 | O51: =N51-$H51 -> -375 | P51: =O51-$H51 -> -650 | Q51: =P51-$H51 -> -925 | R51: =Q51-$H51 -> -1200 | S51: =R51-$H51 -> -1475 | BR51: =BP51-BQ51 -> 0 | BT51: =SUM(Z51:BO51) -> 0
D52: TRANSITION | E52: 2.5 | F52: =(BR52/G52)/7 -> #DIV/0! | H52: =G52*E52 -> 0 | K52: =J52-$H52 -> 0 | L52: =K52-$H52 -> 0 | M52: =L52-$H52 -> 0 | N52: =M52-$H52 -> 0 | O52: =N52-$H52 -> 0 | P52: =O52-$H52 -> 0 | Q52: =P52-$H52 -> 0 | R52: =Q52-$H52 -> 0 | S52: =R52-$H52 -> 0 | BR52: =BP52-BQ52 -> 0 | BT52: =SUM(Z52:BO52) -> 0
D53: TRANSITION | E53: 2.5 | F53: =(BR53/G53)/7 -> 0 | G53: 100 | H53: =G53*E53 -> 250 | I53: 1000 | K53: =J53-$H53 -> -250 | L53: =K53-$H53 -> -500 | M53: =L53-$H53 -> -750 | N53: =M53-$H53 -> -1000 | O53: 4000 | P53: =O53-$H53 -> 3750 | Q53: =P53-$H53 -> 3500 | R53: =Q53-$H53 -> 3250 | S53: =R53-$H53 -> 3000 | AZ53: 4000 | BR53: =BP53-BQ53 -> 0 | BT53: =SUM(Z53:BO53) -> 4000
D54: LACTATE SOW | E54: 11 | F54: =(BR54/G54)/7 -> 0 | G54: 75 | H54: =G54*E54 -> 825 | I54: 8000 | J54: 3000 | K54: =J54-$H54 -> 2175 | L54: 5350 | M54: =L54-$H54 -> 4525 | N54: =M54-$H54 -> 3700 | O54: =N54-$H54 -> 2875 | P54: =O54-$H54 -> 2050 | Q54: =P54-$H54 -> 1225 | R54: =Q54-$H54 -> 400 | S54: =R54-$H54 -> -425 | Z54: 4000 | BR54: =BP54-BQ54 -> 0 | BT54: =SUM(Z54:BO54) -> 4000
B55: fh3 | C55: active | D55: LACTATE GILT | E55: 10 | F55: =(BR55/G55)/7 -> 0 | G55: 25 | H55: =G55*E55 -> 250 | I55: 2000 | J55: 500 | K55: 1250 | L55: =K55-$H55 -> 1000 | M55: =L55-$H55 -> 750 | N55: =M55-$H55 -> 500 | O55: =N55-$H55 -> 250 | P55: =O55-$H55 -> 0 | Q55: =P55-$H55 -> -250 | R55: =Q55-$H55 -> -500 | S55: =R55-$H55 -> -750 | U55: 1000 | BR55: =BP55-BQ55 -> 0 | BT55: =SUM(Z55:BO55) -> 0
C56: FH 5 | D56: TRANSITION | F56: =(BR56/G56)/7 -> #DIV/0! | H56: =G56*E56 -> 0 | K56: =J56-$H56 -> 0 | L56: =K56-$H56 -> 0 | M56: =L56-$H56 -> 0 | N56: =M56-$H56 -> 0 | O56: =N56-$H56 -> 0 | P56: =O56-$H56 -> 0 | Q56: =P56-$H56 -> 0 | R56: =Q56-$H56 -> 0 | S56: =R56-$H56 -> 0 | BT56: =SUM(Z56:BO56) -> 0
B57: FH4 | D57: LACTATE SOW | E57: 10 | F57: =(BR57/G57)/7 -> 0 | G57: 75 | H57: =G57*E57 -> 750 | I57: 8000 | J57: 3500 | K57: =(J57-$H57)+Z57 -> 6750 | L57: 6000 | M57: =L57-$H57 -> 5250 | N57: =M57-$H57 -> 4500 | O57: =N57-$H57 -> 3750 | P57: =O57-$H57 -> 3000 | Q57: =P57-$H57 -> 2250 | R57: =Q57-$H57 -> 1500 | S57: =R57-$H57 -> 750 | Z57: 4000
D58: LACTATE GILT | E58: 8 | F58: =(BR58/G58)/7 -> 0 | G58: 25 | H58: =G58*E58 -> 200 | I58: 2000 | J58: 1500 | K58: =J58-$H58 -> 1300 | L58: 2100 | M58: =L58-H58 -> 1900 | N58: =M58-$H58 -> 1700 | O58: =N58-$H58 -> 1500 | P58: =O58-$H58 -> 1300 | Q58: =P58-$H58 -> 1100 | R58: =Q58-$H58 -> 900 | S58: =R58-$H58 -> 700 | AA58: 1000
D59: TRANSITION | E59: 2.5 | F59: =(BR59/G59)/7 -> #DIV/0! | H59: =G59*E59 -> 0 | K59: =J59-$H59 -> 0 | L59: =K59-$H59 -> 0 | M59: =L59-$H59 -> 0 | N59: =M59-$H59 -> 0 | O59: =N59-$H59 -> 0 | P59: =O59-$H59 -> 0 | Q59: =P59-$H59 -> 0 | R59: =Q59-$H59 -> 0 | S59: =R59-$H59 -> 0
B60: FH5 | D60: LACTATE SOW | E60: 8.2 | F60: =(BR60/G60)/7 -> 0 | G60: 75 | H60: =G60*E60 -> 615 | I60: 8000 | K60: =J60-H60 -> -615 | L60: =(K60-$H60)+AA60 -> -1230 | M60: 4000 | N60: =(M60-$H60)+AC60 -> 3385 | O60: =(N60-$H60)+AE60 -> 2770 | P60: =(O60-$H60)+AF60 -> 2155 | Q60: =(P60-$H60)+AG60 -> 1540 | R60: =(Q60-$H60)+AH60 -> 925 | S60: =(R60-$H60)+AI60 -> 310 | Z60: 4000
D61: LACTATE GILT | E61: 7 | F61: =(BR61/G61)/7 -> 0 | G61: 25 | H61: =G61*E61 -> 175 | I61: 2000 | K61: =J61-$H61 -> -175 | L61: =K61-$H61 -> -350 | M61: 1000 | N61: =M61-$H61 -> 825 | O61: =N61-$H61 -> 650 | P61: =O61-$H61 -> 475 | Q61: =P61-$H61 -> 300 | R61: =Q61-$H61 -> 125 | S61: =R61-$H61 -> -50 | AM61: 1000
D62: TRANSITION | E62: 2.5 | F62: =(BR62/G62)/7 -> #DIV/0! | H62: =G62*E62 -> 0 | K62: =J62-$H62 -> 0 | L62: =K62-$H62 -> 0 | M62: =L62-$H62 -> 0 | N62: =M62-$H62 -> 0 | O62: =N62-$H62 -> 0 | P62: =O62-$H62 -> 0 | Q62: =P62-$H62 -> 0 | R62: =Q62-$H62 -> 0 | S62: =R62-$H62 -> 0
Z63: =SUM(Z47:Z56) -> 4000 | AA63: =SUM(AA47:AA56) -> 0 | AB63: =SUM(AB47:AB56) -> 0 | AC63: =SUM(AC47:AC56) -> 0 | AD63: =SUM(AD47:AD56) -> 0 | AE63: =SUM(AE47:AE56) -> 0 | AF63: =SUM(AF47:AF56) -> 0 | AG63: =SUM(AG47:AG56) -> 0 | ... BO63: =SUM(BO47:BO56) -> 0 | BS63: =SUM(Z63:BR63) -> 8000 | BT63: =SUM(BT47:BT56) -> 8000
A64: GILT BULK FEED ORDER
A65: Batch # | B65: House # | C65: AGE | D65: DIET | E65: INTAKE | F65: Actual intake | G65: NOP | H65: Batch intake | I65: BFT max | J65: BFT level | K65: Monday | L65: Tuesday | M65: Wednesday | N65: Thursday | O65: Friday | P65: Saturday | Q65: Sunday | R65: Monday | S65: Tuesday | T65: SUn-Gilt 1 | U65: Sun-Gilt 2 | V65: Sun-Gilt 3 | W65: Sun-Gilt 4 | X65: Sun-Gilt 4.1 | Y65: Sun-Gilt 5 | Z65: Mon-Gilt 1 | AA65: Mon-Gilt 2 | AB65: Mon-Gilt 3 | AC65: Mon-Gilt 4 | AD65: Mon-Gilt 4.1 | AE65: Mon-Gilt 5 | AF65: Tue-Gilt 1 | AG65: Tue-Gilt 2 | AH65: Tue-Gilt 3 | AI65: Tue-Gilt 4 | AJ65: Tue-Gilt 4.1 | AK65: Tue-Gilt 5 | AL65: Wed-Gilt 1 | AM65: Wed-Gilt 2 | AN65: Wed-Gilt 3 | AO65: Wed-Gilt 4 | AP65: Wed-Gilt 4.1 | AQ65: Wed-Gilt 5 | AR65: Thu-Gilt 1 | AS65: Thur-Gilt 2 | AT65: Thur-Gilt 3 | AU65: Thur-Gilt 4 | AV65: Thur-Gilt 4.1 | AW65: Thur-Gilt 5 | AX65: Fri-Gilt 1 | AY65: Fri-Gilt 2 | AZ65: Fri-Gilt 3 | BA65: Fri-Gilt 4 | BB65: Fri-Gilt 4.1 | BC65: Fri-Gilt 5 | BD65: Sat-Gilt 1 | BE65: Sat-Gilt 2 | BF65: Sat-Gilt 3 | BG65: Sat-Gilt 4 | BH65: Sat-Gilt 4.1 | BI65: Sat-Gilt 5 | BJ65: Sun-Gilt 1 | BK65: Sun- Gilt 2 | BL65: Sun-Gilt 3 | BM65: Sun- Gilt 4 | BN65: Sun - Gilt 4.1 | BO65: Sun- Gilt 5 | BP65: total delivered | BQ65: bft closing | BR65: actual consumed
D66: Gilt 1 | F66: =(BR66/G66)/7 -> #DIV/0! | H66: =G66*E66 -> 0 | K66: =J66-H66 -> 0 | L66: 2000 | M66: =L66-$H66 -> 2000 | N66: =M66-$H66 -> 2000 | O66: =N66-$H66 -> 2000 | P66: =O66-$H66 -> 2000 | Q66: =P66-$H66 -> 2000 | R66: =Q66-$H66 -> 2000 | S66: =R66-$H66 -> 2000 | AF66: 2000 | BP66: =SUM('[3]Porta Wk 16'!T66:BI66) -> 0
D67: Gilt 1 | F67: =(BR67/G67)/7 -> #DIV/0! | H67: =G67*E67 -> 0 | K67: =J67-$H67 -> 0 | L67: =K67-$H67 -> 0 | M67: =L67-$H67 -> 0 | N67: =M67-$H67 -> 0 | O67: =N67-$H67 -> 0 | P67: =O67-$H67 -> 0 | Q67: =P67-$H67 -> 0 | R67: =Q67-$H67 -> 0 | S67: =R67-$H67 -> 0 | BP67: =SUM('[3]Porta Wk 16'!T67:BI67) -> 0
D68: Gilt 2 | F68: =(BR68/G68)/7 -> #DIV/0! | H68: =G68*E68 -> 0 | K68: =(J68-$H68)+Z68 -> 0 | L68: =K68-$H68 -> 0 | M68: =L68-$H68 -> 0 | N68: =M68-$H68 -> 0 | O68: =N68-$H68 -> 0 | P68: =O68-$H68 -> 0 | Q68: =P68-$H68 -> 0 | R68: =Q68-$H68 -> 0 | S68: =R68-$H68 -> 0 | BP68: =SUM('[3]Porta Wk 16'!T68:BI68) -> 0
D69: Gilt 2 | F69: =(BR69/G69)/7 -> #DIV/0! | H69: =G69*E69 -> 0 | K69: =J69-$H69 -> 0 | L69: =K69-$H69 -> 0 | M69: =L69-$H69 -> 0 | N69: =M69-$H69 -> 0 | O69: =N69-$H69 -> 0 | P69: =O69-$H69 -> 0 | Q69: =P69-$H69 -> 0 | R69: =Q69-$H69 -> 0 | S69: =R69-$H69 -> 0 | BP69: =SUM('[3]Porta Wk 16'!T69:BI69) -> 0
D70: Gilt 3 | F70: =(BR70/G70)/7 -> #DIV/0! | H70: =G70*E70 -> 0 | K70: =J70-$H70 -> 0 | L70: =K70-$H70 -> 0 | M70: =L70-$H70 -> 0 | N70: =M70-$H70 -> 0 | O70: =N70-$H70 -> 0 | P70: =O70-$H70 -> 0 | Q70: =P70-$H70 -> 0 | R70: =Q70-$H70 -> 0 | S70: =R70-$H70 -> 0 | BP70: =SUM('[3]Porta Wk 16'!T70:BI70) -> 0
D71: Gilt 3 | F71: =(BR71/G71)/7 -> #DIV/0! | H71: =G71*E71 -> 0 | K71: =J71-H71 -> 0 | L71: =K71-$H71 -> 0 | M71: =L71-H71 -> 0 | N71: =M71-$H71 -> 0 | O71: =N71-$H71 -> 0 | P71: =O71-$H71 -> 0 | Q71: =P71-$H71 -> 0 | R71: =Q71-$H71 -> 0 | S71: =R71-$H71 -> 0 | BP71: =SUM('[3]Porta Wk 16'!T71:BI71) -> 0
D72: Gilt 4 | F72: =(BR72/G72)/7 -> #DIV/0! | H72: =G72*E72 -> 0 | K72: =J72-$H72 -> 0 | L72: =K72-$H72 -> 0 | M72: =L72-$H72 -> 0 | N72: =M72-$H72 -> 0 | O72: =N72-H72 -> 0 | P72: =O72-$H72 -> 0 | Q72: =P72-H72 -> 0 | R72: =Q72-$H72 -> 0 | S72: =R72-$H72 -> 0 | BP72: =SUM('[3]Porta Wk 16'!T72:BI72) -> 0
D73: Gilt 4 | F73: =(BR73/G73)/7 -> #DIV/0! | H73: =G73*E73 -> 0 | K73: =J73-$H73 -> 0 | L73: =K73-$H73 -> 0 | M73: =L73-$H73 -> 0 | N73: =M73-$H73 -> 0 | O73: =N73-$H73 -> 0 | P73: =O73-$H73 -> 0 | Q73: =P73-$H73 -> 0 | R73: =Q73-$H73 -> 0 | S73: =R73-$H73 -> 0 | BP73: =SUM('[3]Porta Wk 16'!T73:BI73) -> 0
D74: Gilt 4.1 | F74: =(BR74/G74)/7 -> #DIV/0! | H74: =G74*E74 -> 0 | K74: =(J74-$H74)+Z74 -> 0 | L74: =K74-$H74 -> 0 | M74: =L74-$H74 -> 0 | N74: =M74-$H74 -> 0 | O74: =N74-$H74 -> 0 | P74: =O74-$H74 -> 0 | Q74: =P74-$H74 -> 0 | R74: =Q74-$H74 -> 0 | S74: =R74-$H74 -> 0 | BP74: =SUM('[3]Porta Wk 16'!T74:BI74) -> 0
D75: Gilt 4.1 | F75: =(BR75/G75)/7 -> #DIV/0! | H75: =G75*E75 -> 0 | K75: =J75-$H75 -> 0 | L75: =K75-$H75 -> 0 | M75: =L75-H75 -> 0 | N75: =M75-$H75 -> 0 | O75: =N75-$H75 -> 0 | P75: =O75-$H75 -> 0 | Q75: =P75-$H75 -> 0 | R75: =Q75-$H75 -> 0 | S75: =R75-$H75 -> 0 | BP75: =SUM('[3]Porta Wk 16'!T75:BI75) -> 0
D76: Gilt 5 | F76: =(BR76/G76)/7 -> #DIV/0! | H76: =G76*E76 -> 0 | K76: =J76-$H76 -> 0 | L76: =K76-$H76 -> 0 | M76: =L76-$H76 -> 0 | N76: =M76-$H76 -> 0 | O76: =N76-$H76 -> 0 | P76: =O76-$H76 -> 0 | Q76: =P76-$H76 -> 0 | R76: =Q76-$H76 -> 0 | S76: =R76-$H76 -> 0 | BP76: =SUM('[3]Porta Wk 16'!T76:BI76) -> 0
D77: Gilt 5 | F77: =(BR77/G77)/7 -> #DIV/0! | H77: =G77*E77 -> 0 | K77: =J77-H77 -> 0 | L77: =(K77-$H77)+AA77 -> 0 | M77: =L77-H77 -> 0 | N77: =(M77-$H77)+AC77 -> 0 | O77: =(N77-$H77)+AE77 -> 0 | P77: =(O77-$H77)+AF77 -> 0 | Q77: =(P77-$H77)+AG77 -> 0 | R77: =(Q77-$H77)+AH77 -> 0 | S77: =(R77-$H77)+AI77 -> 0 | BP77: =SUM('[3]Porta Wk 16'!T77:BI77) -> 0
A83: WEANER FEED ORDER | D83: Creep 2
A84: Batch # | B84: House # | C84: Weaners AGE | D84: DIET | E84: INTAKE | F84: Actual intake | G84: NOP | H84: Batch intake | I84: BFT max | J84: BFT level | K84: Monday | L84: Tuesday | M84: Wednesday | N84: Thursday | O84: Friday | P84: Saturday | Q84: Sunday | R84: Monday | S84: Tuesday | T84: Sun - Crp 1 | U84: Sun- Crp 2 | V84: Sun - Crp 3 | W84: Sun - W1 | X84: Sun | Y84: Sun | Z84: Mon - Crp 1 | AA84: Mon - Crp 2 | AB84: Mon - Crp 3 | AC84: Mon - W1 | AD84: Mon | AE84: Mon | AF84: Tues-Crp 1 | AG84: Tues-Crp 2 | AH84: Tues-Crp 3 | AI84: Tues-W1 | AJ84: Tues | AK84: Tues | AL84: Wed - Crp 1 | AM84: Wed - Crp 2 | AN84: Wed - Crp 3 | AO84: Wed - W1 | AP84: Wed | AQ84: Wed | AR84: Thur-Crp 1 | AS84: Thur-Crp 2 | AT84: Thur-Crp 3 | AU84: Thur-W1 | AV84: Thur | AW84: Thur | AX84: Fri - Crp 1 | AY84: Fri - Crp 2 | AZ84: Fri - Crp 3 | BA84: Fri - W1 | BB84: Fri | BC84: Fri | BD84: Sat-Crp1 | BE84: Sat-Crp2 | BF84: Sat-Crp3 | BG84: Sat-W1 | BH84: Sat | BI84: Sat | BJ84: Sun-Crp1 | BK84: Sun-Crp2 | BL84: Sun-Cr3 | BM84: Sun-W1 | BN84: Sun | BO84: Sun | BP84: total delivered | BQ84: bft closing | BR84: actual consumed
A85: 2614 | B85: W5 | C85: 4 | D85: Creep 2 | E85: 0.48 | F85: =(BR85/G85)/4 -> #DIV/0! | G85: 0 | H85: =G85*E85 -> 0 | I85: 9000 | J85: 0 | K85: 0 | L85: 5000 | M85: =L85-$H85 -> 5000 | N85: =M85-$H85 -> 5000 | O85: =N85-$H85 -> 5000 | P85: =O85-$H85 -> 5000 | Q85: =P85-$H85 -> 5000 | R85: =Q85-$H85 -> 5000 | S85: =R85-$H85 -> 5000 | AG85: 5000 | BQ85: =+J85 -> 0 | BR85: =(J85+BP85)-BQ85 -> 0 | BT85: =SUM(Z85:BO85) -> 5000
A86: 2613 | B86: W6 | C86: 5 | D86: Creep 3 | E86: 0.94 | F86: =(BR86/G86)/7 -> 0.4180602 | G86: 1196 | H86: =G86*E86 -> 1124.24 | I86: 9000 | J86: 3500 | K86: =J86-$H86 -> 2375.76 | L86: 7252 | M86: =L86-$H86 -> 6127.76 | N86: =M86-$H86 -> 5003.52 | O86: =N86-$H86 -> 3879.28 | P86: =O86-$H86 -> 2755.04 | Q86: =P86-$H86 -> 1630.8 | R86: =Q86-$H86 -> 506.56 | S86: =R86-$H86 -> -617.68 | AH86: 6000 | BR86: =(J86+BP86)-BQ86 -> 3500 | BT86: =SUM(Z86:BO86) -> 6000
A87: 2612 | B87: W4 | C87: 6 | D87: Creep 3 | E87: 0.94 | F87: =(BR87/G87)/7 -> 0.54163846 | G87: 1055 | H87: =G87*E87 -> 991.7 | I87: 6000 | J87: 4000 | K87: =J87-$H87 -> 3008.3 | L87: 9017 | M87: =L87-$H87 -> 8025.3 | N87: =M87-$H87 -> 7033.6 | O87: =N87-$H87 -> 6041.9 | P87: =O87-$H87 -> 5050.2 | Q87: =P87-$H87 -> 4058.5 | R87: =Q87-$H87 -> 3066.8 | S87: =R87-$H87 -> 2075.1 | AH87: 7000 | BR87: =(J87+BP87)-BQ87 -> 4000 | BT87: =SUM(Z87:BO87) -> 7000
A88: 2611 | B88: W2 | C88: 7 | D88: W1 | E88: 1 | F88: =(BR88/G88)/7 -> 0.58923661 | G88: 1091 | H88: =G88*E88 -> 1091 | I88: 6000 | J88: 4500 | K88: =J88-$H88 -> 3409 | L88: 6318 | M88: =L88-$H88 -> 5227 | N88: =M88-$H88 -> 4136 | O88: =N88-$H88 -> 3045 | P88: =O88-$H88 -> 1954 | Q88: =P88-$H88 -> 863 | R88: =Q88-$H88 -> -228 | S88: =R88-$H88 -> -1319 | AI88: 4000 | BR88: =(J88+BP88)-BQ88 -> 4500 | BT88: =SUM(Z88:BO88) -> 4000
A89: 2610 | B89: W1 | C89: 8 | D89: W1 | E89: 1.1 | F89: =(BR89/G89)/7 -> 0.49689441 | G89: 1150 | H89: =G89*E89 -> 1265 | I89: 9000 | J89: 4000 | K89: =J89-$H89 -> 2735 | L89: 7735 | M89: =L89-$H89 -> 6470 | N89: =M89-$H89 -> 5205 | O89: =N89-$H89 -> 3940 | P89: =O89-$H89 -> 2675 | Q89: =P89-$H89 -> 1410 | R89: =Q89-$H89 -> 145 | S89: =R89-$H89 -> -1120 | AI89: 5000 | BR89: =(J89+BP89)-BQ89 -> 4000 | BT89: =SUM(Z89:BO89) -> 5000
A90: 2609 | B90: W3 | C90: 9 | D90: W1 | E90: 1.2 | F90: =(BR90/G90)/7 -> 0.45787546 | G90: 1092 | H90: =G90*E90 -> 1310.4 | I90: 9000 | J90: 3500 | K90: =J90-$H90 -> 2189.6 | L90: 6879 | M90: =L90-$H90 -> 5568.6 | N90: =M90-$H90 -> 4258.2 | O90: =N90-$H90 -> 2947.8 | P90: =O90-$H90 -> 1637.4 | Q90: =P90-$H90 -> 327 | R90: =Q90-$H90 -> -983.4 | S90: =R90-$H90 -> -2293.8 | AI90: 6000 | BR90: =(J90+BP90)-BQ90 -> 3500 | BT90: =SUM(Z90:BO90) -> 6000
Z91: =SUM(Z85:Z90) -> 0 | AA91: =SUM(AA85:AA90) -> 0 | AB91: =SUM(AB85:AB90) -> 0 | AC91: =SUM(AC85:AC90) -> 0 | AD91: =SUM(AD85:AD90) -> 0 | AE91: =SUM(AE85:AE90) -> 0 | AF91: =SUM(AF85:AF90) -> 0 | AG91: =SUM(AG85:AG90) -> 5000 | ... BQ91: =SUM(BQ85:BQ90) -> 0 | BS91: =SUM(Z91:BR91) -> 33000 | BT91: =SUM(Z91:BO91) -> 33000
A92: GROWER FEED ORDER
A93: Batch # | B93: House # | C93: Growers Age | D93: DIET | E93: INTAKE | F93: Actual intake | G93: NOP | H93: Batch intake | I93: BFT max | J93: BFT level | K93: Monday | L93: Tuesday | M93: Wednesday | N93: Thursday | O93: Friday | P93: Saturday | Q93: Sunday | R93: Monday | S93: Tuesday | T93: Sun-W1 | U93: Sun - GR1 | V93: Sun - GR2 | W93: Sun - GR3 | X93: Sun - fin | Y93: Sun | Z93: Mon-W1 | AA93: Mon - GR1 | AB93: Mon - GR2 | AC93: Mon - GR3 | AD93: Mon - fin | AE93: Mon | AF93: Tue - W1 | AG93: Tue - GR1 | AH93: Tue - GR2 | AI93: Tue - GR3 | AJ93: Tue - fin | AK93: Tue | AL93: Wed-W1 | AM93: Wed-GR1 | AN93: Wed-GR2 | AO93: Wed-GR3 | AP93: Wed-Fin | AQ93: Wed | AR93: Thur-W1 | AS93: Thur - GR1 | AT93: Thur- GR2 | AU93: Thur- GR3 | AV93: Thur- Fin | AW93: Thur | AX93: Fri- W1 | AY93: Fri- GR1 | AZ93: Fri- GR2 | BA93: Fri- GR3 | BB93: Fri- Fin | BC93: Fri | BD93: Sat-W1 | BE93: Sat-GR1 | BF93: Sat-GR2 | BG93: Sat-GR3 | BH93: Sat-Fin | BI93: Sat | BJ93: Sun-W1 | BK93: Sun-GR1 | BL93: Sun-GR2 | BM93: Sun-GR3 | BN93: Sun-Fin | BO93: Sun | BP93: total delivered | BQ93: bft closing | BR93: actual consumed
A94: 2608 | B94: DST3 | C94: 10 OG | D94: W1 | E94: 1.6 | F94: =(BR94/G94)/7 -> #DIV/0! | H94: =G94*E94 -> 0 | K94: =J94-$H94 -> 0 | L94: =K94-$H94 -> 0 | M94: =L94-$H94 -> 0 | N94: =M94-$H94 -> 0 | O94: =N94-$H94 -> 0 | P94: =O94-$H94 -> 0 | Q94: =P94-$H94 -> 0 | R94: =Q94-$H94 -> 0 | S94: =R94-$H94 -> 0 | T94: 3000 | Z94: 6000 | AR94: 4000 | BR94: =(J94+BP94)-BQ94 -> 0 | BT94: =SUM(Z94:BO94) -> 10000
C95: 10 NG | D95: W1 | E95: 1.6 | H95: =G95*E95 -> 0 | K95: =J95-$H95 -> 0 | L95: =K95-$H95 -> 0 | M95: =L95-$H95 -> 0 | N95: =M95-$H95 -> 0 | O95: =N95-$H95 -> 0 | P95: =O95-$H95 -> 0 | Q95: =P95-$H95 -> 0 | R95: =Q95-$H95 -> 0 | S95: =(R95-$H95)+BG95 -> 0 | BR95: =(J95+BP95)-BQ95 -> 0 | BT95: =SUM(Z95:BO95) -> 0
C96: 10 EXT | D96: W1 | E96: 1.6 | H96: =G96*E96 -> 0 | K96: =J96-$H96 -> 0 | L96: =K96-$H96 -> 0 | M96: =L96-$H96 -> 0 | N96: =M96-$H96 -> 0 | O96: =N96-$H96 -> 0 | P96: =O96-$H96 -> 0 | Q96: =P96-$H96 -> 0 | R96: =Q96-$H96 -> 0 | S96: =(R96-$H96)+BG96 -> 0 | BR96: =(J96+BP96)-BQ96 -> 0 | BT96: =SUM(Z96:BO96) -> 0
A97: 2607 | B97: DST2 | C97: 11 OG | D97: W1 | E97: 1.7 | F97: =(BR97/G97)/7 -> #DIV/0! | H97: =G97*E97 -> 0 | K97: =J97-$H97 -> 0 | L97: =K97-$H97 -> 0 | M97: =L97-$H97 -> 0 | N97: =M97-$H97 -> 0 | O97: =N97-$H97 -> 0 | P97: =O97-$H97 -> 0 | Q97: =P97-$H97 -> 0 | R97: =Q97-$H97 -> 0 | S97: =R97-$H97 -> 0 | Z97: 6000 | AL97: 3000 | AR97: 4000 | BR97: =(J97+BP97)-BQ97 -> 0 | BT97: =SUM(Z97:BO97) -> 13000
C98: 11 NG | D98: W1 | E98: 1.7 | H98: =G98*E98 -> 0 | K98: =J98-$H98 -> 0 | L98: =K98-$H98 -> 0 | M98: =L98-$H98 -> 0 | N98: =M98-$H98 -> 0 | O98: =N98-$H98 -> 0 | P98: =O98-$H98 -> 0 | Q98: =P98-$H98 -> 0 | R98: =Q98-$H98 -> 0 | S98: =(R98-$H98)+BG98 -> 0 | BR98: =(J98+BP98)-BQ98 -> 0 | BT98: =SUM(Z98:BO98) -> 0
C99: 11 EXT | D99: W1 | E99: 1.7 | H99: =G99*E99 -> 0 | K99: =J99-$H99 -> 0 | L99: =K99-$H99 -> 0 | M99: =L99-$H99 -> 0 | N99: =M99-$H99 -> 0 | O99: =N99-$H99 -> 0 | P99: =O99-$H99 -> 0 | Q99: =P99-$H99 -> 0 | R99: =Q99-$H99 -> 0 | S99: =(R99-$H99)+BG99 -> 0 | BR99: =(J99+BP99)-BQ99 -> 0 | BT99: =SUM(Z99:BO99) -> 0
A100: 2606 | B100: DST1 | C100: 12 OG | D100: G1 | E100: 2.2 | F100: =(BR100/G100)/7 -> #DIV/0! | H100: =G100*E100 -> 0 | K100: =J100-$H100 -> 0 | L100: =K100-$H100 -> 0 | M100: =L100-$H100 -> 0 | N100: =M100-$H100 -> 0 | O100: =N100-$H100 -> 0 | P100: =O100-$H100 -> 0 | Q100: =P100-$H100 -> 0 | R100: =Q100-$H100 -> 0 | S100: =R100-$H100 -> 0 | U100: 6000 | AA100: 6000 | AM100: 6000 | AS100: 3000 | BR100: =(J100+BP100)-BQ100 -> 0 | BT100: =SUM(Z100:BO100) -> 15000
C101: 12 NG | D101: G1 | E101: 2.2 | H101: =G101*E101 -> 0 | K101: =J101-$H101 -> 0 | L101: =K101-$H101 -> 0 | M101: =L101-$H101 -> 0 | N101: =M101-$H101 -> 0 | O101: =N101-$H101 -> 0 | P101: =O101-$H101 -> 0 | Q101: =P101-$H101 -> 0 | R101: =Q101-$H101 -> 0 | S101: =R101-P101 -> 0 | BR101: =(J101+BP101)-BQ101 -> 0 | BT101: =SUM(Z101:BO101) -> 0
C102: 12 EXT | D102: G1 | E102: 2.2 | H102: =G102*E102 -> 0 | K102: =J102-$H102 -> 0 | L102: =K102-$H102 -> 0 | M102: =L102-$H102 -> 0 | N102: =M102-$H102 -> 0 | O102: =N102-$H102 -> 0 | P102: =O102-$H102 -> 0 | Q102: =P102-$H102 -> 0 | R102: =Q102-$H102 -> 0 | S102: =(R102-$H102)+BI102 -> 0 | BR102: =(J102+BP102)-BQ102 -> 0 | BT102: =SUM(Z102:BO102) -> 0
A103: 2605 | B103: DST4 | C103: 13 OG | D103: G1 | E103: 2.3 | F103: =(BR103/G103)/7 -> #DIV/0! | H103: =G103*E103 -> 0 | K103: =J103-$H103 -> 0 | L103: =K103-$H103 -> 0 | M103: =L103-$H103 -> 0 | N103: =M103-$H103 -> 0 | O103: =N103-$H103 -> 0 | P103: =O103-$H103 -> 0 | Q103: =P103-$H103 -> 0 | R103: =Q103-$H103 -> 0 | S103: =R103-$H103 -> 0 | U103: 6000 | AA103: 3000 | AM103: 3000 | AS103: 4000 | BR103: =(J103+BP103)-BQ103 -> 0 | BT103: =SUM(Z103:BO103) -> 10000
C104: 13 NG | D104: G1 | E104: 2.3 | H104: =G104*E104 -> 0 | K104: =J104-$H104 -> 0 | L104: =K104-$H104 -> 0 | M104: =L104-$H104 -> 0 | N104: =M104-$H104 -> 0 | O104: =N104-$H104 -> 0 | P104: =O104-$H104 -> 0 | Q104: =P104-$H104 -> 0 | R104: =Q104-$H104 -> 0 | S104: =(R104-$H104)+BI104 -> 0 | BR104: =(J104+BP104)-BQ104 -> 0 | BT104: =SUM(Z104:BO104) -> 0
C105: 13 EXT | D105: G1 | E105: 2.3 | H105: =G105*E105 -> 0 | K105: =J105-$H105 -> 0 | L105: =K105-$H105 -> 0 | M105: =L105-$H105 -> 0 | N105: =M105-$H105 -> 0 | O105: =N105-$H105 -> 0 | P105: =O105-$H105 -> 0 | Q105: =P105-$H105 -> 0 | R105: =Q105-$H105 -> 0 | S105: =(R105-$H105)+BI105 -> 0 | BR105: =(J105+BP105)-BQ105 -> 0 | BT105: =SUM(Z105:BO105) -> 0
A106: 2604 | B106: G1 | C106: 14 OG | D106: G2 | E106: 2.4 | F106: =(BR106/G106)/7 -> #DIV/0! | H106: =G106*E106 -> 0 | K106: =J106-$H106 -> 0 | L106: =K106-$H106 -> 0 | M106: =L106-$H106 -> 0 | N106: =M106-$H106 -> 0 | O106: =N106-$H106 -> 0 | P106: =O106-$H106 -> 0 | Q106: =P106-$H106 -> 0 | R106: =Q106-$H106 -> 0 | S106: =R106-$H106 -> 0 | AB106: 6000 | AN106: 3000 | AT106: 6000 | BR106: =(J106+BP106)-BQ106 -> 0 | BT106: =SUM(Z106:BO106) -> 15000
C107: 14 NG | D107: G2 | E107: 2.4 | H107: =G107*E107 -> 0 | K107: =J107-$H107 -> 0 | L107: =K107-$H107 -> 0 | M107: =L107-$H107 -> 0 | N107: =M107-$H107 -> 0 | O107: =N107-$H107 -> 0 | P107: =O107-$H107 -> 0 | Q107: =P107-$H107 -> 0 | R107: =Q107-$H107 -> 0 | S107: =(R107-$H107)+BJ107 -> 0 | BR107: =(J107+BP107)-BQ107 -> 0 | BT107: =SUM(Z107:BO107) -> 0
C108: 14 EXT | D108: G2 | E108: 2.4 | H108: =G108*E108 -> 0 | K108: =J108-$H108 -> 0 | L108: =K108-$H108 -> 0 | M108: =L108-$H108 -> 0 | N108: =M108-$H108 -> 0 | O108: =N108-$H108 -> 0 | P108: =O108-$H108 -> 0 | Q108: =P108-$H108 -> 0 | R108: =Q108-$H108 -> 0 | S108: =(R108-$H108)+BJ108 -> 0 | BR108: =(J108+BP108)-BQ108 -> 0 | BT108: =SUM(Z108:BO108) -> 0
A109: 2603 | B109: G10 | C109: 15 OG | D109: G2 | E109: 2.5 | F109: =(BR109/G109)/7 -> #DIV/0! | H109: =G109*E109 -> 0 | K109: =J109-$H109 -> 0 | L109: =K109-$H109 -> 0 | M109: =L109-$H109 -> 0 | N109: =M109-$H109 -> 0 | O109: =N109-$H109 -> 0 | P109: =O109-$H109 -> 0 | Q109: =P109-$H109 -> 0 | R109: =Q109-$H109 -> 0 | S109: =R109-$H109 -> 0 | V109: 6000 | AB109: 3000 | AN109: 6000 | AT109: 3000 | BR109: =(J109+BP109)-BQ109 -> 0 | BT109: =SUM(Z109:BO109) -> 12000
C110: 15 NG | D110: G2 | E110: =+E109 -> 2.5 | H110: =G110*E110 -> 0 | K110: =J110-$H110 -> 0 | L110: =K110-$H110 -> 0 | M110: =L110-$H110 -> 0 | N110: =M110-$H110 -> 0 | O110: =N110-$H110 -> 0 | P110: =O110-$H110 -> 0 | Q110: =P110-$H110 -> 0 | R110: =Q110-$H110 -> 0 | S110: =(R110-$H110)+BJ110 -> 0 | BR110: =(J110+BP110)-BQ110 -> 0 | BT110: =SUM(Z110:BO110) -> 0
...

Sheet Grasmere L. instruction
C1: CCC PIGS BULK FEED LOADING AND RECEIVING FORM | G1: CCC PIGS BULK FEED LOADING AND RECEIVING FORM | K1: CCC PIGS BULK FEED LOADING AND RECEIVING FORM | O1: CCC PIGS BULK FEED LOADING AND RECEIVING FORM | S1: CCC PIGS BULK FEED LOADING AND RECEIVING FORM | W1: CCC PIGS BULK FEED LOADING AND RECEIVING FORM | AA1: CCC PIGS BULK FEED LOADING AND RECEIVING FORM
C2: Farm/Site Name: | E2: Driver name: | G2: Farm/Site Name: | I2: Driver name: | K2: Farm/Site Name: | M2: Driver name: | O2: Farm/Site Name: | Q2: Driver name: | S2: Farm/Site Name: | U2: Driver name: | W2: Farm/Site Name: | Y2: Driver name: | AA2: Farm/Site Name: | AC2: Driver name:
C3: Week No: | E3: Truck reg: | G3: Week No: | I3: Truck reg: | K3: Week No: | M3: Truck reg: | O3: Week No: | Q3: Truck reg: | S3: Week No: | U3: Truck reg: | W3: Week No: | Y3: Truck reg: | AA3: Week No: | AC3: Truck reg:
C4: Date: | E4: Trailer reg: | G4: Date: | I4: Trailer reg: | K4: Date: | M4: Trailer reg: | O4: Date: | Q4: Trailer reg: | S4: Date: | U4: Trailer reg: | W4: Date: | Y4: Trailer reg: | AA4: Date: | AC4: Trailer reg:
C5: Weighbridge Ticket No: | E5: System Shipment No: | G5: Weighbridge Ticket No: | I5: System Shipment No: | K5: Weighbridge Ticket No: | M5: System Shipment No: | O5: Weighbridge Ticket No: | Q5: System Shipment No: | S5: Weighbridge Ticket No: | U5: System Shipment No: | W5: Weighbridge Ticket No: | Y5: System Shipment No: | AA5: Weighbridge Ticket No: | AC5: System Shipment No:
C6: Load start time: | E6: Load end time: | G6: Load start time: | I6: Load end time: | K6: Load start time: | M6: Load end time: | O6: Load start time: | Q6: Load end time: | S6: Load start time: | U6: Load end time: | W6: Load start time: | Y6: Load end time: | AA6: Load start time: | AC6: Load end time:
C7: Offload start time: | E7: Offload end time: | G7: Offload start time: | I7: Offload end time: | K7: Offload start time: | M7: Offload end time: | O7: Offload start time: | Q7: Offload end time: | S7: Offload start time: | U7: Offload end time: | W7: Offload start time: | Y7: Offload end time: | AA7: Offload start time: | AC7: Offload end time:
A9: House # | C9: Sunday | G9: Monday | K9: Tuesday | O9: Wednesday | S9: Thursday | W9: Friday | AA9: Saturday | AE9: Totals
C10: Diet | D10: Kgs Ordered | E10: kgs Loaded | F10: Compartment No. | G10: Diet | H10: Kgs Ordered | I10: kgs Loaded | J10: Compartment No. | K10: Diet | L10: Kgs Ordered | M10: kgs Loaded | N10: Compartment No. | O10: Diet | P10: Kgs Ordered | Q10: kgs Loaded | R10: Compartment No. | S10: Diet | T10: Kgs Ordered | U10: kgs Loaded | V10: Compartment No. | W10: Diet | X10: Kgs Ordered | Y10: kgs Loaded | Z10: Compartment No. | AA10: Diet | AB10: Kgs Ordered | AC10: kgs Loaded | AD10: Compartment No. | AE10: Kgs Ordered | AF10: Kg delivered
A11: 8 | C11: W1 OTC | D11: 3000 | G11: W1 OTC | H11: 6000 | O11: W1 OTC | S11: W1 OTC | T11: 4000 | AE11: =SUM(D11,H11,L11,P11,#REF!,X11,AB11) -> #REF! | AF11: =SUM(E11,I11,M11,Q11,T11,Y11,AC11) -> 4000
A12: 6 | C12: W1 OTC | G12: W1 OTC | H12: 6000 | O12: W1 OTC | P12: 3000 | S12: W1 OTC | T12: 4000 | AE12: =SUM(D12,H12,L12,P12,#REF!,X12,AB12) -> #REF! | AF12: =SUM(E12,I12,M12,Q12,T12,Y12,AC12) -> 4000
