Workbook

Sheet Combined Avg CDM actual vs  (7)
O1: NB only pigs sent to Colcom
O2: sows and growers
B20: 45839 | C20: 45870 | D20: 45901 | E20: 45931 | F20: 45962 | G20: 45992 | H20: 46023 | I20: 46054 | J20: 46082 | K20: 46113 | L20: 46143 | M20: 46174
A21: FY26 - Avg CDM to Colcom | B21: =SUM('Combined total CDM to Colco (7)'!B24+'Combined total CDM to Colco (7)'!B25+'Combined total CDM to Colco (7)'!B26+'Combined total CDM to Colco (7)'!B27+'Combined total CDM to Colco (7)'!B34+'Combined total CDM to Colco (7)'!B35+'Combined total CDM to Colco (7)'!B36+'Combined total CDM to Colco (7)'!B37+'Combined total CDM to Colco (7)'!B44+'Combined total CDM to Colco (7)'!B45+'Combined total CDM to Colco (7)'!B46+'Combined total CDM to Colco (7)'!B47+'Combined total CDM to Colco (7)'!B54+'Combined total CDM to Colco (7)'!B55+'Combined total CDM to Colco (7)'!B56+'Combined total CDM to Colco (7)'!B57+'Combined total CDM to Colco (7)'!B63+'Combined total CDM to Colco (7)'!B66)/SUM('Combined pigs sold to colco (7)'!B25+'Combined pigs sold to colco (7)'!B26+'Combined pigs sold to colco (7)'!B27+'Combined pigs sold to colco (7)'!B28+'Combined pigs sold to colco (7)'!B35+'Combined pigs sold to colco (7)'!B36+'Combined pigs sold to colco (7)'!B37+'Combined pigs sold to colco (7)'!B38+'Combined pigs sold to colco (7)'!B45+'Combined pigs sold to colco (7)'!B46+'Combined pigs sold to colco (7)'!B47+'Combined pigs sold to colco (7)'!B48+'Combined pigs sold to colco (7)'!B55+'Combined pigs sold to colco (7)'!B56+'Combined pigs sold to colco (7)'!B57+'Combined pigs sold to colco (7)'!B58+'Combined pigs sold to colco (7)'!B67+'Combined pigs sold to colco (7)'!B70) -> 95.685859 | C21: =SUM('Combined total CDM to Colco (7)'!C24+'Combined total CDM to Colco (7)'!C25+'Combined total CDM to Colco (7)'!C26+'Combined total CDM to Colco (7)'!C27+'Combined total CDM to Colco (7)'!C34+'Combined total CDM to Colco (7)'!C35+'Combined total CDM to Colco (7)'!C36+'Combined total CDM to Colco (7)'!C37+'Combined total CDM to Colco (7)'!C44+'Combined total CDM to Colco (7)'!C45+'Combined total CDM to Colco (7)'!C46+'Combined total CDM to Colco (7)'!C47+'Combined total CDM to Colco (7)'!C54+'Combined total CDM to Colco (7)'!C55+'Combined total CDM to Colco (7)'!C56+'Combined total CDM to Colco (7)'!C57+'Combined total CDM to Colco (7)'!C63+'Combined total CDM to Colco (7)'!C66)/SUM('Combined pigs sold to colco (7)'!C25+'Combined pigs sold to colco (7)'!C26+'Combined pigs sold to colco (7)'!C27+'Combined pigs sold to colco (7)'!C28+'Combined pigs sold to colco (7)'!C35+'Combined pigs sold to colco (7)'!C36+'Combined pigs sold to colco (7)'!C37+'Combined pigs sold to colco (7)'!C38+'Combined pigs sold to colco (7)'!C45+'Combined pigs sold to colco (7)'!C46+'Combined pigs sold to colco (7)'!C47+'Combined pigs sold to colco (7)'!C48+'Combined pigs sold to colco (7)'!C55+'Combined pigs sold to colco (7)'!C56+'Combined pigs sold to colco (7)'!C57+'Combined pigs sold to colco (7)'!C58+'Combined pigs sold to colco (7)'!C67+'Combined pigs sold to colco (7)'!C70) -> 95.07222 | D21: =SUM('Combined total CDM to Colco (7)'!D24+'Combined total CDM to Colco (7)'!D25+'Combined total CDM to Colco (7)'!D26+'Combined total CDM to Colco (7)'!D27+'Combined total CDM to Colco (7)'!D34+'Combined total CDM to Colco (7)'!D35+'Combined total CDM to Colco (7)'!D36+'Combined total CDM to Colco (7)'!D37+'Combined total CDM to Colco (7)'!D44+'Combined total CDM to Colco (7)'!D45+'Combined total CDM to Colco (7)'!D46+'Combined total CDM to Colco (7)'!D47+'Combined total CDM to Colco (7)'!D54+'Combined total CDM to Colco (7)'!D55+'Combined total CDM to Colco (7)'!D56+'Combined total CDM to Colco (7)'!D57+'Combined total CDM to Colco (7)'!D63+'Combined total CDM to Colco (7)'!D66+'Combined total CDM to Colco (7)'!D73+'Combined total CDM to Colco (7)'!D76)/SUM('Combined pigs sold to colco (7)'!D25+'Combined pigs sold to colco (7)'!D26+'Combined pigs sold to colco (7)'!D27+'Combined pigs sold to colco (7)'!D28+'Combined pigs sold to colco (7)'!D35+'Combined pigs sold to colco (7)'!D36+'Combined pigs sold to colco (7)'!D37+'Combined pigs sold to colco (7)'!D38+'Combined pigs sold to colco (7)'!D45+'Combined pigs sold to colco (7)'!D46+'Combined pigs sold to colco (7)'!D47+'Combined pigs sold to colco (7)'!D48+'Combined pigs sold to colco (7)'!D55+'Combined pigs sold to colco (7)'!D56+'Combined pigs sold to colco (7)'!D57+'Combined pigs sold to colco (7)'!D58+'Combined pigs sold to colco (7)'!D67+'Combined pigs sold to colco (7)'!D70+'Combined pigs sold to colco (7)'!D77+'Combined pigs sold to colco (7)'!D80) -> 92.526227 | E21: =SUM('Combined total CDM to Colco (7)'!E24+'Combined total CDM to Colco (7)'!E25+'Combined total CDM to Colco (7)'!E26+'Combined total CDM to Colco (7)'!E27+'Combined total CDM to Colco (7)'!E34+'Combined total CDM to Colco (7)'!E35+'Combined total CDM to Colco (7)'!E36+'Combined total CDM to Colco (7)'!E37+'Combined total CDM to Colco (7)'!E44+'Combined total CDM to Colco (7)'!E45+'Combined total CDM to Colco (7)'!E46+'Combined total CDM to Colco (7)'!E47+'Combined total CDM to Colco (7)'!E54+'Combined total CDM to Colco (7)'!E55+'Combined total CDM to Colco (7)'!E56+'Combined total CDM to Colco (7)'!E57+'Combined total CDM to Colco (7)'!E63+'Combined total CDM to Colco (7)'!E66+'Combined total CDM to Colco (7)'!E73+'Combined total CDM to Colco (7)'!E76)/SUM('Combined pigs sold to colco (7)'!E25+'Combined pigs sold to colco (7)'!E26+'Combined pigs sold to colco (7)'!E27+'Combined pigs sold to colco (7)'!E28+'Combined pigs sold to colco (7)'!E35+'Combined pigs sold to colco (7)'!E36+'Combined pigs sold to colco (7)'!E37+'Combined pigs sold to colco (7)'!E38+'Combined pigs sold to colco (7)'!E45+'Combined pigs sold to colco (7)'!E46+'Combined pigs sold to colco (7)'!E47+'Combined pigs sold to colco (7)'!E48+'Combined pigs sold to colco (7)'!E55+'Combined pigs sold to colco (7)'!E56+'Combined pigs sold to colco (7)'!E57+'Combined pigs sold to colco (7)'!E58+'Combined pigs sold to colco (7)'!E67+'Combined pigs sold to colco (7)'!E70+'Combined pigs sold to colco (7)'!E77+'Combined pigs sold to colco (7)'!E80) -> 91.462909 | F21: =SUM('Combined total CDM to Colco (7)'!F24+'Combined total CDM to Colco (7)'!F25+'Combined total CDM to Colco (7)'!F26+'Combined total CDM to Colco (7)'!F27+'Combined total CDM to Colco (7)'!F34+'Combined total CDM to Colco (7)'!F35+'Combined total CDM to Colco (7)'!F36+'Combined total CDM to Colco (7)'!F37+'Combined total CDM to Colco (7)'!F44+'Combined total CDM to Colco (7)'!F45+'Combined total CDM to Colco (7)'!F46+'Combined total CDM to Colco (7)'!F47+'Combined total CDM to Colco (7)'!F54+'Combined total CDM to Colco (7)'!F55+'Combined total CDM to Colco (7)'!F56+'Combined total CDM to Colco (7)'!F57+'Combined total CDM to Colco (7)'!F63+'Combined total CDM to Colco (7)'!F66+'Combined total CDM to Colco (7)'!F73+'Combined total CDM to Colco (7)'!F76)/SUM('Combined pigs sold to colco (7)'!F25+'Combined pigs sold to colco (7)'!F26+'Combined pigs sold to colco (7)'!F27+'Combined pigs sold to colco (7)'!F28+'Combined pigs sold to colco (7)'!F35+'Combined pigs sold to colco (7)'!F36+'Combined pigs sold to colco (7)'!F37+'Combined pigs sold to colco (7)'!F38+'Combined pigs sold to colco (7)'!F45+'Combined pigs sold to colco (7)'!F46+'Combined pigs sold to colco (7)'!F47+'Combined pigs sold to colco (7)'!F48+'Combined pigs sold to colco (7)'!F55+'Combined pigs sold to colco (7)'!F56+'Combined pigs sold to colco (7)'!F57+'Combined pigs sold to colco (7)'!F58+'Combined pigs sold to colco (7)'!F67+'Combined pigs sold to colco (7)'!F70+'Combined pigs sold to colco (7)'!F77+'Combined pigs sold to colco (7)'!F80) -> 90.962207 | G21: =SUM('Combined total CDM to Colco (7)'!G24+'Combined total CDM to Colco (7)'!G25+'Combined total CDM to Colco (7)'!G26+'Combined total CDM to Colco (7)'!G27+'Combined total CDM to Colco (7)'!G34+'Combined total CDM to Colco (7)'!G35+'Combined total CDM to Colco (7)'!G36+'Combined total CDM to Colco (7)'!G37+'Combined total CDM to Colco (7)'!G44+'Combined total CDM to Colco (7)'!G45+'Combined total CDM to Colco (7)'!G46+'Combined total CDM to Colco (7)'!G47+'Combined total CDM to Colco (7)'!G54+'Combined total CDM to Colco (7)'!G55+'Combined total CDM to Colco (7)'!G56+'Combined total CDM to Colco (7)'!G57+'Combined total CDM to Colco (7)'!G63+'Combined total CDM to Colco (7)'!G66+'Combined total CDM to Colco (7)'!G73+'Combined total CDM to Colco (7)'!G76)/SUM('Combined pigs sold to colco (7)'!G25+'Combined pigs sold to colco (7)'!G26+'Combined pigs sold to colco (7)'!G27+'Combined pigs sold to colco (7)'!G28+'Combined pigs sold to colco (7)'!G35+'Combined pigs sold to colco (7)'!G36+'Combined pigs sold to colco (7)'!G37+'Combined pigs sold to colco (7)'!G38+'Combined pigs sold to colco (7)'!G45+'Combined pigs sold to colco (7)'!G46+'Combined pigs sold to colco (7)'!G47+'Combined pigs sold to colco (7)'!G48+'Combined pigs sold to colco (7)'!G55+'Combined pigs sold to colco (7)'!G56+'Combined pigs sold to colco (7)'!G57+'Combined pigs sold to colco (7)'!G58+'Combined pigs sold to colco (7)'!G67+'Combined pigs sold to colco (7)'!G70+'Combined pigs sold to colco (7)'!G77+'Combined pigs sold to colco (7)'!G80) -> 90.748738 | H21: =SUM('Combined total CDM to Colco (7)'!H24+'Combined total CDM to Colco (7)'!H25+'Combined total CDM to Colco (7)'!H26+'Combined total CDM to Colco (7)'!H27+'Combined total CDM to Colco (7)'!H34+'Combined total CDM to Colco (7)'!H35+'Combined total CDM to Colco (7)'!H36+'Combined total CDM to Colco (7)'!H37+'Combined total CDM to Colco (7)'!H44+'Combined total CDM to Colco (7)'!H45+'Combined total CDM to Colco (7)'!H46+'Combined total CDM to Colco (7)'!H47+'Combined total CDM to Colco (7)'!H54+'Combined total CDM to Colco (7)'!H55+'Combined total CDM to Colco (7)'!H56+'Combined total CDM to Colco (7)'!H57+'Combined total CDM to Colco (7)'!H63+'Combined total CDM to Colco (7)'!H66+'Combined total CDM to Colco (7)'!H73+'Combined total CDM to Colco (7)'!H76)/SUM('Combined pigs sold to colco (7)'!H25+'Combined pigs sold to colco (7)'!H26+'Combined pigs sold to colco (7)'!H27+'Combined pigs sold to colco (7)'!H28+'Combined pigs sold to colco (7)'!H35+'Combined pigs sold to colco (7)'!H36+'Combined pigs sold to colco (7)'!H37+'Combined pigs sold to colco (7)'!H38+'Combined pigs sold to colco (7)'!H45+'Combined pigs sold to colco (7)'!H46+'Combined pigs sold to colco (7)'!H47+'Combined pigs sold to colco (7)'!H48+'Combined pigs sold to colco (7)'!H55+'Combined pigs sold to colco (7)'!H56+'Combined pigs sold to colco (7)'!H57+'Combined pigs sold to colco (7)'!H58+'Combined pigs sold to colco (7)'!H67+'Combined pigs sold to colco (7)'!H70+'Combined pigs sold to colco (7)'!H77+'Combined pigs sold to colco (7)'!H80) -> 92.946092 | I21: =SUM('Combined total CDM to Colco (7)'!I24+'Combined total CDM to Colco (7)'!I25+'Combined total CDM to Colco (7)'!I26+'Combined total CDM to Colco (7)'!I27+'Combined total CDM to Colco (7)'!I34+'Combined total CDM to Colco (7)'!I35+'Combined total CDM to Colco (7)'!I36+'Combined total CDM to Colco (7)'!I37+'Combined total CDM to Colco (7)'!I44+'Combined total CDM to Colco (7)'!I45+'Combined total CDM to Colco (7)'!I46+'Combined total CDM to Colco (7)'!I47+'Combined total CDM to Colco (7)'!I54+'Combined total CDM to Colco (7)'!I55+'Combined total CDM to Colco (7)'!I56+'Combined total CDM to Colco (7)'!I57+'Combined total CDM to Colco (7)'!I63+'Combined total CDM to Colco (7)'!I66+'Combined total CDM to Colco (7)'!I73+'Combined total CDM to Colco (7)'!I76)/SUM('Combined pigs sold to colco (7)'!I25+'Combined pigs sold to colco (7)'!I26+'Combined pigs sold to colco (7)'!I27+'Combined pigs sold to colco (7)'!I28+'Combined pigs sold to colco (7)'!I35+'Combined pigs sold to colco (7)'!I36+'Combined pigs sold to colco (7)'!I37+'Combined pigs sold to colco (7)'!I38+'Combined pigs sold to colco (7)'!I45+'Combined pigs sold to colco (7)'!I46+'Combined pigs sold to colco (7)'!I47+'Combined pigs sold to colco (7)'!I48+'Combined pigs sold to colco (7)'!I55+'Combined pigs sold to colco (7)'!I56+'Combined pigs sold to colco (7)'!I57+'Combined pigs sold to colco (7)'!I58+'Combined pigs sold to colco (7)'!I67+'Combined pigs sold to colco (7)'!I70+'Combined pigs sold to colco (7)'!I77+'Combined pigs sold to colco (7)'!I80) -> 92.253642 | J21: =SUM('Combined total CDM to Colco (7)'!J24+'Combined total CDM to Colco (7)'!J25+'Combined total CDM to Colco (7)'!J26+'Combined total CDM to Colco (7)'!J27+'Combined total CDM to Colco (7)'!J34+'Combined total CDM to Colco (7)'!J35+'Combined total CDM to Colco (7)'!J36+'Combined total CDM to Colco (7)'!J37+'Combined total CDM to Colco (7)'!J44+'Combined total CDM to Colco (7)'!J45+'Combined total CDM to Colco (7)'!J46+'Combined total CDM to Colco (7)'!J47+'Combined total CDM to Colco (7)'!J54+'Combined total CDM to Colco (7)'!J55+'Combined total CDM to Colco (7)'!J56+'Combined total CDM to Colco (7)'!J57+'Combined total CDM to Colco (7)'!J63+'Combined total CDM to Colco (7)'!J66+'Combined total CDM to Colco (7)'!J73+'Combined total CDM to Colco (7)'!J76)/SUM('Combined pigs sold to colco (7)'!J25+'Combined pigs sold to colco (7)'!J26+'Combined pigs sold to colco (7)'!J27+'Combined pigs sold to colco (7)'!J28+'Combined pigs sold to colco (7)'!J35+'Combined pigs sold to colco (7)'!J36+'Combined pigs sold to colco (7)'!J37+'Combined pigs sold to colco (7)'!J38+'Combined pigs sold to colco (7)'!J45+'Combined pigs sold to colco (7)'!J46+'Combined pigs sold to colco (7)'!J47+'Combined pigs sold to colco (7)'!J48+'Combined pigs sold to colco (7)'!J55+'Combined pigs sold to colco (7)'!J56+'Combined pigs sold to colco (7)'!J57+'Combined pigs sold to colco (7)'!J58+'Combined pigs sold to colco (7)'!J67+'Combined pigs sold to colco (7)'!J70+'Combined pigs sold to colco (7)'!J77+'Combined pigs sold to colco (7)'!J80) -> 91.085258 | K21: =SUM('Combined total CDM to Colco (7)'!K24+'Combined total CDM to Colco (7)'!K25+'Combined total CDM to Colco (7)'!K26+'Combined total CDM to Colco (7)'!K27+'Combined total CDM to Colco (7)'!K34+'Combined total CDM to Colco (7)'!K35+'Combined total CDM to Colco (7)'!K36+'Combined total CDM to Colco (7)'!K37+'Combined total CDM to Colco (7)'!K44+'Combined total CDM to Colco (7)'!K45+'Combined total CDM to Colco (7)'!K46+'Combined total CDM to Colco (7)'!K47+'Combined total CDM to Colco (7)'!K54+'Combined total CDM to Colco (7)'!K55+'Combined total CDM to Colco (7)'!K56+'Combined total CDM to Colco (7)'!K57+'Combined total CDM to Colco (7)'!K63+'Combined total CDM to Colco (7)'!K66+'Combined total CDM to Colco (7)'!K73+'Combined total CDM to Colco (7)'!K76)/SUM('Combined pigs sold to colco (7)'!K25+'Combined pigs sold to colco (7)'!K26+'Combined pigs sold to colco (7)'!K27+'Combined pigs sold to colco (7)'!K28+'Combined pigs sold to colco (7)'!K35+'Combined pigs sold to colco (7)'!K36+'Combined pigs sold to colco (7)'!K37+'Combined pigs sold to colco (7)'!K38+'Combined pigs sold to colco (7)'!K45+'Combined pigs sold to colco (7)'!K46+'Combined pigs sold to colco (7)'!K47+'Combined pigs sold to colco (7)'!K48+'Combined pigs sold to colco (7)'!K55+'Combined pigs sold to colco (7)'!K56+'Combined pigs sold to colco (7)'!K57+'Combined pigs sold to colco (7)'!K58+'Combined pigs sold to colco (7)'!K67+'Combined pigs sold to colco (7)'!K70+'Combined pigs sold to colco (7)'!K77+'Combined pigs sold to colco (7)'!K80) -> 92.810121 | ... M21: =SUM('Combined total CDM to Colco (7)'!M24+'Combined total CDM to Colco (7)'!M25+'Combined total CDM to Colco (7)'!M26+'Combined total CDM to Colco (7)'!M27+'Combined total CDM to Colco (7)'!M34+'Combined total CDM to Colco (7)'!M35+'Combined total CDM to Colco (7)'!M36+'Combined total CDM to Colco (7)'!M37+'Combined total CDM to Colco (7)'!M44+'Combined total CDM to Colco (7)'!M45+'Combined total CDM to Colco (7)'!M46+'Combined total CDM to Colco (7)'!M47+'Combined total CDM to Colco (7)'!M54+'Combined total CDM to Colco (7)'!M55+'Combined total CDM to Colco (7)'!M56+'Combined total CDM to Colco (7)'!M57+'Combined total CDM to Colco (7)'!M63+'Combined total CDM to Colco (7)'!M66+'Combined total CDM to Colco (7)'!M73+'Combined total CDM to Colco (7)'!M76)/SUM('Combined pigs sold to colco (7)'!M25+'Combined pigs sold to colco (7)'!M26+'Combined pigs sold to colco (7)'!M27+'Combined pigs sold to colco (7)'!M28+'Combined pigs sold to colco (7)'!M35+'Combined pigs sold to colco (7)'!M36+'Combined pigs sold to colco (7)'!M37+'Combined pigs sold to colco (7)'!M38+'Combined pigs sold to colco (7)'!M45+'Combined pigs sold to colco (7)'!M46+'Combined pigs sold to colco (7)'!M47+'Combined pigs sold to colco (7)'!M48+'Combined pigs sold to colco (7)'!M55+'Combined pigs sold to colco (7)'!M56+'Combined pigs sold to colco (7)'!M57+'Combined pigs sold to colco (7)'!M58+'Combined pigs sold to colco (7)'!M67+'Combined pigs sold to colco (7)'!M70+'Combined pigs sold to colco (7)'!M77+'Combined pigs sold to colco (7)'!M80) -> 93.757083 | N21: =AVERAGE(B21:M21) -> 92.689329
A22: Budgeted to colcom | B22: ='[3]Combined Avg CDM actual vs (7)'!B22 -> 92.897182 | C22: ='[3]Combined Avg CDM actual vs (7)'!C22 -> 92.925316 | D22: ='[3]Combined Avg CDM actual vs (7)'!D22 -> 90.60396 | E22: ='[3]Combined Avg CDM actual vs (7)'!E22 -> 90.596892 | F22: ='[3]Combined Avg CDM actual vs (7)'!F22 -> 90.61382 | G22: ='[3]Combined Avg CDM actual vs (7)'!G22 -> 90.62354 | H22: ='[3]Combined Avg CDM actual vs (7)'!H22 -> 90.597443 | I22: ='[3]Combined Avg CDM actual vs (7)'!I22 -> 90.568708 | ... M22: ='[3]Combined Avg CDM actual vs (7)'!M22 -> 92.776936 | N22: =AVERAGE(B22:M22) -> 91.519243 | O22: =N21-N22 -> 1.1700856 | P22: ahead of budget
A23: Fy 25 | B23: ='[4]Combined Avg CDM actual vs (7)'!B21 -> 91.501317 | C23: ='[4]Combined Avg CDM actual vs (7)'!C21 -> 95.226758 | D23: ='[4]Combined Avg CDM actual vs (7)'!D21 -> 95.959414 | E23: ='[4]Combined Avg CDM actual vs (7)'!E21 -> 96.068907 | F23: ='[4]Combined Avg CDM actual vs (7)'!F21 -> 94.114944 | G23: ='[4]Combined Avg CDM actual vs (7)'!G21 -> 92.134462 | H23: ='[4]Combined Avg CDM actual vs (7)'!H21 -> 94.300437 | I23: ='[4]Combined Avg CDM actual vs (7)'!I21 -> 93.798979 | ... M23: ='[4]Combined Avg CDM actual vs (7)'!M21 -> 94.974267
A24: Fy24 | B24: ='[4]Combined Avg CDM actual vs (7)'!B23 -> 87.051416 | C24: ='[4]Combined Avg CDM actual vs (7)'!C23 -> 90.591373 | D24: ='[4]Combined Avg CDM actual vs (7)'!D23 -> 90.507186 | E24: ='[4]Combined Avg CDM actual vs (7)'!E23 -> 88.923795 | F24: ='[4]Combined Avg CDM actual vs (7)'!F23 -> 88.692625 | G24: ='[4]Combined Avg CDM actual vs (7)'!G23 -> 88.543657 | H24: ='[4]Combined Avg CDM actual vs (7)'!H23 -> 88.74445 | I24: ='[4]Combined Avg CDM actual vs (7)'!I23 -> 87.2017 | ... M24: ='[4]Combined Avg CDM actual vs (7)'!M23 -> 86.658772
A25: FY23 | B25: 87.051416 | C25: 90.591373 | D25: 90.507186 | E25: 88.923795 | F25: 88.692625 | G25: 88.543657 | H25: 88.74445 | I25: 87.2017 | J25: 84.531381 | K25: 86.554336 | L25: 87.220425 | M25: 86.658772
B27: 45839 | C27: 45870 | D27: 45901 | E27: 45931 | F27: 45962 | G27: 45992 | H27: 46023 | I27: 46054 | J27: 46082 | K27: 46113 | L27: 46143 | M27: 46174 | N27: Total
A28: Grasmere grower | B28: =IFERROR('Combined total CDM to Colco (7)'!B24/'Combined pigs sold to colco (7)'!B25,0) -> 97.118378 | C28: =IFERROR('Combined total CDM to Colco (7)'!C24/'Combined pigs sold to colco (7)'!C25,0) -> 96.123267 | D28: =IFERROR('Combined total CDM to Colco (7)'!D24/'Combined pigs sold to colco (7)'!D25,0) -> 94.753575 | E28: =IFERROR('Combined total CDM to Colco (7)'!E24/'Combined pigs sold to colco (7)'!E25,0) -> 92.617441 | F28: =IFERROR('Combined total CDM to Colco (7)'!F24/'Combined pigs sold to colco (7)'!F25,0) -> 92.111768 | G28: =IFERROR('Combined total CDM to Colco (7)'!G24/'Combined pigs sold to colco (7)'!G25,0) -> 89.73756 | H28: =IFERROR('Combined total CDM to Colco (7)'!H24/'Combined pigs sold to colco (7)'!H25,0) -> 95.159898 | I28: =IFERROR('Combined total CDM to Colco (7)'!I24/'Combined pigs sold to colco (7)'!I25,0) -> 94.147987 | ... M28: =IFERROR('Combined total CDM to Colco (7)'!M24/'Combined pigs sold to colco (7)'!M25,0) -> 95.851922 | N28: =SUM(B28:M28) -> 1130.7727
A29: Grasmere LH ext | B29: =IFERROR('Combined total CDM to Colco (7)'!B25/'Combined pigs sold to colco (7)'!B26,0) -> 0 | C29: =IFERROR('Combined total CDM to Colco (7)'!C25/'Combined pigs sold to colco (7)'!C26,0) -> 0 | D29: =IFERROR('Combined total CDM to Colco (7)'!D25/'Combined pigs sold to colco (7)'!D26,0) -> 0 | E29: =IFERROR('Combined total CDM to Colco (7)'!E25/'Combined pigs sold to colco (7)'!E26,0) -> 0 | F29: =IFERROR('Combined total CDM to Colco (7)'!F25/'Combined pigs sold to colco (7)'!F26,0) -> 0 | G29: =IFERROR('Combined total CDM to Colco (7)'!G25/'Combined pigs sold to colco (7)'!G26,0) -> 0 | H29: =IFERROR('Combined total CDM to Colco (7)'!H25/'Combined pigs sold to colco (7)'!H26,0) -> 0 | I29: =IFERROR('Combined total CDM to Colco (7)'!I25/'Combined pigs sold to colco (7)'!I26,0) -> 0 | ... M29: =IFERROR('Combined total CDM to Colco (7)'!M25/'Combined pigs sold to colco (7)'!M26,0) -> 0 | N29: =SUM(B29:M29) -> 81.272
A30: Grasmere Learig | B30: =IFERROR('Combined total CDM to Colco (7)'!B26/'Combined pigs sold to colco (7)'!B27,0) -> 98.361596 | C30: =IFERROR('Combined total CDM to Colco (7)'!C26/'Combined pigs sold to colco (7)'!C27,0) -> 99.271238 | D30: =IFERROR('Combined total CDM to Colco (7)'!D26/'Combined pigs sold to colco (7)'!D27,0) -> 97.391463 | E30: =IFERROR('Combined total CDM to Colco (7)'!E26/'Combined pigs sold to colco (7)'!E27,0) -> 97.30958 | F30: =IFERROR('Combined total CDM to Colco (7)'!F26/'Combined pigs sold to colco (7)'!F27,0) -> 97.532155 | G30: =IFERROR('Combined total CDM to Colco (7)'!G26/'Combined pigs sold to colco (7)'!G27,0) -> 95.664332 | H30: =IFERROR('Combined total CDM to Colco (7)'!H26/'Combined pigs sold to colco (7)'!H27,0) -> 96.733025 | I30: =IFERROR('Combined total CDM to Colco (7)'!I26/'Combined pigs sold to colco (7)'!I27,0) -> 98.839798 | ... M30: =IFERROR('Combined total CDM to Colco (7)'!M26/'Combined pigs sold to colco (7)'!M27,0) -> 99.054169 | N30: =SUM(B30:M30) -> 1178.0258
A31: Grasmere sow | B31: =IFERROR('Combined total CDM to Colco (7)'!B27/'Combined pigs sold to colco (7)'!B28,0) -> 154.99388 | C31: =IFERROR('Combined total CDM to Colco (7)'!C27/'Combined pigs sold to colco (7)'!C28,0) -> 0 | D31: =IFERROR('Combined total CDM to Colco (7)'!D27/'Combined pigs sold to colco (7)'!D28,0) -> 194.4 | E31: =IFERROR('Combined total CDM to Colco (7)'!E27/'Combined pigs sold to colco (7)'!E28,0) -> 0 | F31: =IFERROR('Combined total CDM to Colco (7)'!F27/'Combined pigs sold to colco (7)'!F28,0) -> 174.97826 | G31: =IFERROR('Combined total CDM to Colco (7)'!G27/'Combined pigs sold to colco (7)'!G28,0) -> 147.55714 | H31: =IFERROR('Combined total CDM to Colco (7)'!H27/'Combined pigs sold to colco (7)'!H28,0) -> 169.31 | I31: =IFERROR('Combined total CDM to Colco (7)'!I27/'Combined pigs sold to colco (7)'!I28,0) -> 167.93846 | ... M31: =IFERROR('Combined total CDM to Colco (7)'!M27/'Combined pigs sold to colco (7)'!M28,0) -> 179.20588 | N31: =SUM(B31:M31) -> 1699.1769
A32: Grasmere ration & donations | B32: =IFERROR('Combined total CDM to Colco (7)'!B28/'Combined pigs sold to colco (7)'!B29,0) -> 140.86 | C32: =IFERROR('Combined total CDM to Colco (7)'!C28/'Combined pigs sold to colco (7)'!C29,0) -> 127.2 | D32: =IFERROR('Combined total CDM to Colco (7)'!D28/'Combined pigs sold to colco (7)'!D29,0) -> 147.18889 | E32: =IFERROR('Combined total CDM to Colco (7)'!E28/'Combined pigs sold to colco (7)'!E29,0) -> 141.66286 | F32: =IFERROR('Combined total CDM to Colco (7)'!F28/'Combined pigs sold to colco (7)'!F29,0) -> 80.641971 | G32: =IFERROR('Combined total CDM to Colco (7)'!G28/'Combined pigs sold to colco (7)'!G29,0) -> 92.402716 | H32: =IFERROR('Combined total CDM to Colco (7)'!H28/'Combined pigs sold to colco (7)'!H29,0) -> 73.788674 | I32: =IFERROR('Combined total CDM to Colco (7)'!I28/'Combined pigs sold to colco (7)'!I29,0) -> 129.81919 | ... M32: =IFERROR('Combined total CDM to Colco (7)'!M28/'Combined pigs sold to colco (7)'!M29,0) -> 105.16355 | N32: =SUM(B32:M32) -> 1310.6535
A33: Grasmere internal gilts & out growers
A34: Grasmere external farm sales
A35: Pet Food | B35: =IFERROR('Combined total CDM to Colco (7)'!B31/'Combined pigs sold to colco (7)'!B32,0) -> 0 | C35: =IFERROR('Combined total CDM to Colco (7)'!C31/'Combined pigs sold to colco (7)'!C32,0) -> 0 | D35: =IFERROR('Combined total CDM to Colco (7)'!D31/'Combined pigs sold to colco (7)'!D32,0) -> 0 | E35: =IFERROR('Combined total CDM to Colco (7)'!E31/'Combined pigs sold to colco (7)'!E32,0) -> 0 | N35: =SUM(B35:M35) -> 0
B36: =IFERROR('Combined total CDM to Colco (7)'!B32/'Combined pigs sold to colco (7)'!B33,0) -> 93.266627 | C36: =IFERROR('Combined total CDM to Colco (7)'!C32/'Combined pigs sold to colco (7)'!C33,0) -> 90.915318 | D36: =IFERROR('Combined total CDM to Colco (7)'!D32/'Combined pigs sold to colco (7)'!D33,0) -> 89.802528 | E36: =IFERROR('Combined total CDM to Colco (7)'!E32/'Combined pigs sold to colco (7)'!E33,0) -> 89.353864 | F36: =IFERROR('Combined total CDM to Colco (7)'!F32/'Combined pigs sold to colco (7)'!F33,0) -> 92.194795 | G36: =IFERROR('Combined total CDM to Colco (7)'!G32/'Combined pigs sold to colco (7)'!G33,0) -> 90.511495 | H36: =IFERROR('Combined total CDM to Colco (7)'!H32/'Combined pigs sold to colco (7)'!H33,0) -> 94.606726 | I36: =IFERROR('Combined total CDM to Colco (7)'!I32/'Combined pigs sold to colco (7)'!I33,0) -> 95.529111 | ... M36: =IFERROR('Combined total CDM to Colco (7)'!M32/'Combined pigs sold to colco (7)'!M33,0) -> 96.979281 | N36: =SUM(N28:N35) -> 5399.9009
A38: Richlands grower | B38: =IFERROR('Combined total CDM to Colco (7)'!B34/'Combined pigs sold to colco (7)'!B35,0) -> 91.033564 | C38: =IFERROR('Combined total CDM to Colco (7)'!C34/'Combined pigs sold to colco (7)'!C35,0) -> 93.094761 | D38: =IFERROR('Combined total CDM to Colco (7)'!D34/'Combined pigs sold to colco (7)'!D35,0) -> 90.934743 | E38: =IFERROR('Combined total CDM to Colco (7)'!E34/'Combined pigs sold to colco (7)'!E35,0) -> 89.357998 | F38: =IFERROR('Combined total CDM to Colco (7)'!F34/'Combined pigs sold to colco (7)'!F35,0) -> 88.21032 | G38: =IFERROR('Combined total CDM to Colco (7)'!G34/'Combined pigs sold to colco (7)'!G35,0) -> 88.607769 | H38: =IFERROR('Combined total CDM to Colco (7)'!H34/'Combined pigs sold to colco (7)'!H35,0) -> 88.224721 | I38: =IFERROR('Combined total CDM to Colco (7)'!I34/'Combined pigs sold to colco (7)'!I35,0) -> 87.922888 | ... M38: =IFERROR('Combined total CDM to Colco (7)'!M34/'Combined pigs sold to colco (7)'!M35,0) -> 89.798669 | N38: =SUM(B38:M38) -> 1068.7217
A39: Richlands LH ext | B39: =IFERROR('Combined total CDM to Colco (7)'!B35/'Combined pigs sold to colco (7)'!B36,0) -> 91.31374 | C39: =IFERROR('Combined total CDM to Colco (7)'!C35/'Combined pigs sold to colco (7)'!C36,0) -> 95.885769 | D39: =IFERROR('Combined total CDM to Colco (7)'!D35/'Combined pigs sold to colco (7)'!D36,0) -> 91.928342 | E39: =IFERROR('Combined total CDM to Colco (7)'!E35/'Combined pigs sold to colco (7)'!E36,0) -> 87.854194 | F39: =IFERROR('Combined total CDM to Colco (7)'!F35/'Combined pigs sold to colco (7)'!F36,0) -> 91.24 | G39: =IFERROR('Combined total CDM to Colco (7)'!G35/'Combined pigs sold to colco (7)'!G36,0) -> 85.6725 | H39: =IFERROR('Combined total CDM to Colco (7)'!H35/'Combined pigs sold to colco (7)'!H36,0) -> 83.060465 | I39: =IFERROR('Combined total CDM to Colco (7)'!I35/'Combined pigs sold to colco (7)'!I36,0) -> 85.586849 | ... M39: =IFERROR('Combined total CDM to Colco (7)'!M35/'Combined pigs sold to colco (7)'!M36,0) -> 89.113684 | N39: =SUM(B39:M39) -> 1066.0094
A40: Richlands Learig | B40: =IFERROR('Combined total CDM to Colco (7)'!B36/'Combined pigs sold to colco (7)'!B37,0) -> 96.75 | C40: =IFERROR('Combined total CDM to Colco (7)'!C36/'Combined pigs sold to colco (7)'!C37,0) -> 100.11993 | D40: =IFERROR('Combined total CDM to Colco (7)'!D36/'Combined pigs sold to colco (7)'!D37,0) -> 96.280822 | E40: =IFERROR('Combined total CDM to Colco (7)'!E36/'Combined pigs sold to colco (7)'!E37,0) -> 99.050427 | F40: =IFERROR('Combined total CDM to Colco (7)'!F36/'Combined pigs sold to colco (7)'!F37,0) -> 95.314078 | G40: =IFERROR('Combined total CDM to Colco (7)'!G36/'Combined pigs sold to colco (7)'!G37,0) -> 89.510895 | H40: =IFERROR('Combined total CDM to Colco (7)'!H36/'Combined pigs sold to colco (7)'!H37,0) -> 92.608247 | I40: =IFERROR('Combined total CDM to Colco (7)'!I36/'Combined pigs sold to colco (7)'!I37,0) -> 91.698485 | ... M40: =IFERROR('Combined total CDM to Colco (7)'!M36/'Combined pigs sold to colco (7)'!M37,0) -> 96.319732 | N40: =SUM(B40:M40) -> 954.31883
A41: Richlands sow | B41: =IFERROR('Combined total CDM to Colco (7)'!B37/'Combined pigs sold to colco (7)'!B38,0) -> 175.6 | C41: =IFERROR('Combined total CDM to Colco (7)'!C37/'Combined pigs sold to colco (7)'!C38,0) -> 172.835 | D41: =IFERROR('Combined total CDM to Colco (7)'!D37/'Combined pigs sold to colco (7)'!D38,0) -> 173.66818 | E41: =IFERROR('Combined total CDM to Colco (7)'!E37/'Combined pigs sold to colco (7)'!E38,0) -> 169.39512 | F41: =IFERROR('Combined total CDM to Colco (7)'!F37/'Combined pigs sold to colco (7)'!F38,0) -> 168.15357 | G41: =IFERROR('Combined total CDM to Colco (7)'!G37/'Combined pigs sold to colco (7)'!G38,0) -> 157.20588 | H41: =IFERROR('Combined total CDM to Colco (7)'!H37/'Combined pigs sold to colco (7)'!H38,0) -> 173.5359 | I41: =IFERROR('Combined total CDM to Colco (7)'!I37/'Combined pigs sold to colco (7)'!I38,0) -> 168.06047 | ... M41: =IFERROR('Combined total CDM to Colco (7)'!M37/'Combined pigs sold to colco (7)'!M38,0) -> 178.17059 | N41: =SUM(B41:M41) -> 2038.0292
A42: Richlands ration & donations | B42: =IFERROR('Combined total CDM to Colco (7)'!B38/'Combined pigs sold to colco (7)'!B39,0) -> 66.336364 | C42: =IFERROR('Combined total CDM to Colco (7)'!C38/'Combined pigs sold to colco (7)'!C39,0) -> 62.808333 | D42: =IFERROR('Combined total CDM to Colco (7)'!D38/'Combined pigs sold to colco (7)'!D39,0) -> 65.7875 | E42: =IFERROR('Combined total CDM to Colco (7)'!E38/'Combined pigs sold to colco (7)'!E39,0) -> 60.308333 | F42: =IFERROR('Combined total CDM to Colco (7)'!F38/'Combined pigs sold to colco (7)'!F39,0) -> 104.74286 | G42: =IFERROR('Combined total CDM to Colco (7)'!G38/'Combined pigs sold to colco (7)'!G39,0) -> 53.631579 | H42: =IFERROR('Combined total CDM to Colco (7)'!H38/'Combined pigs sold to colco (7)'!H39,0) -> 60.641667 | I42: =IFERROR('Combined total CDM to Colco (7)'!I38/'Combined pigs sold to colco (7)'!I39,0) -> 42.983333 | ... M42: =IFERROR('Combined total CDM to Colco (7)'!M38/'Combined pigs sold to colco (7)'!M39,0) -> 57.870588 | N42: =SUM(B42:M42) -> 761.27944
A43: Richlands internal gilts & out growers | L43: =IFERROR('[5]COMBINED CDM (5)'!L40/'[5]COMBINED PIGS SOLD (5)'!L40,0) -> 0 | M43: =IFERROR('[5]COMBINED CDM (5)'!M40/'[5]COMBINED PIGS SOLD (5)'!M40,0) -> 0
A44: Richlands external farm sales | L44: =IFERROR('[5]COMBINED CDM (5)'!L41/'[5]COMBINED PIGS SOLD (5)'!L41,0) -> 0 | M44: =IFERROR('[5]COMBINED CDM (5)'!M41/'[5]COMBINED PIGS SOLD (5)'!M41,0) -> 0
A45: Pet Food | L45: =IFERROR('[5]COMBINED CDM (5)'!L42/'[5]COMBINED PIGS SOLD (5)'!L42,0) -> 0 | M45: =IFERROR('[5]COMBINED CDM (5)'!M42/'[5]COMBINED PIGS SOLD (5)'!M42,0) -> 0 | N45: =SUM(B45:M45) -> 0
B46: =IFERROR('Combined total CDM to Colco (7)'!B42/'Combined pigs sold to colco (7)'!B43,0) -> 90.6943 | C46: =IFERROR('Combined total CDM to Colco (7)'!C42/'Combined pigs sold to colco (7)'!C43,0) -> 93.008613 | D46: =IFERROR('Combined total CDM to Colco (7)'!D42/'Combined pigs sold to colco (7)'!D43,0) -> 91.02378 | E46: =IFERROR('Combined total CDM to Colco (7)'!E42/'Combined pigs sold to colco (7)'!E43,0) -> 89.169141 | F46: =IFERROR('Combined total CDM to Colco (7)'!F42/'Combined pigs sold to colco (7)'!F43,0) -> 89.216565 | G46: =IFERROR('Combined total CDM to Colco (7)'!G42/'Combined pigs sold to colco (7)'!G43,0) -> 87.005552 | H46: =IFERROR('Combined total CDM to Colco (7)'!H42/'Combined pigs sold to colco (7)'!H43,0) -> 87.16113 | I46: =IFERROR('Combined total CDM to Colco (7)'!I42/'Combined pigs sold to colco (7)'!I43,0) -> 87.117085 | ... M46: =IFERROR('Combined total CDM to Colco (7)'!M42/'Combined pigs sold to colco (7)'!M43,0) -> 89.775151 | N46: =SUM(N38:N45) -> 5888.3586
A48: Lions Head grower | B48: =IFERROR('Combined total CDM to Colco (7)'!B44/'Combined pigs sold to colco (7)'!B45,0) -> 91.825945 | C48: =IFERROR('Combined total CDM to Colco (7)'!C44/'Combined pigs sold to colco (7)'!C45,0) -> 91.745983 | D48: =IFERROR('Combined total CDM to Colco (7)'!D44/'Combined pigs sold to colco (7)'!D45,0) -> 90.447366 | E48: =IFERROR('Combined total CDM to Colco (7)'!E44/'Combined pigs sold to colco (7)'!E45,0) -> 89.297288 | F48: =IFERROR('Combined total CDM to Colco (7)'!F44/'Combined pigs sold to colco (7)'!F45,0) -> 89.414393 | G48: =IFERROR('Combined total CDM to Colco (7)'!G44/'Combined pigs sold to colco (7)'!G45,0) -> 89.827884 | H48: =IFERROR('Combined total CDM to Colco (7)'!H44/'Combined pigs sold to colco (7)'!H45,0) -> 88.086641 | I48: =IFERROR('Combined total CDM to Colco (7)'!I44/'Combined pigs sold to colco (7)'!I45,0) -> 85.81671 | ... M48: =IFERROR('Combined total CDM to Colco (7)'!M44/'Combined pigs sold to colco (7)'!M45,0) -> 88.785949 | N48: =SUM(B48:M48) -> 1068.8356
A49: Lions Head LH ext | B49: =IFERROR('Combined total CDM to Colco (7)'!B45/'Combined pigs sold to colco (7)'!B46,0) -> 92.901295 | C49: =IFERROR('Combined total CDM to Colco (7)'!C45/'Combined pigs sold to colco (7)'!C46,0) -> 96.21811 | D49: =IFERROR('Combined total CDM to Colco (7)'!D45/'Combined pigs sold to colco (7)'!D46,0) -> 91.204811 | E49: =IFERROR('Combined total CDM to Colco (7)'!E45/'Combined pigs sold to colco (7)'!E46,0) -> 93.184932 | F49: =IFERROR('Combined total CDM to Colco (7)'!F45/'Combined pigs sold to colco (7)'!F46,0) -> 88.01685 | G49: =IFERROR('Combined total CDM to Colco (7)'!G45/'Combined pigs sold to colco (7)'!G46,0) -> 89.408824 | H49: =IFERROR('Combined total CDM to Colco (7)'!H45/'Combined pigs sold to colco (7)'!H46,0) -> 83.060905 | I49: =IFERROR('Combined total CDM to Colco (7)'!I45/'Combined pigs sold to colco (7)'!I46,0) -> 85.302655 | ... M49: =IFERROR('Combined total CDM to Colco (7)'!M45/'Combined pigs sold to colco (7)'!M46,0) -> 89.151399 | N49: =SUM(B49:M49) -> 1065.6519
A50: Lions Head Learig | B50: =IFERROR('Combined total CDM to Colco (7)'!B46/'Combined pigs sold to colco (7)'!B47,0) -> 0 | C50: =IFERROR('Combined total CDM to Colco (7)'!C46/'Combined pigs sold to colco (7)'!C47,0) -> 0 | D50: =IFERROR('Combined total CDM to Colco (7)'!D46/'Combined pigs sold to colco (7)'!D47,0) -> 0 | E50: =IFERROR('Combined total CDM to Colco (7)'!E46/'Combined pigs sold to colco (7)'!E47,0) -> 0 | F50: =IFERROR('Combined total CDM to Colco (7)'!F46/'Combined pigs sold to colco (7)'!F47,0) -> 0 | G50: =IFERROR('Combined total CDM to Colco (7)'!G46/'Combined pigs sold to colco (7)'!G47,0) -> 0 | H50: =IFERROR('Combined total CDM to Colco (7)'!H46/'Combined pigs sold to colco (7)'!H47,0) -> 0 | I50: =IFERROR('Combined total CDM to Colco (7)'!I46/'Combined pigs sold to colco (7)'!I47,0) -> 0 | ... M50: =IFERROR('Combined total CDM to Colco (7)'!M46/'Combined pigs sold to colco (7)'!M47,0) -> 0 | N50: =SUM(B50:M50) -> 0
A51: Lions Head sow | B51: =IFERROR('Combined total CDM to Colco (7)'!B47/'Combined pigs sold to colco (7)'!B48,0) -> 165.99444 | C51: =IFERROR('Combined total CDM to Colco (7)'!C47/'Combined pigs sold to colco (7)'!C48,0) -> 173.26 | D51: =IFERROR('Combined total CDM to Colco (7)'!D47/'Combined pigs sold to colco (7)'!D48,0) -> 158.51429 | E51: =IFERROR('Combined total CDM to Colco (7)'!E47/'Combined pigs sold to colco (7)'!E48,0) -> 166.91471 | F51: =IFERROR('Combined total CDM to Colco (7)'!F47/'Combined pigs sold to colco (7)'!F48,0) -> 158.40833 | G51: =IFERROR('Combined total CDM to Colco (7)'!G47/'Combined pigs sold to colco (7)'!G48,0) -> 168.00556 | H51: =IFERROR('Combined total CDM to Colco (7)'!H47/'Combined pigs sold to colco (7)'!H48,0) -> 180.496 | I51: =IFERROR('Combined total CDM to Colco (7)'!I47/'Combined pigs sold to colco (7)'!I48,0) -> 174.475 | ... M51: =IFERROR('Combined total CDM to Colco (7)'!M47/'Combined pigs sold to colco (7)'!M48,0) -> 177.39643 | N51: =SUM(B51:M51) -> 2054.633
A52: Lions Head ration & donations | B52: =IFERROR('Combined total CDM to Colco (7)'!B48/'Combined pigs sold to colco (7)'!B49,0) -> 58.896667 | C52: =IFERROR('Combined total CDM to Colco (7)'!C48/'Combined pigs sold to colco (7)'!C49,0) -> 38.744222 | D52: =IFERROR('Combined total CDM to Colco (7)'!D48/'Combined pigs sold to colco (7)'!D49,0) -> 76.406897 | E52: =IFERROR('Combined total CDM to Colco (7)'!E48/'Combined pigs sold to colco (7)'!E49,0) -> 82.645455 | F52: =IFERROR('Combined total CDM to Colco (7)'!F48/'Combined pigs sold to colco (7)'!F49,0) -> 84.482273 | G52: =IFERROR('Combined total CDM to Colco (7)'!G48/'Combined pigs sold to colco (7)'!G49,0) -> 71.539062 | H52: =IFERROR('Combined total CDM to Colco (7)'!H48/'Combined pigs sold to colco (7)'!H49,0) -> 57.340909 | I52: =IFERROR('Combined total CDM to Colco (7)'!I48/'Combined pigs sold to colco (7)'!I49,0) -> 66.14 | ... M52: =IFERROR('Combined total CDM to Colco (7)'!M48/'Combined pigs sold to colco (7)'!M49,0) -> 78.207692 | N52: =SUM(B52:M52) -> 884.27302
A53: Lionshead internal gilts & out growers | L53: =IFERROR('[5]COMBINED CDM (5)'!L50/'[5]COMBINED PIGS SOLD (5)'!L50,0) -> 0 | M53: =IFERROR('[5]COMBINED CDM (5)'!M50/'[5]COMBINED PIGS SOLD (5)'!M50,0) -> 0
A54: Lionshead external farm sales | L54: =IFERROR('[5]COMBINED CDM (5)'!L51/'[5]COMBINED PIGS SOLD (5)'!L51,0) -> 0 | M54: =IFERROR('[5]COMBINED CDM (5)'!M51/'[5]COMBINED PIGS SOLD (5)'!M51,0) -> 0
A55: Pet Food | L55: =IFERROR('[5]COMBINED CDM (5)'!L52/'[5]COMBINED PIGS SOLD (5)'!L52,0) -> 0 | M55: =IFERROR('[5]COMBINED CDM (5)'!M52/'[5]COMBINED PIGS SOLD (5)'!M52,0) -> 0 | N55: =SUM(B55:M55) -> 0
B56: =IFERROR('Combined total CDM to Colco (7)'!B52/'Combined pigs sold to colco (7)'!B53,0) -> 92.107422 | C56: =IFERROR('Combined total CDM to Colco (7)'!C52/'Combined pigs sold to colco (7)'!C53,0) -> 91.144383 | D56: =IFERROR('Combined total CDM to Colco (7)'!D52/'Combined pigs sold to colco (7)'!D53,0) -> 90.542012 | E56: =IFERROR('Combined total CDM to Colco (7)'!E52/'Combined pigs sold to colco (7)'!E53,0) -> 90.491764 | F56: =IFERROR('Combined total CDM to Colco (7)'!F52/'Combined pigs sold to colco (7)'!F53,0) -> 89.891211 | G56: =IFERROR('Combined total CDM to Colco (7)'!G52/'Combined pigs sold to colco (7)'!G53,0) -> 90.06522 | H56: =IFERROR('Combined total CDM to Colco (7)'!H52/'Combined pigs sold to colco (7)'!H53,0) -> 88.244232 | I56: =IFERROR('Combined total CDM to Colco (7)'!I52/'Combined pigs sold to colco (7)'!I53,0) -> 86.780721 | ... M56: =IFERROR('Combined total CDM to Colco (7)'!M52/'Combined pigs sold to colco (7)'!M53,0) -> 89.471187 | N56: =SUM(N48:N55) -> 5073.3934
A58: Villa grower | B58: =IFERROR('Combined total CDM to Colco (7)'!B54/'Combined pigs sold to colco (7)'!B55,0) -> 95.706365 | C58: =IFERROR('Combined total CDM to Colco (7)'!C54/'Combined pigs sold to colco (7)'!C55,0) -> 97.683595 | D58: =IFERROR('Combined total CDM to Colco (7)'!D54/'Combined pigs sold to colco (7)'!D55,0) -> 93.888743 | E58: =IFERROR('Combined total CDM to Colco (7)'!E54/'Combined pigs sold to colco (7)'!E55,0) -> 96.313306 | F58: =IFERROR('Combined total CDM to Colco (7)'!F54/'Combined pigs sold to colco (7)'!F55,0) -> 96.654269 | G58: =IFERROR('Combined total CDM to Colco (7)'!G54/'Combined pigs sold to colco (7)'!G55,0) -> 94.258199 | H58: =IFERROR('Combined total CDM to Colco (7)'!H54/'Combined pigs sold to colco (7)'!H55,0) -> 96.337475 | I58: =IFERROR('Combined total CDM to Colco (7)'!I54/'Combined pigs sold to colco (7)'!I55,0) -> 95.300319 | ... M58: =IFERROR('Combined total CDM to Colco (7)'!M54/'Combined pigs sold to colco (7)'!M55,0) -> 95.268556 | N58: =SUM(B58:M58) -> 1132.2398
A59: Villa LH ext | B59: =IFERROR('Combined total CDM to Colco (7)'!B55/'Combined pigs sold to colco (7)'!B56,0) -> 90.856522 | C59: =IFERROR('Combined total CDM to Colco (7)'!C55/'Combined pigs sold to colco (7)'!C56,0) -> 94.224725 | D59: =IFERROR('Combined total CDM to Colco (7)'!D55/'Combined pigs sold to colco (7)'!D56,0) -> 91.505848 | E59: =IFERROR('Combined total CDM to Colco (7)'!E55/'Combined pigs sold to colco (7)'!E56,0) -> 84.333047 | F59: =IFERROR('Combined total CDM to Colco (7)'!F55/'Combined pigs sold to colco (7)'!F56,0) -> 85.387407 | G59: =IFERROR('Combined total CDM to Colco (7)'!G55/'Combined pigs sold to colco (7)'!G56,0) -> 83.269712 | H59: =IFERROR('Combined total CDM to Colco (7)'!H55/'Combined pigs sold to colco (7)'!H56,0) -> 88.916239 | I59: =IFERROR('Combined total CDM to Colco (7)'!I55/'Combined pigs sold to colco (7)'!I56,0) -> 85.943478 | ... M59: =IFERROR('Combined total CDM to Colco (7)'!M55/'Combined pigs sold to colco (7)'!M56,0) -> 88.233803 | N59: =SUM(B59:M59) -> 1051.7161
A60: Villa Learig | B60: =IFERROR('Combined total CDM to Colco (7)'!B56/'Combined pigs sold to colco (7)'!B57,0) -> 96.207563 | C60: =IFERROR('Combined total CDM to Colco (7)'!C56/'Combined pigs sold to colco (7)'!C57,0) -> 99.276289 | D60: =IFERROR('Combined total CDM to Colco (7)'!D56/'Combined pigs sold to colco (7)'!D57,0) -> 97.178743 | E60: =IFERROR('Combined total CDM to Colco (7)'!E56/'Combined pigs sold to colco (7)'!E57,0) -> 98.072908 | F60: =IFERROR('Combined total CDM to Colco (7)'!F56/'Combined pigs sold to colco (7)'!F57,0) -> 95.878986 | G60: =IFERROR('Combined total CDM to Colco (7)'!G56/'Combined pigs sold to colco (7)'!G57,0) -> 97.484112 | H60: =IFERROR('Combined total CDM to Colco (7)'!H56/'Combined pigs sold to colco (7)'!H57,0) -> 91.362736 | I60: =IFERROR('Combined total CDM to Colco (7)'!I56/'Combined pigs sold to colco (7)'!I57,0) -> 96.701439 | ... M60: =IFERROR('Combined total CDM to Colco (7)'!M56/'Combined pigs sold to colco (7)'!M57,0) -> 92.927174 | N60: =SUM(B60:M60) -> 1152.4703
A61: Villa sow | B61: =IFERROR('Combined total CDM to Colco (7)'!B57/'Combined pigs sold to colco (7)'!B58,0) -> 188.82778 | C61: =IFERROR('Combined total CDM to Colco (7)'!C57/'Combined pigs sold to colco (7)'!C58,0) -> 185.41875 | D61: =IFERROR('Combined total CDM to Colco (7)'!D57/'Combined pigs sold to colco (7)'!D58,0) -> 182.0619 | E61: =IFERROR('Combined total CDM to Colco (7)'!E57/'Combined pigs sold to colco (7)'!E58,0) -> 173.74167 | F61: =IFERROR('Combined total CDM to Colco (7)'!F57/'Combined pigs sold to colco (7)'!F58,0) -> 179.55 | G61: =IFERROR('Combined total CDM to Colco (7)'!G57/'Combined pigs sold to colco (7)'!G58,0) -> 163.31667 | H61: =IFERROR('Combined total CDM to Colco (7)'!H57/'Combined pigs sold to colco (7)'!H58,0) -> 173.30625 | I61: =IFERROR('Combined total CDM to Colco (7)'!I57/'Combined pigs sold to colco (7)'!I58,0) -> 180.17273 | ... M61: =IFERROR('Combined total CDM to Colco (7)'!M57/'Combined pigs sold to colco (7)'!M58,0) -> 178.47778 | N61: =SUM(B61:M61) -> 2121.2204
A62: Villa ration & donations | B62: =IFERROR('Combined total CDM to Colco (7)'!B58/'Combined pigs sold to colco (7)'!B59,0) -> 54.9 | C62: =IFERROR('Combined total CDM to Colco (7)'!C58/'Combined pigs sold to colco (7)'!C59,0) -> 82.866667 | D62: =IFERROR('Combined total CDM to Colco (7)'!D58/'Combined pigs sold to colco (7)'!D59,0) -> 101.35 | E62: =IFERROR('Combined total CDM to Colco (7)'!E58/'Combined pigs sold to colco (7)'!E59,0) -> 99.5 | F62: =IFERROR('Combined total CDM to Colco (7)'!F58/'Combined pigs sold to colco (7)'!F59,0) -> 99.52 | G62: =IFERROR('Combined total CDM to Colco (7)'!G58/'Combined pigs sold to colco (7)'!G59,0) -> 129.78 | H62: =IFERROR('Combined total CDM to Colco (7)'!H58/'Combined pigs sold to colco (7)'!H59,0) -> 78.25 | I62: =IFERROR('Combined total CDM to Colco (7)'!I58/'Combined pigs sold to colco (7)'!I59,0) -> 134.05 | ... M62: =IFERROR('Combined total CDM to Colco (7)'!M58/'Combined pigs sold to colco (7)'!M59,0) -> 91.228571 | N62: =SUM(B62:M62) -> 1193.5677
A63: Villa internal gilts selection & out growers | L63: =IFERROR('[5]COMBINED CDM (5)'!L60/'[5]COMBINED PIGS SOLD (5)'!L60,0) -> 0 | M63: =IFERROR('[5]COMBINED CDM (5)'!M60/'[5]COMBINED PIGS SOLD (5)'!M60,0) -> 0
A64: Villa external farm sales | L64: =IFERROR('[5]COMBINED CDM (5)'!L61/'[5]COMBINED PIGS SOLD (5)'!L61,0) -> 0 | M64: =IFERROR('[5]COMBINED CDM (5)'!M61/'[5]COMBINED PIGS SOLD (5)'!M61,0) -> 0
A65: Pet Food | L65: =IFERROR('[5]COMBINED CDM (5)'!L62/'[5]COMBINED PIGS SOLD (5)'!L62,0) -> 0 | M65: =IFERROR('[5]COMBINED CDM (5)'!M62/'[5]COMBINED PIGS SOLD (5)'!M62,0) -> 0 | N65: =SUM(B65:M65) -> 0
A67: Porta grower | B67: =IFERROR('Combined total CDM to Colco (7)'!B63/'Combined pigs sold to colco (7)'!B67,0) -> 97.187012 | C67: =IFERROR('Combined total CDM to Colco (7)'!C63/'Combined pigs sold to colco (7)'!C67,0) -> 93.232041 | D67: =IFERROR('Combined total CDM to Colco (7)'!D63/'Combined pigs sold to colco (7)'!D67,0) -> 86.613362 | E67: =IFERROR('Combined total CDM to Colco (7)'!E63/'Combined pigs sold to colco (7)'!E67,0) -> 86.244881 | F67: =IFERROR('Combined total CDM to Colco (7)'!F63/'Combined pigs sold to colco (7)'!F67,0) -> 83.886948 | G67: =IFERROR('Combined total CDM to Colco (7)'!G63/'Combined pigs sold to colco (7)'!G67,0) -> 89.87429 | H67: =IFERROR('Combined total CDM to Colco (7)'!H63/'Combined pigs sold to colco (7)'!H67,0) -> 93.875213 | I67: =IFERROR('Combined total CDM to Colco (7)'!I63/'Combined pigs sold to colco (7)'!I67,0) -> 92.006982 | ... M67: =IFERROR('Combined total CDM to Colco (7)'!M63/'Combined pigs sold to colco (7)'!M67,0) -> 93.569508
A68: Porta LH ext | B68: =IFERROR('Combined total CDM to Colco (7)'!B64/'Combined pigs sold to colco (7)'!B68,0) -> 0 | C68: =IFERROR('Combined total CDM to Colco (7)'!C64/'Combined pigs sold to colco (7)'!C68,0) -> 0 | D68: =IFERROR('Combined total CDM to Colco (7)'!D64/'Combined pigs sold to colco (7)'!D68,0) -> 0 | E68: =IFERROR('Combined total CDM to Colco (7)'!E64/'Combined pigs sold to colco (7)'!E68,0) -> 0 | F68: =IFERROR('Combined total CDM to Colco (7)'!F64/'Combined pigs sold to colco (7)'!F68,0) -> 0 | G68: =IFERROR('Combined total CDM to Colco (7)'!G64/'Combined pigs sold to colco (7)'!G68,0) -> 0 | H68: =IFERROR('Combined total CDM to Colco (7)'!H64/'Combined pigs sold to colco (7)'!H68,0) -> 0 | I68: =IFERROR('Combined total CDM to Colco (7)'!I64/'Combined pigs sold to colco (7)'!I68,0) -> 0 | ... M68: =IFERROR('Combined total CDM to Colco (7)'!M64/'Combined pigs sold to colco (7)'!M68,0) -> 90.176289
A69: Porta Learig | B69: =IFERROR('Combined total CDM to Colco (7)'!B65/'Combined pigs sold to colco (7)'!B69,0) -> 0 | C69: =IFERROR('Combined total CDM to Colco (7)'!C65/'Combined pigs sold to colco (7)'!C69,0) -> 0 | D69: =IFERROR('Combined total CDM to Colco (7)'!D65/'Combined pigs sold to colco (7)'!D69,0) -> 0 | E69: =IFERROR('Combined total CDM to Colco (7)'!E65/'Combined pigs sold to colco (7)'!E69,0) -> 0 | F69: =IFERROR('Combined total CDM to Colco (7)'!F65/'Combined pigs sold to colco (7)'!F69,0) -> 0 | G69: =IFERROR('Combined total CDM to Colco (7)'!G65/'Combined pigs sold to colco (7)'!G69,0) -> 0 | H69: =IFERROR('Combined total CDM to Colco (7)'!H65/'Combined pigs sold to colco (7)'!H69,0) -> 0 | I69: =IFERROR('Combined total CDM to Colco (7)'!I65/'Combined pigs sold to colco (7)'!I69,0) -> 0 | ... M69: =IFERROR('Combined total CDM to Colco (7)'!M65/'Combined pigs sold to colco (7)'!M69,0) -> 94.725581
A70: Porta sow | B70: =IFERROR('Combined total CDM to Colco (7)'!B66/'Combined pigs sold to colco (7)'!B70,0) -> 142.3925 | C70: =IFERROR('Combined total CDM to Colco (7)'!C66/'Combined pigs sold to colco (7)'!C70,0) -> 161.48571 | D70: =IFERROR('Combined total CDM to Colco (7)'!D66/'Combined pigs sold to colco (7)'!D70,0) -> 155.33571 | E70: =IFERROR('Combined total CDM to Colco (7)'!E66/'Combined pigs sold to colco (7)'!E70,0) -> 161.78333 | F70: =IFERROR('Combined total CDM to Colco (7)'!F66/'Combined pigs sold to colco (7)'!F70,0) -> 156.60357 | G70: =IFERROR('Combined total CDM to Colco (7)'!G66/'Combined pigs sold to colco (7)'!G70,0) -> 157.16216 | H70: =IFERROR('Combined total CDM to Colco (7)'!H66/'Combined pigs sold to colco (7)'!H70,0) -> 156.59778 | I70: =IFERROR('Combined total CDM to Colco (7)'!I66/'Combined pigs sold to colco (7)'!I70,0) -> 162.10313 | ... M70: =IFERROR('Combined total CDM to Colco (7)'!M66/'Combined pigs sold to colco (7)'!M70,0) -> 176.2234
A71: Porta ration & donations | B71: =IFERROR('Combined total CDM to Colco (7)'!B67/'Combined pigs sold to colco (7)'!B71,0) -> 6.6909091 | C71: =IFERROR('Combined total CDM to Colco (7)'!C67/'Combined pigs sold to colco (7)'!C71,0) -> 52.693333 | D71: =IFERROR('Combined total CDM to Colco (7)'!D67/'Combined pigs sold to colco (7)'!D71,0) -> 64.970588 | E71: =IFERROR('Combined total CDM to Colco (7)'!E67/'Combined pigs sold to colco (7)'!E71,0) -> 50.873333 | F71: =IFERROR('Combined total CDM to Colco (7)'!F67/'Combined pigs sold to colco (7)'!F71,0) -> 42.147059 | G71: =IFERROR('Combined total CDM to Colco (7)'!G67/'Combined pigs sold to colco (7)'!G71,0) -> 43.5 | H71: =IFERROR('Combined total CDM to Colco (7)'!H67/'Combined pigs sold to colco (7)'!H71,0) -> 41.672222 | I71: =IFERROR('Combined total CDM to Colco (7)'!I67/'Combined pigs sold to colco (7)'!I71,0) -> 129.3442 | ... M71: =IFERROR('Combined total CDM to Colco (7)'!M67/'Combined pigs sold to colco (7)'!M71,0) -> 277.44068
A72: Porta internal gilts selection & out growers
A73: Porta external farm sales
A74: Pet Food
A77: Multiplier grower | B77: =IFERROR('Combined total CDM to Colco (7)'!B73/'Combined pigs sold to colco (7)'!B77,0) -> 0 | I77: =('Combined total CDM to Colco (7)'!I73+'Combined total CDM to Colco (7)'!I76)/('Combined pigs sold to colco (7)'!I77+'Combined pigs sold to colco (7)'!I80) -> 169.89333 | J77: =('Combined total CDM to Colco (7)'!J73+'Combined total CDM to Colco (7)'!J76)/('Combined pigs sold to colco (7)'!J77+'Combined pigs sold to colco (7)'!J80) -> 88.413179 | K77: =('Combined total CDM to Colco (7)'!K73+'Combined total CDM to Colco (7)'!K76)/('Combined pigs sold to colco (7)'!K77+'Combined pigs sold to colco (7)'!K80) -> 87.785872 | L77: =('Combined total CDM to Colco (7)'!L73+'Combined total CDM to Colco (7)'!L76)/('Combined pigs sold to colco (7)'!L77+'Combined pigs sold to colco (7)'!L80) -> 91.779098 | M77: =('Combined total CDM to Colco (7)'!M73+'Combined total CDM to Colco (7)'!M76)/('Combined pigs sold to colco (7)'!M77+'Combined pigs sold to colco (7)'!M80) -> 88.918903
A78: Multiplier LH ext | B78: =IFERROR('Combined total CDM to Colco (7)'!B74/'Combined pigs sold to colco (7)'!B78,0) -> 0
A79: Multiplier Learig | B79: =IFERROR('Combined total CDM to Colco (7)'!B75/'Combined pigs sold to colco (7)'!B79,0) -> 0
A80: Multiplier sow | B80: =IFERROR('Combined total CDM to Colco (7)'!B76/'Combined pigs sold to colco (7)'!B80,0) -> 157.1 | C80: =IFERROR('Combined total CDM to Colco (7)'!C76/'Combined pigs sold to colco (7)'!C80,0) -> 0 | D80: =IFERROR('Combined total CDM to Colco (7)'!D76/'Combined pigs sold to colco (7)'!D80,0) -> 188.80909 | E80: =IFERROR('Combined total CDM to Colco (7)'!E76/'Combined pigs sold to colco (7)'!E80,0) -> 200.78333 | F80: =IFERROR('Combined total CDM to Colco (7)'!F76/'Combined pigs sold to colco (7)'!F80,0) -> 134.83333 | G80: =IFERROR('Combined total CDM to Colco (7)'!G76/'Combined pigs sold to colco (7)'!G80,0) -> 169.30833 | H80: =IFERROR('Combined total CDM to Colco (7)'!H76/'Combined pigs sold to colco (7)'!H80,0) -> 159.336 | I80: =IFERROR('Combined total CDM to Colco (7)'!I76/'Combined pigs sold to colco (7)'!I80,0) -> 169.89333 | ... M80: =IFERROR('Combined total CDM to Colco (7)'!M76/'Combined pigs sold to colco (7)'!M80,0) -> 177.91538
A81: Multiplier ration & donations | B81: =IFERROR('Combined total CDM to Colco (7)'!B77/'Combined pigs sold to colco (7)'!B81,0) -> 0
A82: Multiplier internal gilts selection & out growers
A83: Multiplier external farm sales
A84: Pet Food
B93: ='Combined total CDM to Colco (7)'!B74/'Combined pigs sold to colco (7)'!B63 -> 0 | C93: ='Combined total CDM to Colco (7)'!C74/'Combined pigs sold to colco (7)'!C63 -> 0 | D93: ='Combined total CDM to Colco (7)'!D74/'Combined pigs sold to colco (7)'!D63 -> 0 | E93: ='Combined total CDM to Colco (7)'!E74/'Combined pigs sold to colco (7)'!E63 -> 0 | F93: ='Combined total CDM to Colco (7)'!F74/'Combined pigs sold to colco (7)'!F63 -> 0 | G93: ='Combined total CDM to Colco (7)'!G74/'Combined pigs sold to colco (7)'!G63 -> 0 | H93: ='Combined total CDM to Colco (7)'!H74/'Combined pigs sold to colco (7)'!H63 -> 0 | I93: ='Combined total CDM to Colco (7)'!I74/'Combined pigs sold to colco (7)'!I63 -> 0 | ... M93: ='Combined total CDM to Colco (7)'!M74/'Combined pigs sold to colco (7)'!M63 -> 0 | N93: =SUM(N58:N65) -> 6651.2143
A95: Grand Total | B95: ='Combined total CDM to Colco (7)'!B86/'Combined pigs sold to colco (7)'!B65 -> #DIV/0! | C95: ='Combined total CDM to Colco (7)'!C86/'Combined pigs sold to colco (7)'!C65 -> #DIV/0! | D95: ='Combined total CDM to Colco (7)'!D86/'Combined pigs sold to colco (7)'!D65 -> #DIV/0! | E95: =+E36+E46+E56+E93 -> 269.01477 | F95: =+F36+F46+F56+F93 -> 271.30257 | G95: =+G36+G46+G56+G93 -> 267.58227 | H95: =+H36+H46+H56+H93 -> 270.01209 | I95: =+I36+I46+I56+I93 -> 269.42692 | J95: =+J36+J46+J56+J93 -> 265.659 | K95: =+K36+K46+K56+K93 -> 272.16269 | L95: =+L36+L46+L56+L93 -> 271.96173 | ... N95: =+N36+N46+N56+N93 -> 23012.867
N96: =+N95-'[6]IS (Actual)'!$M$54 -> -104107.13
A98: Learig | B98: =SUM('Combined total CDM to Colco (7)'!B26+'Combined total CDM to Colco (7)'!B36+'Combined total CDM to Colco (7)'!B46+'Combined total CDM to Colco (7)'!B56)/SUM('Combined pigs sold to colco (7)'!B27+'Combined pigs sold to colco (7)'!B37+'Combined pigs sold to colco (7)'!B47+'Combined pigs sold to colco (7)'!B57) -> 97.610503 | C98: =SUM('Combined total CDM to Colco (7)'!C26+'Combined total CDM to Colco (7)'!C36+'Combined total CDM to Colco (7)'!C46+'Combined total CDM to Colco (7)'!C56)/SUM('Combined pigs sold to colco (7)'!C27+'Combined pigs sold to colco (7)'!C37+'Combined pigs sold to colco (7)'!C47+'Combined pigs sold to colco (7)'!C57) -> 99.472742 | D98: =SUM('Combined total CDM to Colco (7)'!D26+'Combined total CDM to Colco (7)'!D36+'Combined total CDM to Colco (7)'!D46+'Combined total CDM to Colco (7)'!D56)/SUM('Combined pigs sold to colco (7)'!D27+'Combined pigs sold to colco (7)'!D37+'Combined pigs sold to colco (7)'!D47+'Combined pigs sold to colco (7)'!D57) -> 97.12153 | E98: =SUM('Combined total CDM to Colco (7)'!E26+'Combined total CDM to Colco (7)'!E36+'Combined total CDM to Colco (7)'!E46+'Combined total CDM to Colco (7)'!E56)/SUM('Combined pigs sold to colco (7)'!E27+'Combined pigs sold to colco (7)'!E37+'Combined pigs sold to colco (7)'!E47+'Combined pigs sold to colco (7)'!E57) -> 97.593746 | F98: =SUM('Combined total CDM to Colco (7)'!F26+'Combined total CDM to Colco (7)'!F36+'Combined total CDM to Colco (7)'!F46+'Combined total CDM to Colco (7)'!F56)/SUM('Combined pigs sold to colco (7)'!F27+'Combined pigs sold to colco (7)'!F37+'Combined pigs sold to colco (7)'!F47+'Combined pigs sold to colco (7)'!F57) -> 96.983667 | G98: =SUM('Combined total CDM to Colco (7)'!G26+'Combined total CDM to Colco (7)'!G36+'Combined total CDM to Colco (7)'!G46+'Combined total CDM to Colco (7)'!G56)/SUM('Combined pigs sold to colco (7)'!G27+'Combined pigs sold to colco (7)'!G37+'Combined pigs sold to colco (7)'!G47+'Combined pigs sold to colco (7)'!G57) -> 94.89131 | H98: =SUM('Combined total CDM to Colco (7)'!H26+'Combined total CDM to Colco (7)'!H36+'Combined total CDM to Colco (7)'!H46+'Combined total CDM to Colco (7)'!H56)/SUM('Combined pigs sold to colco (7)'!H27+'Combined pigs sold to colco (7)'!H37+'Combined pigs sold to colco (7)'!H47+'Combined pigs sold to colco (7)'!H57) -> 95.531928 | I98: =SUM('Combined total CDM to Colco (7)'!I26+'Combined total CDM to Colco (7)'!I36+'Combined total CDM to Colco (7)'!I46+'Combined total CDM to Colco (7)'!I56)/SUM('Combined pigs sold to colco (7)'!I27+'Combined pigs sold to colco (7)'!I37+'Combined pigs sold to colco (7)'!I47+'Combined pigs sold to colco (7)'!I57) -> 97.550264 | ... M98: =SUM('Combined total CDM to Colco (7)'!M26+'Combined total CDM to Colco (7)'!M36+'Combined total CDM to Colco (7)'!M46+'Combined total CDM to Colco (7)'!M56)/SUM('Combined pigs sold to colco (7)'!M27+'Combined pigs sold to colco (7)'!M37+'Combined pigs sold to colco (7)'!M47+'Combined pigs sold to colco (7)'!M57) -> 98.350153
A99: extension | B99: =SUM('Combined total CDM to Colco (7)'!B25+'Combined total CDM to Colco (7)'!B35+'Combined total CDM to Colco (7)'!B45+'Combined total CDM to Colco (7)'!B55)/SUM('Combined pigs sold to colco (7)'!B26+'Combined pigs sold to colco (7)'!B36+'Combined pigs sold to colco (7)'!B46+'Combined pigs sold to colco (7)'!B56) -> 92.305631 | C99: =SUM('Combined total CDM to Colco (7)'!C25+'Combined total CDM to Colco (7)'!C35+'Combined total CDM to Colco (7)'!C45+'Combined total CDM to Colco (7)'!C55)/SUM('Combined pigs sold to colco (7)'!C26+'Combined pigs sold to colco (7)'!C36+'Combined pigs sold to colco (7)'!C46+'Combined pigs sold to colco (7)'!C56) -> 95.428647 | D99: =SUM('Combined total CDM to Colco (7)'!D25+'Combined total CDM to Colco (7)'!D35+'Combined total CDM to Colco (7)'!D45+'Combined total CDM to Colco (7)'!D55)/SUM('Combined pigs sold to colco (7)'!D26+'Combined pigs sold to colco (7)'!D36+'Combined pigs sold to colco (7)'!D46+'Combined pigs sold to colco (7)'!D56) -> 91.492604 | E99: =SUM('Combined total CDM to Colco (7)'!E25+'Combined total CDM to Colco (7)'!E35+'Combined total CDM to Colco (7)'!E45+'Combined total CDM to Colco (7)'!E55)/SUM('Combined pigs sold to colco (7)'!E26+'Combined pigs sold to colco (7)'!E36+'Combined pigs sold to colco (7)'!E46+'Combined pigs sold to colco (7)'!E56) -> 87.775281 | F99: =SUM('Combined total CDM to Colco (7)'!F25+'Combined total CDM to Colco (7)'!F35+'Combined total CDM to Colco (7)'!F45+'Combined total CDM to Colco (7)'!F55)/SUM('Combined pigs sold to colco (7)'!F26+'Combined pigs sold to colco (7)'!F36+'Combined pigs sold to colco (7)'!F46+'Combined pigs sold to colco (7)'!F56) -> 87.291962 | G99: =SUM('Combined total CDM to Colco (7)'!G25+'Combined total CDM to Colco (7)'!G35+'Combined total CDM to Colco (7)'!G45+'Combined total CDM to Colco (7)'!G55)/SUM('Combined pigs sold to colco (7)'!G26+'Combined pigs sold to colco (7)'!G36+'Combined pigs sold to colco (7)'!G46+'Combined pigs sold to colco (7)'!G56) -> 86.352105 | H99: =SUM('Combined total CDM to Colco (7)'!H25+'Combined total CDM to Colco (7)'!H35+'Combined total CDM to Colco (7)'!H45+'Combined total CDM to Colco (7)'!H55)/SUM('Combined pigs sold to colco (7)'!H26+'Combined pigs sold to colco (7)'!H36+'Combined pigs sold to colco (7)'!H46+'Combined pigs sold to colco (7)'!H56) -> 84.033807 | I99: =SUM('Combined total CDM to Colco (7)'!I25+'Combined total CDM to Colco (7)'!I35+'Combined total CDM to Colco (7)'!I45+'Combined total CDM to Colco (7)'!I55)/SUM('Combined pigs sold to colco (7)'!I26+'Combined pigs sold to colco (7)'!I36+'Combined pigs sold to colco (7)'!I46+'Combined pigs sold to colco (7)'!I56) -> 85.530086 | ... M99: =SUM('Combined total CDM to Colco (7)'!M25+'Combined total CDM to Colco (7)'!M35+'Combined total CDM to Colco (7)'!M45+'Combined total CDM to Colco (7)'!M55)/SUM('Combined pigs sold to colco (7)'!M26+'Combined pigs sold to colco (7)'!M36+'Combined pigs sold to colco (7)'!M46+'Combined pigs sold to colco (7)'!M56) -> 88.719803

Sheet Combined pigs sold to colco (7)
N2: excludes gilts, pet food, ration etc etc
A3: Combined number of pigs to colcom only. Sows and growers. Exclude everything else | N3: includes sows and growers to colcom only
N4: excludes gilt sales to other farms
B18: 45839 | C18: 45870 | D18: 45901 | E18: 45931 | F18: 45962 | G18: 45992 | H18: 46023 | I18: 46054 | J18: 46082 | K18: 46113 | L18: 46143 | M18: 46174
A19: FY26 | B19: =SUM(B25:B28,B35:B38,B55:B58,B45:B48,B67:B70,B77:B80) -> 12702 | C19: =SUM(C25:C28,C35:C38,C55:C58,C45:C48,C67:C70,C77:C80) -> 12574 | D19: =SUM(D25:D28,D35:D38,D55:D58,D45:D48,D67:D70,D77:D80) -> 16281 | E19: =SUM(E25:E28,E35:E38,E55:E58,E45:E48,E67:E70,E77:E80) -> 13615 | F19: =SUM(F25:F28,F35:F38,F55:F58,F45:F48,F67:F70,F77:F80) -> 12833 | G19: =SUM(G25:G28,G35:G38,G55:G58,G45:G48,G67:G70,G77:G80) -> 16244 | H19: =SUM(H25:H28,H35:H38,H55:H58,H45:H48,H67:H70,H77:H80) -> 13100 | I19: =SUM(I25:I28,I35:I38,I55:I58,I45:I48,I67:I70,I77:I80) -> 13661 | ... M19: =SUM(M25:M28,M35:M38,M55:M58,M45:M48,M67:M70,M77:M80) -> 19340 | N19: =SUM(B19:M19) -> 177605
A20: prior year | B20: ='[4]Combined pigs sold to colco (7)'!B19 -> 10100 | C20: ='[4]Combined pigs sold to colco (7)'!C19 -> 9313 | D20: ='[4]Combined pigs sold to colco (7)'!D19 -> 13268 | E20: ='[4]Combined pigs sold to colco (7)'!E19 -> 10526 | F20: ='[4]Combined pigs sold to colco (7)'!F19 -> 10633 | G20: ='[4]Combined pigs sold to colco (7)'!G19 -> 12264 | H20: ='[4]Combined pigs sold to colco (7)'!H19 -> 11208 | I20: ='[4]Combined pigs sold to colco (7)'!I19 -> 10775 | ... M20: ='[4]Combined pigs sold to colco (7)'!M19 -> 13399 | N20: =SUM(B20:M20) -> 138022 | O20: =N19-N20 -> 39583 | P20: =O20/52 -> 761.21154
A21: Budgeted # of pigs | B21: ='[3]Combined pigs sold to colco (7)'!B21 -> 12656.395 | C21: ='[3]Combined pigs sold to colco (7)'!C21 -> 13012.06 | D21: ='[3]Combined pigs sold to colco (7)'!D21 -> 16042.489 | E21: ='[3]Combined pigs sold to colco (7)'!E21 -> 13241.776 | F21: ='[3]Combined pigs sold to colco (7)'!F21 -> 13202.782 | G21: ='[3]Combined pigs sold to colco (7)'!G21 -> 16360.742 | H21: ='[3]Combined pigs sold to colco (7)'!H21 -> 13231.3 | I21: ='[3]Combined pigs sold to colco (7)'!I21 -> 13356.296 | ... M21: ='[3]Combined pigs sold to colco (7)'!M21 -> 17060.024 | N21: =SUM(B21:M21) -> 173122.18 | O21: =N19-N21 -> 4482.82 | P21: =O21/52 -> 86.208077
B24: 45839 | C24: 45870 | D24: 45901 | E24: 45931 | F24: 45962 | G24: 45992 | H24: 46023 | I24: 46054 | J24: 46082 | K24: 46113 | L24: 46143 | M24: 46174 | Q24: 216 | R24: Grasmere
A25: Grasmere grower | B25: =[7]CCC!$C$28-[7]CCC!$C$17 -> 3896 | C25: =[8]CCC!$C$27 -> 3563 | D25: =[9]CCC!$C$27-[9]CCC!$C$16 -> 4601 | E25: =[10]CCC!$C$27-[10]CCC!$C$28 -> 3790 | F25: =[11]CCC!$C$26-[11]CCC!$C$16 -> 3671 | G25: =[12]CCC!$C$27-[12]CCC!$C$17 -> 4763 | H25: =[13]CCC!$C$27-[13]CCC!$C$17 -> 3708 | I25: =[14]CCC!$C$26-[14]CCC!$C$16 -> 3874 | J25: =[15]CCC!$C$28-[15]CCC!$C$17 -> 4840 | K25: =_xlfn.XLOOKUP(" Total:",[16]CCC!$A$1:$A$65536,[16]CCC!$C$1:$C$65536,0)-_xlfn.XLOOKUP("PCSAS",[16]CCC!$A$1:$A$65536,[16]CCC!$C$1:$C$65536,0) -> 3856 | L25: =_xlfn.XLOOKUP(" Total:",[17]CCC!$A$1:$A$65536,[17]CCC!$C$1:$C$65536,0)-_xlfn.XLOOKUP("PCSAS",[17]CCC!$A$1:$A$65536,[17]CCC!$C$1:$C$65536,0) -> 4032 | M25: =_xlfn.XLOOKUP(" Total:",[18]CCC!$A$1:$A$65536,[18]CCC!$C$1:$C$65536,0)-_xlfn.XLOOKUP("PCSAS",[18]CCC!$A$1:$A$65536,[18]CCC!$C$1:$C$65536,0) -> 5204 | Q25: 104 | R25: richlands
A26: Grasmere LH ext | B26: ='[7]CCC Extension'!$C$13 -> 0 | C26: ='[8]CCC Extension'!$C$18 -> 0 | D26: 0 | E26: 0 | G26: ='[12]CCC Extension'!$C$7 -> 0 | I26: 0 | L26: =_xlfn.XLOOKUP(" Total:",'[17]CCC Ext'!$A$1:$A$65536,'[17]CCC Ext'!$C$1:$C$65536,0)-_xlfn.XLOOKUP("PCSAS",'[17]CCC Ext'!$A$1:$A$65536,'[17]CCC Ext'!$C$1:$C$65536,0) -> 50 | M26: =_xlfn.XLOOKUP(" Total:",'[18]CCC Ext'!$A$1:$A$65536,'[18]CCC Ext'!$C$1:$C$65536,0)-_xlfn.XLOOKUP("PCSAS",'[18]CCC Ext'!$A$1:$A$65536,'[18]CCC Ext'!$C$1:$C$65536,0) -> 0 | Q26: =SUM(Q24:Q25) -> 320 | R26: pigs short weaned as per budget (therefore weaning 1 less sow as per budget per week)
A27: Grasmere Learig | B27: ='[7]Learig CCC'!$C$24 -> 802 | C27: ='[8]Learig CCC'!$C$22 -> 824 | D27: ='[9]Learig CCC'!$C$22 -> 1066 | E27: ='[10]Learig CCC'!$C$24 -> 1023 | F27: ='[11]Learig CCC'!$C$22 -> 905 | G27: ='[12]Learig CCC'!$C$24 -> 1071 | H27: ='[13]Learig CCC'!$C$24 -> 972 | I27: ='[14]Learig CCC'!$C$23 -> 990 | J27: ='[15]Learig CCC'!$C$24 -> 1560 | K27: =_xlfn.XLOOKUP(" Total:",'[16]Learig CCC'!$A$1:$A$65536,'[16]Learig CCC'!$C$1:$C$65536,0)-_xlfn.XLOOKUP("PCSAS",'[16]Learig CCC'!$A$1:$A$65536,'[16]Learig CCC'!$C$1:$C$65536,0) -> 1191 | L27: =_xlfn.XLOOKUP(" Total:",'[17]Learig CCC'!$A$1:$A$65536,'[17]Learig CCC'!$C$1:$C$65536,0)-_xlfn.XLOOKUP("PCSAS",'[17]Learig CCC'!$A$1:$A$65536,'[17]Learig CCC'!$C$1:$C$65536,0) -> 1004 | M27: =_xlfn.XLOOKUP(" Total:",'[18]Learig CCC'!$A$1:$A$65536,'[18]Learig CCC'!$C$1:$C$65536,0)-_xlfn.XLOOKUP("PCSAS",'[18]Learig CCC'!$A$1:$A$65536,'[18]Learig CCC'!$C$1:$C$65536,0) -> 1571
A28: Grasmere sow | B28: =[7]CCC!$C$17 -> 49 | C28: 0 | D28: =[9]CCC!$C$16 -> 3 | E28: =[10]CCC!$C$28 -> 0 | F28: =[11]CCC!$C$16 -> 46 | G28: =[12]CCC!$C$17 -> 28 | H28: =[13]CCC!$C$17 -> 10 | I28: =[14]CCC!$C$16 -> 13 | J28: =[15]CCC!$C$17 -> 18 | K28: =+_xlfn.XLOOKUP("PCSAS",[16]CCC!$A$1:$A$65536,[16]CCC!$C$1:$C$65536,0) -> 42 | L28: =+_xlfn.XLOOKUP("PCSAS",[17]CCC!$A$1:$A$65536,[17]CCC!$C$1:$C$65536,0) -> 32 | M28: =+_xlfn.XLOOKUP("PCSAS",[18]CCC!$A$1:$A$65536,[18]CCC!$C$1:$C$65536,0) -> 51 | O28: 1884 | P28: pigs short to colcom therefore should relate to mortality losses.
A29: Grasmere ration & donations | B29: =-'[19]Summary Total Pigs'!$Z$18-'[19]Summary Total Pigs'!$AA$18 -> 35 | C29: =-'[20]Summary Total Pigs'!$Z$18-'[20]Summary Total Pigs'!$AA$18 -> 38 | D29: =-'[21]Summary Total Pigs'!$Z$18-'[21]Summary Total Pigs'!$AA$18 -> 45 | E29: =-'[22]Summary Total Pigs'!$Z$18-'[22]Summary Total Pigs'!$AA$18 -> 35 | F29: =-'[23]Summary Total Pigs'!$Z$18 -> 51 | G29: =-'[24]Summary Total Pigs'!$Z$18 -> 53 | H29: =-'[25]Summary Total Pigs'!$Z$18 -> 61 | I29: =-'[26]Summary Total Pigs'!$Z$18 -> 33 | J29: =-'[27]Summary Total Pigs'!$Z$18 -> 66 | K29: =-'[28]Summary Total Pigs'!$Z$18 -> 55 | L29: =-'[29]Summary Total Pigs'!$Z$18 -> 47 | M29: =-'[30]Summary Total Pigs'!$Z$18 -> 55
A30: Grasmere internal gilts & out growers | B30: =-'[19]Grasmere Pig Cost'!$AU$23 -> 254 | C30: =-'[20]Grasmere Pig Cost'!$AU$23 -> 276 | D30: =-'[21]Grasmere Pig Cost'!$AU$23 -> 354 | E30: =-'[22]Grasmere Pig Cost'!$AU$23 -> 239 | F30: =-'[23]Grasmere Pig Cost'!$AV$23 -> 58 | G30: =-'[24]Grasmere Pig Cost'!$AV$23 -> 0 | H30: =-'[25]Grasmere Pig Cost'!$AV$23 -> 0 | I30: =-'[26]Grasmere Pig Cost'!$AV$23 -> 0 | J30: =-'[27]Grasmere Pig Cost'!$AV$23 -> 0 | K30: =-'[28]Grasmere Pig Cost'!$AV$23 -> 0 | L30: =-'[29]Grasmere Pig Cost'!$AV$23 -> 0 | M30: =-'[30]Grasmere Pig Cost'!$AV$23 -> 0
A31: Grasmere external farm sales | B31: =-'[19]Summary Total Pigs'!$AC$18 -> 1 | C31: =-'[20]Summary Total Pigs'!$AC$18 -> 19 | D31: =-'[21]Summary Total Pigs'!$AC$18 -> 22 | E31: =-'[22]Summary Total Pigs'!$AC$18 -> 11 | F31: =-'[23]Grasmere Pig Cost'!$AV$27 -> 26 | G31: =-'[24]Grasmere Pig Cost'!$AV$27 -> 39 | H31: =-'[25]Grasmere Pig Cost'!$AV$27 -> 38 | I31: =-'[26]Grasmere Pig Cost'!$AV$27 -> 0 | J31: =-'[27]Grasmere Pig Cost'!$AV$27 -> 94 | K31: =-'[28]Grasmere Pig Cost'!$AV$27 -> 46 | L31: =-'[29]Grasmere Pig Cost'!$AV$27 -> 22 | M31: =-'[30]Grasmere Pig Cost'!$AV$27 -> 21 | O31: gras | P31: 1204
A32: Pet Food | B32: =-'[19]Summary Total Pigs'!$AB$18 -> 0 | C32: =-'[20]Summary Total Pigs'!$AB$18 -> 0 | D32: =-'[21]Summary Total Pigs'!$AB$18 -> 0 | E32: =-'[22]Summary Total Pigs'!$AB$18 -> 0 | F32: =-'[31]Summary Total Pigs'!$AB$18 -> 0 | G32: =-'[32]Summary Total Pigs'!$AB$18 -> 0 | H32: =-'[25]Summary Total Pigs'!$AB$18 -> 0 | I32: =-'[26]Summary Total Pigs'!$AB$18 -> 0 | J32: =-'[27]Summary Total Pigs'!$AB$18 -> 0 | K32: =-'[28]Summary Total Pigs'!$AB$18 -> 0 | L32: =-'[29]Summary Total Pigs'!$AB$18 -> 0 | M32: =-'[30]Summary Total Pigs'!$AB$18 -> 0 | O32: rich | P32: 580
B33: =SUM(B25:B32) -> 5037 | C33: =SUM(C25:C32) -> 4720 | D33: =SUM(D25:D32) -> 6091 | E33: =SUM(E25:E32) -> 5098 | F33: =SUM(F25:F32) -> 4757 | G33: =SUM(G25:G32) -> 5954 | H33: =SUM(H25:H32) -> 4789 | I33: =SUM(I25:I32) -> 4910 | ... M33: =SUM(M25:M32) -> 6902 | O33: LH | P33: 614
O34: villa | P34: 260
A35: Richlands grower | B35: =[7]Richlands!$C$27-[7]Richlands!$C$17 -> 2023 | C35: =[8]Richlands!$C$23-[8]Richlands!$C$14 -> 1966 | D35: =[9]Richlands!$C$28-[9]Richlands!$C$17 -> 2507 | E35: =[10]Richlands!$C$24-[10]Richlands!$C$15 -> 2038 | F35: =[11]Richlands!$C$24-[11]Richlands!$C$15 -> 1967 | G35: =[12]Richlands!$C$23-[12]Richlands!$C$15 -> 2523 | H35: =[13]Richlands!$C$23-[13]Richlands!$C$16 -> 2059 | I35: =[14]Richlands!$C$24-[14]Richlands!$C$15 -> 2036 | J35: =[15]Richlands!$C$26-[15]Richlands!$C$18 -> 2750 | K35: =_xlfn.XLOOKUP(" Total:",[16]Richlands!$A$1:$A$65536,[16]Richlands!$C$1:$C$65536,0)-_xlfn.XLOOKUP("PCSAS",[16]Richlands!$A$1:$A$65536,[16]Richlands!$C$1:$C$65536,0) -> 1998 | L35: =_xlfn.XLOOKUP(" Total:",[17]Richlands!$A$1:$A$65536,[17]Richlands!$C$1:$C$65536,0)-_xlfn.XLOOKUP("PCSAS",[17]Richlands!$A$1:$A$65536,[17]Richlands!$C$1:$C$65536,0) -> 2185 | M35: =_xlfn.XLOOKUP(" Total:",[18]Richlands!$A$1:$A$65536,[18]Richlands!$C$1:$C$65536,0)-_xlfn.XLOOKUP("PCSAS",[18]Richlands!$A$1:$A$65536,[18]Richlands!$C$1:$C$65536,0) -> 2780 | P35: =SUM(P31:P34) -> 2658 | Q35: =P35*26 -> 69108
A36: Richlands LH ext | B36: ='[7]Richlands Extension'!$C$19 -> 131 | C36: ='[8]Richlands Extension'!$C$19 -> 260 | D36: ='[9]Richlands Extension'!$C$20 -> 187 | E36: ='[10]Richlands Extension'!$C$19 -> 155 | F36: ='[11]Richlands Extension'!$C$14 -> 15 | G36: ='[12]Richlands Extension'!$C$21 -> 280 | H36: ='[13]Richlands Extension'!$C$21 -> 344 | I36: ='[14]Richlands Extension'!$C$20 -> 403 | J36: ='[15]Richlands Extension'!$C$21 -> 417 | K36: =_xlfn.XLOOKUP(" Total:",'[16]Richlands Extension'!$A$1:$A$65536,'[16]Richlands Extension'!$C$1:$C$65536,0)-_xlfn.XLOOKUP("PCSAS",'[16]Richlands Extension'!$A$1:$A$65536,'[16]Richlands Extension'!$C$1:$C$65536,0) -> 234 | L36: =_xlfn.XLOOKUP(" Total:",'[17]Richlands Extension'!$A$1:$A$65536,'[17]Richlands Extension'!$C$1:$C$65536,0)-_xlfn.XLOOKUP("PCSAS",'[17]Richlands Extension'!$A$1:$A$65536,'[17]Richlands Extension'!$C$1:$C$65536,0) -> 328 | M36: =_xlfn.XLOOKUP(" Total:",'[18]Richlands Extension'!$A$1:$A$65536,'[18]Richlands Extension'!$C$1:$C$65536,0)-_xlfn.XLOOKUP("PCSAS",'[18]Richlands Extension'!$A$1:$A$65536,'[18]Richlands Extension'!$C$1:$C$65536,0) -> 95 | Q36: Therefore mortality is 2.7% higher than expected
A37: Richlands Learig | B37: ='[7]Learig Richlands'!$C$22 -> 312 | C37: ='[8]Learig Richlands'!$C$22 -> 286 | D37: ='[9]Learig Richlands'!$C$20 -> 365 | E37: ='[10]Learig Richlands'!$C$20 -> 117 | F37: ='[11]Learig Richlands'!$C$19 -> 206 | G37: ='[12]Learig Richlands'!$C$19 -> 257 | H37: ='[13]Learig Richlands'!$C$18 -> 97 | I37: ='[14]Learig Richlands'!$C$18 -> 198 | K37: =_xlfn.XLOOKUP(" Total:",'[16]Learig Richlands'!$A$1:$A$65536,'[16]Learig Richlands'!$C$1:$C$65536,0)-_xlfn.XLOOKUP("PCSAS",'[16]Learig Richlands'!$A$1:$A$65536,'[16]Learig Richlands'!$C$1:$C$65536,0) -> 74 | L37: =_xlfn.XLOOKUP(" Total:",'[17]Learig Richlands'!$A$1:$A$65536,'[17]Learig Richlands'!$C$1:$C$65536,0)-_xlfn.XLOOKUP("PCSAS",'[17]Learig Richlands'!$A$1:$A$65536,'[17]Learig Richlands'!$C$1:$C$65536,0) -> 0 | M37: =_xlfn.XLOOKUP(" Total:",'[18]Learig Richlands'!$A$1:$A$65536,'[18]Learig Richlands'!$C$1:$C$65536,0)-_xlfn.XLOOKUP("PCSAS",'[18]Learig Richlands'!$A$1:$A$65536,'[18]Learig Richlands'!$C$1:$C$65536,0) -> 299 | Q37: Budgeted 3% mortality
A38: Richlands sow | B38: =[7]Richlands!$C$17 -> 21 | C38: =[8]Richlands!$C$14 -> 20 | D38: =[9]Richlands!$C$17 -> 44 | E38: =[10]Richlands!$C$15 -> 41 | F38: =[11]Richlands!$C$15 -> 56 | G38: =[12]Richlands!$C$15 -> 17 | H38: =[13]Richlands!$C$16 -> 39 | I38: =[14]Richlands!$C$15 -> 43 | J38: =[15]Richlands!$C$18 -> 39 | K38: =_xlfn.XLOOKUP("PCSAS",[16]Richlands!$A$1:$A$65536,[16]Richlands!$C$1:$C$65536,0) -> 34 | L38: =_xlfn.XLOOKUP("PCSAS",[17]Richlands!$A$1:$A$65536,[17]Richlands!$C$1:$C$65536,0) -> 21 | M38: =_xlfn.XLOOKUP("PCSAS",[18]Richlands!$A$1:$A$65536,[18]Richlands!$C$1:$C$65536,0) -> 51
A39: Richlands ration & donations | B39: =-'[19]Summary Total Pigs'!$Z$114-'[19]Summary Total Pigs'!$AA$114 -> 11 | C39: =-'[20]Summary Total Pigs'!$Z$114-'[20]Summary Total Pigs'!$AA$114 -> 12 | D39: =-'[21]Summary Total Pigs'!$Z$114-'[21]Summary Total Pigs'!$AA$114 -> 16 | E39: =-'[22]Summary Total Pigs'!$Z$114-'[22]Summary Total Pigs'!$AA$114 -> 12 | F39: =-'[33]Summary Total Pigs'!$Z$114-'[33]Summary Total Pigs'!$AA$114 -> 7 | G39: =-'[34]Summary Total Pigs'!$Z$114-'[34]Summary Total Pigs'!$AA$114 -> 19 | H39: =-'[35]Summary Total Pigs'!$Z$114-'[35]Summary Total Pigs'!$AA$114 -> 12 | I39: =-'[36]Summary Total Pigs'!$Z$114-'[36]Summary Total Pigs'!$AA$114 -> 18 | J39: =-'[27]Summary Total Pigs'!$Z$114-'[27]Summary Total Pigs'!$AA$114 -> 15 | K39: =-'[28]Summary Total Pigs'!$Z$114-'[28]Summary Total Pigs'!$AA$114 -> 9 | L39: =-'[29]Summary Total Pigs'!$Z$114-'[29]Summary Total Pigs'!$AA$114 -> 18 | M39: =-'[30]Summary Total Pigs'!$Z$114-'[30]Summary Total Pigs'!$AA$114 -> 17
A40: Richlands internal gilts & out growers | B40: ='[19]Summary Total Pigs'!$D$111 -> 46 | C40: ='[20]Summary Total Pigs'!$D$111 -> 45 | D40: ='[21]Summary Total Pigs'!$D$111 -> 56 | E40: ='[22]Summary Total Pigs'!$D$111 -> 48 | F40: ='[23]Summary Total Pigs'!$D$111 -> 43 | G40: ='[24]Summary Total Pigs'!$D$111 -> 56 | H40: ='[25]Summary Total Pigs'!$D$111 -> 50 | I40: ='[26]Summary Total Pigs'!$D$111 -> 53 | J40: ='[27]Summary Total Pigs'!$D$111 -> 66 | K40: ='[28]Summary Total Pigs'!$D$111 -> 50 | L40: ='[29]Summary Total Pigs'!$D$111 -> 49 | M40: ='[30]Summary Total Pigs'!$D$111 -> 66
A41: Richlands external farm sales
A42: Pet Food | B42: =-'[37]Summary Total Pigs'!$AA$114 -> 0 | C42: =-'[37]Summary Total Pigs'!$AA$114 -> 0
B43: =SUM(B35:B42) -> 2544 | C43: =SUM(C35:C42) -> 2589 | D43: =SUM(D35:D42) -> 3175 | E43: =SUM(E35:E42) -> 2411 | F43: =SUM(F35:F42) -> 2294 | G43: =SUM(G35:G42) -> 3152 | H43: =SUM(H35:H42) -> 2601 | I43: =SUM(I35:I42) -> 2751 | ... M43: =SUM(M35:M42) -> 3308
A45: Lions Head grower | B45: =[7]LionsHead!$C$28-[7]LionsHead!$C$17 -> 2274 | C45: =[8]LionsHead!$C$25-[8]LionsHead!$C$14 -> 2166 | D45: =[9]LionsHead!$C$27-[9]LionsHead!$C$16 -> 2734 | E45: =[10]LionsHead!$C$25-[10]LionsHead!$C$16 -> 2360 | F45: =[11]LionsHead!$C$21-[11]LionsHead!$C$14 -> 2126 | G45: =[12]LionsHead!$C$25-[12]LionsHead!$C$16 -> 2661 | H45: =[13]LionsHead!$C$24-[13]LionsHead!$C$15 -> 2328 | I45: =[14]LionsHead!$C$24-[14]LionsHead!$C$16 -> 2286 | J45: =[15]LionsHead!$C$28-[15]LionsHead!$C$17 -> 2986 | K45: =_xlfn.XLOOKUP(" Total:",[16]LionsHead!$A$1:$A$65536,[16]LionsHead!$C$1:$C$65536,0)-_xlfn.XLOOKUP("PCSAS",[16]LionsHead!$A$1:$A$65536,[16]LionsHead!$C$1:$C$65536,0) -> 2357 | L45: =_xlfn.XLOOKUP(" Total:",[17]LionsHead!$A$1:$A$65536,[17]LionsHead!$C$1:$C$65536,0)-_xlfn.XLOOKUP("PCSAS",[17]LionsHead!$A$1:$A$65536,[17]LionsHead!$C$1:$C$65536,0) -> 2281 | M45: =_xlfn.XLOOKUP(" Total:",[18]LionsHead!$A$1:$A$65536,[18]LionsHead!$C$1:$C$65536,0)-_xlfn.XLOOKUP("PCSAS",[18]LionsHead!$A$1:$A$65536,[18]LionsHead!$C$1:$C$65536,0) -> 2982
A46: Lions Head LH ext | B46: ='[7]LionsHead Extension'!$C$24 -> 386 | C46: ='[8]LionsHead Extension'!$C$19 -> 127 | D46: ='[9]LionsHead Extension'!$C$20 -> 291 | E46: ='[10]LionsHead Extension'!$C$20 -> 146 | F46: ='[11]LionsHead Extension'!$C$20 -> 273 | G46: ='[12]LionsHead Extension'!$C$21 -> 272 | H46: ='[13]LionsHead Extension'!$C$20 -> 243 | I46: ='[14]LionsHead Extension'!$C$20 -> 226 | J46: ='[15]LionsHead Extension'!$C$22 -> 351 | K46: =_xlfn.XLOOKUP(" Total:",'[16]LionsHead Extension'!$A$1:$A$65536,'[16]LionsHead Extension'!$C$1:$C$65536,0)-_xlfn.XLOOKUP("PCSAS",'[16]LionsHead Extension'!$A$1:$A$65536,'[16]LionsHead Extension'!$C$1:$C$65536,0) -> 300 | L46: =_xlfn.XLOOKUP(" Total:",'[17]LionsHead Extension'!$A$1:$A$65536,'[17]LionsHead Extension'!$C$1:$C$65536,0)-_xlfn.XLOOKUP("PCSAS",'[17]LionsHead Extension'!$A$1:$A$65536,'[17]LionsHead Extension'!$C$1:$C$65536,0) -> 267 | M46: =_xlfn.XLOOKUP(" Total:",'[18]LionsHead Extension'!$A$1:$A$65536,'[18]LionsHead Extension'!$C$1:$C$65536,0)-_xlfn.XLOOKUP("PCSAS",'[18]LionsHead Extension'!$A$1:$A$65536,'[18]LionsHead Extension'!$C$1:$C$65536,0) -> 393
A47: Lions Head Learig | B47: ='[7]Learig L Head'!$C$12 -> 0 | C47: ='[8]Learig L Head'!$C$13 -> 0 | D47: 0 | E47: 0 | F47: 0 | G47: ='[12]Learig L Head'!$C$10 -> 0 | I47: 0 | K47: 0 | L47: 0 | M47: 0
A48: Lions Head sow | B48: =[7]LionsHead!$C$17 -> 18 | C48: =[8]LionsHead!$C$14 -> 5 | D48: =[9]LionsHead!$C$16 -> 7 | E48: =[10]LionsHead!$C$16 -> 34 | F48: =[11]LionsHead!$C$14 -> 24 | G48: =[12]LionsHead!$C$16 -> 18 | H48: =[13]LionsHead!$C$15 -> 25 | I48: =[14]LionsHead!$C$16 -> 36 | J48: =[15]LionsHead!$C$17 -> 32 | K48: =_xlfn.XLOOKUP("PCSAS",[16]LionsHead!$A$1:$A$65536,[16]LionsHead!$C$1:$C$65536,0) -> 25 | L48: =_xlfn.XLOOKUP("PCSAS",[17]LionsHead!$A$1:$A$65536,[17]LionsHead!$C$1:$C$65536,0) -> 31 | M48: =_xlfn.XLOOKUP("PCSAS",[18]LionsHead!$A$1:$A$65536,[18]LionsHead!$C$1:$C$65536,0) -> 28
A49: Lions Head ration & donations | B49: =-'[19]Summary Total Pigs'!$Z$56-'[19]Summary Total Pigs'!$Z$75 -> 30 | C49: =-'[20]Summary Total Pigs'!$Z$56-'[20]Summary Total Pigs'!$Z$75 -> 45 | D49: =-'[21]Summary Total Pigs'!$Z$56-'[21]Summary Total Pigs'!$Z$75 -> 29 | E49: =-'[22]Summary Total Pigs'!$Z$56-'[22]Summary Total Pigs'!$Z$75 -> 22 | F49: =-'[23]Summary Total Pigs'!$Z$56-'[23]Summary Total Pigs'!$AA$56 -> 22 | G49: =-'[24]Summary Total Pigs'!$Z$56-'[24]Summary Total Pigs'!$AA$56 -> 32 | H49: =-'[25]Summary Total Pigs'!$Z$56-'[25]Summary Total Pigs'!$AA$56 -> 22 | I49: =-'[26]Summary Total Pigs'!$Z$56-'[26]Summary Total Pigs'!$AA$56 -> 30 | J49: =-'[27]Summary Total Pigs'!$Z$56-'[27]Summary Total Pigs'!$AA$56 -> 25 | K49: =-'[28]Summary Total Pigs'!$Z$56-'[28]Summary Total Pigs'!$AA$56 -> 20 | L49: =-'[29]Summary Total Pigs'!$Z$56-'[29]Summary Total Pigs'!$AA$56 -> 19 | M49: =-'[30]Summary Total Pigs'!$Z$56-'[30]Summary Total Pigs'!$AA$56 -> 26
A50: Lionshead internal gilts & out growers | B50: 0 | C50: 0 | D50: 0 | E50: 0 | F50: 0 | G50: 0 | H50: 0 | I50: 0 | J50: 0 | K50: 0 | L50: 0 | M50: 0
A51: Lionshead external farm sales | B51: =-'[37]Summary Total Pigs'!$AB$56 -> 0 | C51: =-'[37]Summary Total Pigs'!$AB$56 -> 0 | D51: =-'[37]Summary Total Pigs'!$AB$56 -> 0 | E51: =-'[37]Summary Total Pigs'!$AB$56 -> 0 | F51: 0 | G51: 0
A52: Pet Food | B52: ='[37]Summary Total Pigs'!$AA$56 -> 0 | C52: ='[37]Summary Total Pigs'!$AA$56 -> 0 | D52: ='[37]Summary Total Pigs'!$AA$56 -> 0 | E52: ='[37]Summary Total Pigs'!$AA$56 -> 0 | F52: 0 | G52: 0
B53: =SUM(B45:B52) -> 2708 | C53: =SUM(C45:C52) -> 2343 | D53: =SUM(D45:D52) -> 3061 | E53: =SUM(E45:E52) -> 2562 | F53: =SUM(F45:F52) -> 2445 | G53: =SUM(G45:G52) -> 2983 | H53: =SUM(H45:H52) -> 2618 | I53: =SUM(I45:I52) -> 2578 | ... M53: =SUM(M45:M52) -> 3429
A55: Villa grower | B55: ='[7]Villa Franca'!$C$24-'[7]Villa Franca'!$C$14 -> 707 | C55: ='[8]Villa Franca'!$C$26-'[8]Villa Franca'!$C$16 -> 701 | D55: ='[9]Villa Franca'!$C$24-'[9]Villa Franca'!$C$14 -> 835 | E55: ='[10]Villa Franca'!$C$25-'[10]Villa Franca'!$C$14 -> 744 | F55: ='[11]Villa Franca'!$C$26-'[11]Villa Franca'!$C$15 -> 691 | G55: ='[12]Villa Franca'!$C$25-'[12]Villa Franca'!$C$14 -> 1055 | H55: ='[13]Villa Franca'!$C$23-'[13]Villa Franca'!$C$14 -> 507 | I55: ='[14]Villa Franca'!$C$25-'[14]Villa Franca'!$C$15 -> 941 | J55: ='[15]Villa Franca'!$C$24-'[15]Villa Franca'!$C$15 -> 701 | K55: =_xlfn.XLOOKUP(" Total:",'[16]Villa Franca'!$A$1:$A$65536,'[16]Villa Franca'!$C$1:$C$65536,0)-_xlfn.XLOOKUP("PCSAS",'[16]Villa Franca'!$A$1:$A$65536,'[16]Villa Franca'!$C$1:$C$65536,0) -> 650 | L55: =_xlfn.XLOOKUP(" Total:",'[17]Villa Franca'!$A$1:$A$65536,'[17]Villa Franca'!$C$1:$C$65536,0)-_xlfn.XLOOKUP("PCSAS",'[17]Villa Franca'!$A$1:$A$65536,'[17]Villa Franca'!$C$1:$C$65536,0) -> 647 | M55: =_xlfn.XLOOKUP(" Total:",'[18]Villa Franca'!$A$1:$A$65536,'[18]Villa Franca'!$C$1:$C$65536,0)-_xlfn.XLOOKUP("PCSAS",'[18]Villa Franca'!$A$1:$A$65536,'[18]Villa Franca'!$C$1:$C$65536,0) -> 900
A56: Villa LH ext | B56: ='[7]Villa Franca Extension'!$C$19 -> 69 | C56: ='[8]Villa Franca Extension'!$C$21 -> 182 | D56: ='[9]Villa Franca Extension'!$C$21 -> 171 | E56: ='[10]Villa Franca Extension'!$C$22 -> 233 | F56: ='[11]Villa Franca Extension'!$C$17 -> 135 | G56: ='[12]Villa Franca Extension'!$C$20 -> 208 | H56: ='[13]Villa Franca Extension'!$C$18 -> 117 | I56: ='[14]Villa Franca Extension'!$C$18 -> 69 | J56: ='[15]Villa Franca Extension'!$C$19 -> 164 | K56: =_xlfn.XLOOKUP(" Total:",'[16]Villa Franca Extension'!$A$1:$A$65536,'[16]Villa Franca Extension'!$C$1:$C$65536,0)-_xlfn.XLOOKUP("PCSAS",'[16]Villa Franca Extension'!$A$1:$A$65536,'[16]Villa Franca Extension'!$C$1:$C$65536,0) -> 99 | L56: =_xlfn.XLOOKUP(" Total:",'[17]Villa Franca Extension'!$A$1:$A$65536,'[17]Villa Franca Extension'!$C$1:$C$65536,0)-_xlfn.XLOOKUP("PCSAS",'[17]Villa Franca Extension'!$A$1:$A$65536,'[17]Villa Franca Extension'!$C$1:$C$65536,0) -> 83 | M56: =_xlfn.XLOOKUP(" Total:",'[18]Villa Franca Extension'!$A$1:$A$65536,'[18]Villa Franca Extension'!$C$1:$C$65536,0)-_xlfn.XLOOKUP("PCSAS",'[18]Villa Franca Extension'!$A$1:$A$65536,'[18]Villa Franca Extension'!$C$1:$C$65536,0) -> 426
A57: Villa Learig | B57: ='[7]Learig Villa'!$C$21 -> 238 | C57: ='[8]Learig Villa'!$C$19 -> 97 | D57: ='[9]Learig Villa'!$C$19 -> 334 | E57: ='[10]Learig Villa'!$C$23 -> 251 | F57: ='[11]Learig Villa'!$C$19 -> 138 | G57: ='[12]Learig Villa'!$C$21 -> 214 | H57: ='[13]Learig Villa'!$C$18 -> 212 | I57: ='[14]Learig Villa'!$C$19 -> 139 | J57: ='[15]Learig Villa'!$C$23 -> 432 | K57: =_xlfn.XLOOKUP(" Total:",'[16]Learig Villa'!$A$1:$A$65536,'[16]Learig Villa'!$C$1:$C$65536,0)-_xlfn.XLOOKUP("PCSAS",'[16]Learig Villa'!$A$1:$A$65536,'[16]Learig Villa'!$C$1:$C$65536,0) -> 150 | L57: =_xlfn.XLOOKUP(" Total:",'[17]Learig Villa'!$A$1:$A$65536,'[17]Learig Villa'!$C$1:$C$65536,0)-_xlfn.XLOOKUP("PCSAS",'[17]Learig Villa'!$A$1:$A$65536,'[17]Learig Villa'!$C$1:$C$65536,0) -> 379 | M57: =_xlfn.XLOOKUP(" Total:",'[18]Learig Villa'!$A$1:$A$65536,'[18]Learig Villa'!$C$1:$C$65536,0)-_xlfn.XLOOKUP("PCSAS",'[18]Learig Villa'!$A$1:$A$65536,'[18]Learig Villa'!$C$1:$C$65536,0) -> 92
A58: Villa sow | B58: ='[7]Villa Franca'!$C$14 -> 18 | C58: ='[8]Villa Franca'!$C$16 -> 16 | D58: ='[9]Villa Franca'!$C$14 -> 21 | E58: ='[10]Villa Franca'!$C$14 -> 12 | F58: ='[11]Villa Franca'!$C$15 -> 4 | G58: ='[12]Villa Franca'!$C$14 -> 12 | H58: ='[13]Villa Franca'!$C$14 -> 16 | I58: ='[14]Villa Franca'!$C$15 -> 11 | J58: ='[15]Villa Franca'!$C$15 -> 13 | K58: =_xlfn.XLOOKUP("PCSAS",'[16]Villa Franca'!$A$1:$A$65536,'[16]Villa Franca'!$C$1:$C$65536,0) -> 17 | L58: =_xlfn.XLOOKUP("PCSAS",'[17]Villa Franca'!$A$1:$A$65536,'[17]Villa Franca'!$C$1:$C$65536,0) -> 8 | M58: =_xlfn.XLOOKUP("PCSAS",'[18]Villa Franca'!$A$1:$A$65536,'[18]Villa Franca'!$C$1:$C$65536,0) -> 9
A59: Villa ration & donations | B59: =-'[19]Summary Total Pigs'!$Z$95-'[19]Summary Total Pigs'!$AA$95 -> 7 | C59: =-'[20]Summary Total Pigs'!$Z$95-'[20]Summary Total Pigs'!$AA$95 -> 6 | D59: =-'[21]Summary Total Pigs'!$Z$95-'[21]Summary Total Pigs'!$AA$95 -> 6 | E59: =-'[22]Summary Total Pigs'!$Z$95-'[22]Summary Total Pigs'!$AA$95 -> 5 | F59: =-'[23]Summary Total Pigs'!$Z$95-'[23]Summary Total Pigs'!$AA$95 -> 5 | G59: =-'[24]Summary Total Pigs'!$Z$95-'[24]Summary Total Pigs'!$AA$95 -> 5 | H59: =-'[25]Summary Total Pigs'!$Z$95-'[25]Summary Total Pigs'!$AA$95 -> 6 | I59: =-'[26]Summary Total Pigs'!$Z$95-'[26]Summary Total Pigs'!$AA$95 -> 4 | J59: =-'[27]Summary Total Pigs'!$Z$95-'[27]Summary Total Pigs'!$AA$95 -> 8 | K59: =-'[28]Summary Total Pigs'!$Z$95-'[28]Summary Total Pigs'!$AA$95 -> 5 | L59: =-'[29]Summary Total Pigs'!$Z$95-'[29]Summary Total Pigs'!$AA$95 -> 4 | M59: =-'[30]Summary Total Pigs'!$Z$95-'[30]Summary Total Pigs'!$AA$95 -> 7
A60: Villa internal gilts selection & out growers | B60: ='[38]Summary Total Pigs'!$D$92 -> 0 | C60: ='[39]Summary Total Pigs'!$D$92 -> 0 | D60: ='[40]Summary Total Pigs'!$D$92 -> 0 | E60: ='[41]Summary Total Pigs'!$D$92 -> 0
A61: Villa external farm sales | B61: =-'[38]Summary Total Pigs'!$AB$95 -> 0 | C61: =-'[39]Summary Total Pigs'!$AB$95 -> 0 | D61: =-'[40]Summary Total Pigs'!$AB$95 -> 0 | H61: 0
A62: Pet Food | B62: =-'[38]Summary Total Pigs'!$AA$95 -> 0 | C62: =-'[39]Summary Total Pigs'!$AA$95 -> 0 | D62: =-'[40]Summary Total Pigs'!$AA$95 -> 0 | H62: 0
B63: =SUM(B55:B62) -> 1039 | C63: =SUM(C55:C62) -> 1002 | D63: =SUM(D55:D62) -> 1367 | E63: =SUM(E55:E62) -> 1245 | F63: =SUM(F55:F62) -> 973 | G63: =SUM(G55:G62) -> 1494 | H63: =SUM(H55:H62) -> 858 | I63: =SUM(I55:I62) -> 1164 | ... M63: =SUM(M55:M62) -> 1434
A67: Porta grower | B67: ='[7]Porta Farm'!$C$26-'[7]Porta Farm'!$C$15 -> 1717 | C67: ='[8]Porta Farm'!$C$26-'[8]Porta Farm'!$C$15 -> 2347 | D67: ='[9]Porta Farm'!$C$25-'[9]Porta Farm'!$C$15 -> 3076 | E67: ='[10]Porta Farm'!$C$25-'[10]Porta Farm'!$C$17 -> 2647 | F67: ='[11]Porta Farm'!$C$22-'[11]Porta Farm'!$C$16 -> 2536 | G67: ='[12]Porta Farm'!$C$25-'[12]Porta Farm'!$C$15 -> 2816 | H67: ='[13]Porta Farm'!$C$25-'[13]Porta Farm'!$C$15 -> 2348 | I67: ='[14]Porta Farm'!$C$24-'[14]Porta Farm'!$C$15 -> 2349 | J67: ='[15]Porta Farm'!$C$25-'[15]Porta Farm'!$C$15 -> 2609 | K67: =_xlfn.XLOOKUP(" Total:",'[16]Porta Farm'!$A$1:$A$65536,'[16]Porta Farm'!$C$1:$C$65536,0)-_xlfn.XLOOKUP("PCSAS",'[16]Porta Farm'!$A$1:$A$65536,'[16]Porta Farm'!$C$1:$C$65536,0) -> 2843 | L67: =_xlfn.XLOOKUP(" Total:",'[17]Porta Farm'!$A$1:$A$65536,'[17]Porta Farm'!$C$1:$C$65536,0)-_xlfn.XLOOKUP("PCSAS",'[17]Porta Farm'!$A$1:$A$65536,'[17]Porta Farm'!$C$1:$C$65536,0) -> 2316 | M67: =_xlfn.XLOOKUP(" Total:",'[18]Porta Farm'!$A$1:$A$65536,'[18]Porta Farm'!$C$1:$C$65536,0)-_xlfn.XLOOKUP("PCSAS",'[18]Porta Farm'!$A$1:$A$65536,'[18]Porta Farm'!$C$1:$C$65536,0) -> 3050
A68: Porta LH ext | B68: 0 | C68: 0 | D68: 0 | E68: 0 | F68: 0 | G68: 0 | I68: 0 | J68: 0 | K68: 0 | L68: =_xlfn.XLOOKUP(" Total:",'[17]Porta Ext'!$A$1:$A$65536,'[17]Porta Ext'!$C$1:$C$65536,0)-_xlfn.XLOOKUP("PCSAS",'[17]Porta Ext'!$A$1:$A$65536,'[17]Porta Ext'!$C$1:$C$65536,0) -> 60 | M68: =_xlfn.XLOOKUP(" Total:",'[18]Porta Ext'!$A$1:$A$65536,'[18]Porta Ext'!$C$1:$C$65536,0)-_xlfn.XLOOKUP("PCSAS",'[18]Porta Ext'!$A$1:$A$65536,'[18]Porta Ext'!$C$1:$C$65536,0) -> 97
A69: Porta Learig | B69: 0 | C69: 0 | D69: 0 | E69: 0 | F69: 0 | G69: 0 | I69: 0 | J69: 0 | K69: 0 | L69: 0 | M69: =_xlfn.XLOOKUP(" Total:",'[18]Porta Learig'!$A$1:$A$65536,'[18]Porta Learig'!$C$1:$C$65536,0)-_xlfn.XLOOKUP("PCSAS",'[18]Porta Learig'!$A$1:$A$65536,'[18]Porta Learig'!$C$1:$C$65536,0) -> 43
A70: Porta sow | B70: ='[7]Porta Farm'!$C$15 -> 40 | C70: ='[8]Porta Farm'!$C$15 -> 14 | D70: ='[9]Porta Farm'!$C$15 -> 28 | E70: ='[10]Porta Farm'!$C$17 -> 18 | F70: ='[11]Porta Farm'!$C$16 -> 28 | G70: ='[12]Porta Farm'!$C$15 -> 37 | H70: ='[13]Porta Farm'!$C$15 -> 45 | I70: ='[14]Porta Farm'!$C$15 -> 32 | J70: ='[15]Porta Farm'!$C$15 -> 42 | K70: =_xlfn.XLOOKUP("PCSAS",'[16]Porta Farm'!$A$1:$A$65536,'[16]Porta Farm'!$C$1:$C$65536,0) -> 64 | L70: =_xlfn.XLOOKUP("PCSAS",'[17]Porta Farm'!$A$1:$A$65536,'[17]Porta Farm'!$C$1:$C$65536,0) -> 25 | M70: =_xlfn.XLOOKUP("PCSAS",'[18]Porta Farm'!$A$1:$A$65536,'[18]Porta Farm'!$C$1:$C$65536,0) -> 47
A71: Porta ration & donations | B71: =-'[19]Summary Total Pigs'!$Z$152-'[19]Summary Total Pigs'!$AA$152 -> 11 | C71: =-'[20]Summary Total Pigs'!$Z$152-'[20]Summary Total Pigs'!$AA$152 -> 15 | D71: =-'[21]Summary Total Pigs'!$Z$152-'[21]Summary Total Pigs'!$AA$152 -> 17 | E71: =-'[22]Summary Total Pigs'!$Z$152-'[22]Summary Total Pigs'!$AA$152 -> 15 | F71: =-'[23]Summary Total Pigs'!$Z$152-'[23]Summary Total Pigs'!$AA$152 -> 17 | G71: =-'[24]Summary Total Pigs'!$Z$152-'[24]Summary Total Pigs'!$AA$152 -> 22 | H71: =-'[25]Summary Total Pigs'!$Z$152-'[25]Summary Total Pigs'!$AA$152 -> 18 | I71: =-'[26]Summary Total Pigs'!$Z$152-'[26]Summary Total Pigs'!$AA$152 -> 17 | J71: =-'[27]Summary Total Pigs'!$Z$152-'[27]Summary Total Pigs'!$AA$152 -> 22 | K71: =-'[28]Summary Total Pigs'!$Z$152-'[28]Summary Total Pigs'!$AA$152 -> 19 | L71: =-'[29]Summary Total Pigs'!$Z$152-'[29]Summary Total Pigs'!$AA$152 -> 17 | M71: =-'[30]Summary Total Pigs'!$Z$152-'[30]Summary Total Pigs'!$AA$152 -> 24
A72: Porta internal gilts selection & out growers | B72: 0 | C72: 0 | D72: 0
A73: Porta external farm sales | B73: 0 | C73: 0
A74: Pet Food
B75: =SUM(B67:B73) -> 1768 | C75: =SUM(C67:C73) -> 2376 | D75: =SUM(D67:D73) -> 3121 | E75: =SUM(E67:E73) -> 2680 | F75: =SUM(F67:F73) -> 2581 | G75: =SUM(G67:G73) -> 2875 | H75: =SUM(H67:H73) -> 2411 | I75: =SUM(I67:I73) -> 2398 | ... M75: =SUM(M67:M73) -> 3261
A77: Multiplier grower | H77: =[13]Multiplier!$C$16-[13]Multiplier!$C$12 -> 5 | I77: =[14]Multiplier!$C$13-[14]Multiplier!$C$11 -> 0 | J77: =[15]Multiplier!$C$23-[15]Multiplier!$C$15 -> 706 | K77: =_xlfn.XLOOKUP(" Total:",[16]Multiplier!$A$1:$A$65536,[16]Multiplier!$C$1:$C$65536,0)-_xlfn.XLOOKUP("PCSAS",[16]Multiplier!$A$1:$A$65536,[16]Multiplier!$C$1:$C$65536,0) -> 881 | L77: =_xlfn.XLOOKUP(" Total:",[17]Multiplier!$A$1:$A$65536,[17]Multiplier!$C$1:$C$65536,0)-_xlfn.XLOOKUP("PCSAS",[17]Multiplier!$A$1:$A$65536,[17]Multiplier!$C$1:$C$65536,0) -> 950 | M77: =_xlfn.XLOOKUP(" Total:",[18]Multiplier!$A$1:$A$65536,[18]Multiplier!$C$1:$C$65536,0)-_xlfn.XLOOKUP("PCSAS",[18]Multiplier!$A$1:$A$65536,[18]Multiplier!$C$1:$C$65536,0) -> 1196
A78: Multiplier LH ext | K78: 0 | L78: 0 | M78: 0
A79: Multiplier Learig | K79: 0 | L79: 0 | M79: 0
A80: Multiplier sow | B80: =[7]Multiplier!$C$14 -> 1 | C80: 0 | D80: =[9]Multiplier!$C$13 -> 11 | E80: =[10]Multiplier!$C$13 -> 6 | F80: =[11]Multiplier!$C$16 -> 12 | G80: =[12]Multiplier!$C$13 -> 12 | H80: =[13]Multiplier!$C$12 -> 25 | I80: =[14]Multiplier!$C$11 -> 15 | J80: =[15]Multiplier!$C$15 -> 30 | K80: =_xlfn.XLOOKUP("PCSAS",[16]Multiplier!$A$1:$A$65536,[16]Multiplier!$C$1:$C$65536,0) -> 25 | L80: =_xlfn.XLOOKUP("PCSAS",[17]Multiplier!$A$1:$A$65536,[17]Multiplier!$C$1:$C$65536,0) -> 26 | M80: =_xlfn.XLOOKUP("PCSAS",[18]Multiplier!$A$1:$A$65536,[18]Multiplier!$C$1:$C$65536,0) -> 26
A81: Multiplier ration & donations
A82: Multiplier internal gilts selection & out growers | F82: =-SUM('[23]Multiplier Pig Cost '!$AV$23) -> 213 | G82: =-SUM('[24]Multiplier Pig Cost '!$AV$23) -> 375 | H82: =-SUM('[25]Multiplier Pig Cost '!$AV$23) -> 309 | I82: =-SUM('[26]Multiplier Pig Cost '!$AV$23) -> 315 | J82: =-SUM('[27]Multiplier Pig Cost '!$AV$23) -> 404 | K82: =-SUM('[28]Multiplier Pig Cost '!$AV$23) -> 316 | L82: =-SUM('[29]Multiplier Pig Cost '!$AV$23) -> 312 | M82: =-SUM('[30]Multiplier Pig Cost '!$AV$23) -> 393
A83: Multiplier external farm sales
A84: Pet Food
B91: =SUM(B80:B84) -> 1 | C91: =SUM(C80:C84) -> 0 | D91: =SUM(D80:D84) -> 11 | E91: =SUM(E80:E84) -> 6 | F91: =SUM(F80:F84) -> 225 | G91: =SUM(G80:G84) -> 387 | H91: =SUM(H80:H84) -> 334 | I91: =SUM(I80:I84) -> 330 | ... M91: =SUM(M80:M84) -> 419
A92: total excl rations, gilts, ext farm salesand pet food | B92: =SUM(B25+B26+B27+B28+B35+B36+B37+B38+B45+B46+B47+B48+B55+B56+B57+B58+B67+B68+B69+B70+B77+B78+B79+B80) -> 12702 | C92: =SUM(C25+C26+C27+C28+C35+C36+C37+C38+C45+C46+C47+C48+C55+C56+C57+C58+C67+C68+C69+C70+C77+C78+C79+C80) -> 12574 | D92: =SUM(D25+D26+D27+D28+D35+D36+D37+D38+D45+D46+D47+D48+D55+D56+D57+D58+D67+D68+D69+D70+D77+D78+D79+D80) -> 16281 | E92: =SUM(E25+E26+E27+E28+E35+E36+E37+E38+E45+E46+E47+E48+E55+E56+E57+E59) -> 10937 | F92: =SUM(F25+F26+F27+F28+F35+F36+F37+F38+F45+F46+F47+F48+F55+F56+F57+F58+F67+F68+F69+F70+F77+F78+F79+F80) -> 12833 | G92: =SUM(G25+G26+G27+G28+G35+G36+G37+G38+G45+G46+G47+G48+G55+G56+G57+G59) -> 13372 | H92: =SUM(H25+H26+H27+H28+H35+H36+H37+H38+H45+H46+H47+H48+H55+H56+H57+H59) -> 10667 | I92: =SUM(I25+I26+I27+I28+I35+I36+I37+I38+I45+I46+I47+I48+I55+I56+I57+I58+I67+I68+I69+I70+I77+I78+I79+I80) -> 13661 | J92: =SUM(J25+J26+J27+J28+J35+J36+J37+J38+J45+J46+J47+J48+J55+J56+J57+J58+J67+J68+J69+J70+J77+J78+J79+J80) -> 17690 | K92: =SUM(K25+K26+K27+K28+K35+K36+K37+K38+K45+K46+K47+K48+K55+K56+K57+K58+K67+K68+K69+K70+K77+K78+K79+K80) -> 14840 | L92: =SUM(L25+L26+L27+L28+L35+L36+L37+L38+L45+L46+L47+L48+L55+L56+L57+L58+L67+L68+L69+L70+L77+L78+L79+L80) -> 14725 | M92: =SUM(M25+M26+M27+M28+M35+M36+M37+M38+M45+M46+M47+M48+M55+M56+M57+M58+M67+M68+M69+M70+M77+M78+M79+M80) -> 19340
A95: Learig | B95: =B27+B37+B47+B57 -> 1352 | C95: =C27+C37+C47+C57 -> 1207 | D95: =D27+D37+D47+D57 -> 1765 | E95: =E27+E37+E47+E57 -> 1391 | F95: =F27+F37+F47+F57 -> 1249 | G95: =G27+G37+G47+G57 -> 1542 | H95: =H27+H37+H47+H57 -> 1281 | I95: =I27+I37+I47+I57+I69+I79 -> 1327 | J95: =J27+J37+J47+J57 -> 1992 | K95: =K27+K37+K47+K57 -> 1415 | L95: =L27+L37+L47+L57 -> 1383 | M95: =M27+M37+M47+M57+M69+M79 -> 2005
A96: Extension | B96: =B26+B36+B46+B56 -> 586 | C96: =C26+C36+C46+C56 -> 569 | D96: =D26+D36+D46+D56 -> 649 | E96: =E26+E36+E46+E56 -> 534 | F96: =F26+F36+F46+F56 -> 423 | G96: =G26+G36+G46+G56 -> 760 | H96: =H26+H36+H46+H56 -> 704 | I96: =I26+I36+I46+I56+I68+I78 -> 698 | J96: =J26+J36+J46+J56 -> 932 | K96: =K26+K36+K46+K56 -> 633 | L96: =L26+L36+L46+L56 -> 728 | M96: =M26+M36+M46+M56+M68+M78 -> 1011
L101: =+L92-[17]Summary.!$C$28 -> 0

Sheet Combined total CDM to Colco (7)
A2: COMBINED total CDM to Colcom - excludes farm sales, rations etc. Includes sows | N2: excludes gilts, pet food, ration etc etc
N3: includes sows to colcom only
O14: =J18-[16]Summary.!$E$29 -> 1611298.2
B17: 45839 | C17: 45870 | D17: 45901 | E17: 45931 | F17: 45962 | G17: 45992 | H17: 46023 | I17: 46054 | J17: 46082 | K17: 46113 | L17: 46143 | M17: 46174
A18: FY26 | B18: =SUM(B24+B25+B26+B27+B34+B35+B36+B37+B44+B45+B46+B47+B54+B55+B56+B57+B63+B64+B65+B66+B73+B74+B75+B76) -> 1215463.2 | C18: =SUM(C24+C25+C26+C27+C34+C35+C36+C37+C44+C45+C46+C47+C54+C55+C56+C57+C63+C64+C65+C66+C73+C74+C75+C76) -> 1195438.1 | D18: =SUM(D24+D25+D26+D27+D34+D35+D36+D37+D44+D45+D46+D47+D54+D55+D56+D57+D63+D64+D65+D66+D73+D74+D75+D76) -> 1506419.5 | E18: =SUM(E24+E25+E26+E27+E34+E35+E36+E37+E44+E45+E46+E47+E54+E55+E56+E57+E63+E64+E65+E66+E73+E74+E75+E76) -> 1245267.5 | F18: =SUM(F24+F25+F26+F27+F34+F35+F36+F37+F44+F45+F46+F47+F54+F55+F56+F57+F63+F64+F65+F66+F73+F74+F75+F76) -> 1167318 | G18: =SUM(G24+G25+G26+G27+G34+G35+G36+G37+G44+G45+G46+G47+G54+G55+G56+G57+G63+G64+G65+G66+G73+G74+G75+G76) -> 1474122.5 | H18: =SUM(H24+H25+H26+H27+H34+H35+H36+H37+H44+H45+H46+H47+H54+H55+H56+H57+H63+H64+H65+H66+H73+H74+H75+H76) -> 1217593.8 | I18: =SUM(I24+I25+I26+I27+I34+I35+I36+I37+I44+I45+I46+I47+I54+I55+I56+I57+I63+I64+I65+I66+I73+I74+I75+I76) -> 1260277 | ... M18: =SUM(M24+M25+M26+M27+M34+M35+M36+M37+M44+M45+M46+M47+M54+M55+M56+M57+M63+M64+M65+M66+M73+M74+M75+M76) -> 1812956.3 | N18: =SUM(B18:M18) -> 16451915
A19: Budgeted (to colcom only) | B19: ='[3]Combined total CDM to Colco (7)'!B24 -> 1175743.4 | C19: ='[3]Combined total CDM to Colco (7)'!C24 -> 1209149.8 | D19: ='[3]Combined total CDM to Colco (7)'!D24 -> 1453513 | E19: ='[3]Combined total CDM to Colco (7)'!E24 -> 1199663.7 | F19: ='[3]Combined total CDM to Colco (7)'!F24 -> 1196354.5 | G19: ='[3]Combined total CDM to Colco (7)'!G24 -> 1482668.4 | H19: ='[3]Combined total CDM to Colco (7)'!H24 -> 1198722 | I19: ='[3]Combined total CDM to Colco (7)'!I24 -> 1209662.5 | ... M19: ='[3]Combined total CDM to Colco (7)'!M24 -> 1582776.8 | N19: =SUM(B19:M19) -> 15839586 | O19: =N18-N19 -> 612328.51 | P19: ahead of budget
A20: prior year | B20: ='[4]Combined total CDM to Colco (7)'!B23 -> 924163.3 | C20: ='[4]Combined total CDM to Colco (7)'!C23 -> 886846.8 | D20: ='[4]Combined total CDM to Colco (7)'!D23 -> 1273189.5 | E20: ='[4]Combined total CDM to Colco (7)'!E23 -> 1011221.3 | F20: ='[4]Combined total CDM to Colco (7)'!F23 -> 1000724.2 | G20: ='[4]Combined total CDM to Colco (7)'!G23 -> 1129937 | H20: ='[4]Combined total CDM to Colco (7)'!H23 -> 1056919.3 | I20: ='[4]Combined total CDM to Colco (7)'!I23 -> 1010684 | ... M20: ='[4]Combined total CDM to Colco (7)'!M23 -> 1272560.2 | N20: =SUM(B20:M20) -> 12866126 | O20: =N18-N20 -> 3585788.6 | P20: ahead prior
B23: 45839 | C23: 45870 | D23: 45901 | E23: 45931 | F23: 45962 | G23: 45992 | H23: 46023 | I23: 46054 | J23: 46082 | K23: 46113 | L23: 46143 | M23: 46174
A24: Grasmere grower | B24: =[7]CCC!$E$28-[7]CCC!$E$17 -> 378373.2 | C24: =[8]CCC!$E$27 -> 342487.2 | D24: =[9]CCC!$E$27-[9]CCC!$E$16 -> 435961.2 | E24: =[10]CCC!$E$27-[10]CCC!$E$28 -> 351020.1 | F24: =[11]CCC!$E$26-[11]CCC!$E$16 -> 338142.3 | G24: =[12]CCC!$E$27-[12]CCC!$E$17 -> 427420 | H24: =[13]CCC!$E$27-[13]CCC!$E$17 -> 352852.9 | I24: =[14]CCC!$E$26-[14]CCC!$E$16 -> 364729.3 | J24: =[15]CCC!$E$28-[15]CCC!$E$17 -> 447422.82 | K24: =_xlfn.XLOOKUP(" Total:",[16]CCC!$A$1:$A$65536,[16]CCC!$E$1:$E$65536,0)-_xlfn.XLOOKUP("PCSAS",[16]CCC!$A$1:$A$65536,[16]CCC!$E$1:$E$65536,0) -> 368780.3 | L24: =_xlfn.XLOOKUP(" Total:",[17]CCC!$A$1:$A$65536,[17]CCC!$E$1:$E$65536,0)-_xlfn.XLOOKUP("PCSAS",[17]CCC!$A$1:$A$65536,[17]CCC!$E$1:$E$65536,0) -> 383322.7 | M24: =_xlfn.XLOOKUP(" Total:",[18]CCC!$A$1:$A$65536,[18]CCC!$E$1:$E$65536,0)-_xlfn.XLOOKUP("PCSAS",[18]CCC!$A$1:$A$65536,[18]CCC!$E$1:$E$65536,0) -> 498813.4
A25: Grasmere LH ext | B25: ='[7]CCC Extension'!$E$13 -> 0 | C25: ='[8]CCC Extension'!$E$18 -> 0 | D25: 0 | E25: 0 | G25: ='[12]CCC Extension'!$E$7 -> 0 | I25: 0 | L25: =_xlfn.XLOOKUP(" Total:",'[17]CCC Ext'!$A$1:$A$65536,'[17]CCC Ext'!$E$1:$E$65536,0)-_xlfn.XLOOKUP("PCSAS",'[17]CCC Ext'!$A$1:$A$65536,'[17]CCC Ext'!$E$1:$E$65536,0) -> 4063.6 | M25: =_xlfn.XLOOKUP(" Total:",'[18]CCC Ext'!$A$1:$A$65536,'[18]CCC Ext'!$E$1:$E$65536,0)-_xlfn.XLOOKUP("PCSAS",'[18]CCC Ext'!$A$1:$A$65536,'[18]CCC Ext'!$E$1:$E$65536,0) -> 0
A26: Grasmere Learig | B26: ='[7]Learig CCC'!$E$24 -> 78886 | C26: ='[8]Learig CCC'!$E$22 -> 81799.5 | D26: ='[9]Learig CCC'!$E$22 -> 103819.3 | E26: ='[10]Learig CCC'!$E$24 -> 99547.7 | F26: ='[11]Learig CCC'!$E$22 -> 88266.6 | G26: ='[12]Learig CCC'!$E$24 -> 102456.5 | H26: ='[13]Learig CCC'!$E$24 -> 94024.5 | I26: ='[14]Learig CCC'!$E$23 -> 97851.4 | J26: ='[15]Learig CCC'!$E$24 -> 154979.5 | K26: =_xlfn.XLOOKUP(" Total:",'[16]Learig CCC'!$A$1:$A$65536,'[16]Learig CCC'!$E$1:$E$65536,0)-_xlfn.XLOOKUP("PCSAS",'[16]Learig CCC'!$A$1:$A$65536,'[16]Learig CCC'!$E$1:$E$65536,0) -> 116751.9 | L26: =_xlfn.XLOOKUP(" Total:",'[17]Learig CCC'!$A$1:$A$65536,'[17]Learig CCC'!$E$1:$E$65536,0)-_xlfn.XLOOKUP("PCSAS",'[17]Learig CCC'!$A$1:$A$65536,'[17]Learig CCC'!$E$1:$E$65536,0) -> 100896.1 | M26: =_xlfn.XLOOKUP(" Total:",'[18]Learig CCC'!$A$1:$A$65536,'[18]Learig CCC'!$E$1:$E$65536,0)-_xlfn.XLOOKUP("PCSAS",'[18]Learig CCC'!$A$1:$A$65536,'[18]Learig CCC'!$E$1:$E$65536,0) -> 155614.1
A27: Grasmere sow | B27: =[7]CCC!$E$17 -> 7594.7 | C27: 0 | D27: =[9]CCC!$E$16 -> 583.2 | E27: =[10]CCC!$E$28 -> 0 | F27: =[11]CCC!$E$16 -> 8049 | G27: =[12]CCC!$E$17 -> 4131.6 | H27: =[13]CCC!$E$17 -> 1693.1 | I27: =[14]CCC!$E$16 -> 2183.2 | J27: =[15]CCC!$E$17 -> 2930.4 | K27: =+_xlfn.XLOOKUP("PCSAS",[16]CCC!$A$1:$A$65536,[16]CCC!$E$1:$E$65536,0) -> 7071.6 | L27: =+_xlfn.XLOOKUP("PCSAS",[17]CCC!$A$1:$A$65536,[17]CCC!$E$1:$E$65536,0) -> 5747.9 | M27: =+_xlfn.XLOOKUP("PCSAS",[18]CCC!$A$1:$A$65536,[18]CCC!$E$1:$E$65536,0) -> 9139.5
A28: Grasmere ration & donations | B28: ='[42]Rations & lunches'!$H$25 -> 4930.1 | C28: ='[43]Rations & lunches'!$H$25 -> 4833.6 | D28: ='[44]Rations & lunches'!$H$25 -> 6623.5 | E28: ='[45]Rations & lunches'!$H$25 -> 4958.2 | F28: ='[46]Rations & lunches'!$H$29-F77 -> 4112.7405 | G28: ='[47]Rations & lunches'!$H$25-G77 -> 4897.344 | H28: ='[48]Rations & lunches'!$H$25-'[48]Rations & lunches'!$C$269-'[48]Rations & lunches'!$D$269 -> 4501.1091 | I28: ='[49]Rations & lunches'!$H$25-'[49]Rations & lunches'!$H$24-I77 -> 4284.0333 | J28: ='[50]Rations & lunches'!$H$25-J77 -> 5935.4448 | K28: ='[51]Rations & lunches'!$H$25-K77 -> 4646.6225 | L28: ='[52]Rations & lunches'!$H$25-L77 -> 4583.0014 | M28: ='[53]Rations & lunches'!$H$25-M77 -> 5783.9954
A29: Grasmere internal gilts & out growers | B29: 0
A30: Grasmere external farm sales | B30: 0
A31: Pet Food | B31: 0
B32: =SUM(B24:B31) -> 469784 | C32: =SUM(C24:C31) -> 429120.3 | D32: =SUM(D24:D31) -> 546987.2 | E32: =SUM(E24:E31) -> 455526 | F32: =SUM(F24:F31) -> 438570.64 | G32: =SUM(G24:G31) -> 538905.44 | H32: =SUM(H24:H31) -> 453071.61 | I32: =SUM(I24:I31) -> 469047.93 | ... M32: =SUM(M24:M31) -> 669351
A34: Richlands grower | B34: =[7]Richlands!$E$27-[7]Richlands!$E$17 -> 184160.9 | C34: =[8]Richlands!$E$23-[8]Richlands!$E$14 -> 183024.3 | D34: =[9]Richlands!$E$28-[9]Richlands!$E$17 -> 227973.4 | E34: =[10]Richlands!$E$24-[10]Richlands!$E$15 -> 182111.6 | F34: =[11]Richlands!$E$24-[11]Richlands!$E$15 -> 173509.7 | G34: =[12]Richlands!$E$23-[12]Richlands!$E$15 -> 223557.4 | H34: =[13]Richlands!$E$23-[13]Richlands!$E$16 -> 181654.7 | I34: =[14]Richlands!$E$24-[14]Richlands!$E$15 -> 179011 | J34: =[15]Richlands!$E$26-[15]Richlands!$E$18 -> 233647.7 | K34: =_xlfn.XLOOKUP(" Total:",[16]Richlands!$A$1:$A$65536,[16]Richlands!$E$1:$E$65536,0)-_xlfn.XLOOKUP("PCSAS",[16]Richlands!$A$1:$A$65536,[16]Richlands!$E$1:$E$65536,0) -> 178693.4 | L34: =_xlfn.XLOOKUP(" Total:",[17]Richlands!$A$1:$A$65536,[17]Richlands!$E$1:$E$65536,0)-_xlfn.XLOOKUP("PCSAS",[17]Richlands!$A$1:$A$65536,[17]Richlands!$E$1:$E$65536,0) -> 190395.1 | M34: =_xlfn.XLOOKUP(" Total:",[18]Richlands!$A$1:$A$65536,[18]Richlands!$E$1:$E$65536,0)-_xlfn.XLOOKUP("PCSAS",[18]Richlands!$A$1:$A$65536,[18]Richlands!$E$1:$E$65536,0) -> 249640.3
A35: Richlands LH ext | B35: ='[7]Richlands Extension'!$E$19 -> 11962.1 | C35: ='[8]Richlands Extension'!$E$19 -> 24930.3 | D35: ='[9]Richlands Extension'!$E$20 -> 17190.6 | E35: ='[10]Richlands Extension'!$E$19 -> 13617.4 | F35: ='[11]Richlands Extension'!$E$14 -> 1368.6 | G35: ='[12]Richlands Extension'!$E$21 -> 23988.3 | H35: ='[13]Richlands Extension'!$E$21 -> 28572.8 | I35: ='[14]Richlands Extension'!$E$20 -> 34491.5 | J35: ='[15]Richlands Extension'!$E$21 -> 37139.6 | K35: =_xlfn.XLOOKUP(" Total:",'[16]Richlands Extension'!$A$1:$A$65536,'[16]Richlands Extension'!$E$1:$E$65536,0)-_xlfn.XLOOKUP("PCSAS",'[16]Richlands Extension'!$A$1:$A$65536,'[16]Richlands Extension'!$E$1:$E$65536,0) -> 20056.9 | L35: =_xlfn.XLOOKUP(" Total:",'[17]Richlands Extension'!$A$1:$A$65536,'[17]Richlands Extension'!$E$1:$E$65536,0)-_xlfn.XLOOKUP("PCSAS",'[17]Richlands Extension'!$A$1:$A$65536,'[17]Richlands Extension'!$E$1:$E$65536,0) -> 29381.2 | M35: =_xlfn.XLOOKUP(" Total:",'[18]Richlands Extension'!$A$1:$A$65536,'[18]Richlands Extension'!$E$1:$E$65536,0)-_xlfn.XLOOKUP("PCSAS",'[18]Richlands Extension'!$A$1:$A$65536,'[18]Richlands Extension'!$E$1:$E$65536,0) -> 8465.8
A36: Richlands Learig | B36: ='[7]Learig Richlands'!$E$22 -> 30186 | C36: ='[8]Learig Richlands'!$E$22 -> 28634.3 | D36: ='[9]Learig Richlands'!$E$20 -> 35142.5 | E36: ='[10]Learig Richlands'!$E$20 -> 11588.9 | F36: ='[11]Learig Richlands'!$E$19 -> 19634.7 | G36: ='[12]Learig Richlands'!$E$19 -> 23004.3 | H36: ='[13]Learig Richlands'!$E$18 -> 8983 | I36: ='[14]Learig Richlands'!$E$18 -> 18156.3 | K36: =_xlfn.XLOOKUP(" Total:",'[16]Learig Richlands'!$A$1:$A$65536,'[16]Learig Richlands'!$E$1:$E$65536,0)-_xlfn.XLOOKUP("PCSAS",'[16]Learig Richlands'!$A$1:$A$65536,'[16]Learig Richlands'!$E$1:$E$65536,0) -> 7153.3 | L36: =_xlfn.XLOOKUP(" Total:",'[17]Learig Richlands'!$A$1:$A$65536,'[17]Learig Richlands'!$E$1:$E$65536,0)-_xlfn.XLOOKUP("PCSAS",'[17]Learig Richlands'!$A$1:$A$65536,'[17]Learig Richlands'!$E$1:$E$65536,0) -> 0 | M36: =_xlfn.XLOOKUP(" Total:",'[18]Learig Richlands'!$A$1:$A$65536,'[18]Learig Richlands'!$E$1:$E$65536,0)-_xlfn.XLOOKUP("PCSAS",'[18]Learig Richlands'!$A$1:$A$65536,'[18]Learig Richlands'!$E$1:$E$65536,0) -> 28799.6
A37: Richlands sow | B37: =[7]Richlands!$E$17 -> 3687.6 | C37: =[8]Richlands!$E$14 -> 3456.7 | D37: =[9]Richlands!$E$17 -> 7641.4 | E37: =[10]Richlands!$E$15 -> 6945.2 | F37: =[11]Richlands!$E$15 -> 9416.6 | G37: =[12]Richlands!$E$15 -> 2672.5 | H37: =[13]Richlands!$E$16 -> 6767.9 | I37: =[14]Richlands!$E$15 -> 7226.6 | J37: =[15]Richlands!$E$18 -> 6723.9 | K37: =_xlfn.XLOOKUP("PCSAS",[16]Richlands!$A$1:$A$65536,[16]Richlands!$E$1:$E$65536,0) -> 5338.7 | L37: =_xlfn.XLOOKUP("PCSAS",[17]Richlands!$A$1:$A$65536,[17]Richlands!$E$1:$E$65536,0) -> 3611.5 | M37: =_xlfn.XLOOKUP("PCSAS",[18]Richlands!$A$1:$A$65536,[18]Richlands!$E$1:$E$65536,0) -> 9086.7
A38: Richlands ration & donations | B38: ='[42]Rations & lunches'!$H$158 -> 729.7 | C38: ='[43]Rations & lunches'!$H$158 -> 753.7 | D38: ='[44]Rations & lunches'!$H$158 -> 1052.6 | E38: ='[45]Rations & lunches'!$H$158 -> 723.7 | F38: ='[46]Rations & lunches'!$H$158 -> 733.2 | G38: ='[47]Rations & lunches'!$H$158 -> 1019 | H38: ='[48]Rations & lunches'!$H$158 -> 727.7 | I38: ='[49]Rations & lunches'!$H$158 -> 773.7 | J38: ='[50]Rations & lunches'!$H$160 -> 935.2 | K38: ='[51]Rations & lunches'!$H$160 -> 730.9 | L38: ='[52]Rations & lunches'!$H$160 -> 767 | M38: ='[53]Rations & lunches'!$H$160 -> 983.8
A39: Richlands internal gilts & out growers | B39: ='[54]COMBINED CDM (5)'!B40 -> 0
A40: Richlands external farm sales | B40: ='[54]COMBINED CDM (5)'!B41 -> 0
A41: Pet Food | B41: ='[54]COMBINED CDM (5)'!B42 -> 0
B42: =SUM(B34:B41) -> 230726.3 | C42: =SUM(C34:C41) -> 240799.3 | D42: =SUM(D34:D41) -> 289000.5 | E42: =SUM(E34:E41) -> 214986.8 | F42: =SUM(F34:F41) -> 204662.8 | G42: =SUM(G34:G41) -> 274241.5 | H42: =SUM(H34:H41) -> 226706.1 | I42: =SUM(I34:I41) -> 239659.1 | ... M42: =SUM(M34:M41) -> 296976.2
A44: Lions Head grower | B44: =[7]LionsHead!$E$28-[7]LionsHead!$E$17 -> 208812.2 | C44: =[8]LionsHead!$E$25-[8]LionsHead!$E$14 -> 198721.8 | D44: =[9]LionsHead!$E$27-[9]LionsHead!$E$16 -> 247283.1 | E44: =[10]LionsHead!$E$25-[10]LionsHead!$E$16 -> 210741.6 | F44: =[11]LionsHead!$E$21-[11]LionsHead!$E$14 -> 190095 | G44: =[12]LionsHead!$E$25-[12]LionsHead!$E$16 -> 239032 | H44: =[13]LionsHead!$E$24-[13]LionsHead!$E$15 -> 205065.7 | I44: =[14]LionsHead!$E$24-[14]LionsHead!$E$16 -> 196177 | J44: =[15]LionsHead!$E$28-[15]LionsHead!$E$17 -> 261599.1 | K44: =_xlfn.XLOOKUP(" Total:",[16]LionsHead!$A$1:$A$65536,[16]LionsHead!$E$1:$E$65536,0)-_xlfn.XLOOKUP("PCSAS",[16]LionsHead!$A$1:$A$65536,[16]LionsHead!$E$1:$E$65536,0) -> 206373.6 | L44: =_xlfn.XLOOKUP(" Total:",[17]LionsHead!$A$1:$A$65536,[17]LionsHead!$E$1:$E$65536,0)-_xlfn.XLOOKUP("PCSAS",[17]LionsHead!$A$1:$A$65536,[17]LionsHead!$E$1:$E$65536,0) -> 201688.6 | M44: =_xlfn.XLOOKUP(" Total:",[18]LionsHead!$A$1:$A$65536,[18]LionsHead!$E$1:$E$65536,0)-_xlfn.XLOOKUP("PCSAS",[18]LionsHead!$A$1:$A$65536,[18]LionsHead!$E$1:$E$65536,0) -> 264759.7
A45: Lions Head LH ext | B45: ='[7]LionsHead Extension'!$E$24 -> 35859.9 | C45: ='[8]LionsHead Extension'!$E$19 -> 12219.7 | D45: ='[9]LionsHead Extension'!$E$20 -> 26540.6 | E45: ='[10]LionsHead Extension'!$E$20 -> 13605 | F45: ='[11]LionsHead Extension'!$E$20 -> 24028.6 | G45: ='[12]LionsHead Extension'!$E$21 -> 24319.2 | H45: ='[13]LionsHead Extension'!$E$20 -> 20183.8 | I45: ='[14]LionsHead Extension'!$E$20 -> 19278.4 | J45: ='[15]LionsHead Extension'!$E$22 -> 29832.3 | K45: =_xlfn.XLOOKUP(" Total:",'[16]LionsHead Extension'!$A$1:$A$65536,'[16]LionsHead Extension'!$E$1:$E$65536,0)-_xlfn.XLOOKUP("PCSAS",'[16]LionsHead Extension'!$A$1:$A$65536,'[16]LionsHead Extension'!$E$1:$E$65536,0) -> 24928.1 | L45: =_xlfn.XLOOKUP(" Total:",'[17]LionsHead Extension'!$A$1:$A$65536,'[17]LionsHead Extension'!$E$1:$E$65536,0)-_xlfn.XLOOKUP("PCSAS",'[17]LionsHead Extension'!$A$1:$A$65536,'[17]LionsHead Extension'!$E$1:$E$65536,0) -> 23794 | M45: =_xlfn.XLOOKUP(" Total:",'[18]LionsHead Extension'!$A$1:$A$65536,'[18]LionsHead Extension'!$E$1:$E$65536,0)-_xlfn.XLOOKUP("PCSAS",'[18]LionsHead Extension'!$A$1:$A$65536,'[18]LionsHead Extension'!$E$1:$E$65536,0) -> 35036.5
A46: Lions Head Learig | B46: ='[7]Learig L Head'!$E$12 -> 0 | C46: ='[8]Learig L Head'!$E$13 -> 0 | D46: 0 | E46: 0 | F46: 0 | G46: ='[12]Learig L Head'!$E$10 -> 0 | I46: 0 | K46: 0 | L46: 0 | M46: 0
A47: Lions Head sow | B47: =[7]LionsHead!$E$17 -> 2987.9 | C47: =[8]LionsHead!$E$14 -> 866.3 | D47: =[9]LionsHead!$E$16 -> 1109.6 | E47: =[10]LionsHead!$E$16 -> 5675.1 | F47: =[11]LionsHead!$E$14 -> 3801.8 | G47: =[12]LionsHead!$E$16 -> 3024.1 | H47: =[13]LionsHead!$E$15 -> 4512.4 | I47: =[14]LionsHead!$E$16 -> 6281.1 | J47: =[15]LionsHead!$E$17 -> 5329.2 | K47: =_xlfn.XLOOKUP("PCSAS",[16]LionsHead!$A$1:$A$65536,[16]LionsHead!$E$1:$E$65536,0) -> 4649.8 | L47: =_xlfn.XLOOKUP("PCSAS",[17]LionsHead!$A$1:$A$65536,[17]LionsHead!$E$1:$E$65536,0) -> 5537.8 | M47: =_xlfn.XLOOKUP("PCSAS",[18]LionsHead!$A$1:$A$65536,[18]LionsHead!$E$1:$E$65536,0) -> 4967.1
A48: Lions Head ration & donations | B48: ='[42]Rations & lunches'!$H$125 -> 1766.9 | C48: ='[43]Rations & lunches'!$H$125 -> 1743.49 | D48: ='[44]Rations & lunches'!$H$125 -> 2215.8 | E48: ='[45]Rations & lunches'!$H$125 -> 1818.2 | F48: ='[46]Rations & lunches'!$H$125 -> 1858.61 | G48: ='[47]Rations & lunches'!$H$125 -> 2289.25 | H48: ='[48]Rations & lunches'!$H$125 -> 1261.5 | I48: ='[49]Rations & lunches'!$H$125 -> 1984.2 | J48: ='[50]Rations & lunches'!$H$125 -> 1984.2 | K48: ='[51]Rations & lunches'!$H$125 -> 1809.3 | L48: ='[52]Rations & lunches'!$H$125 -> 1900.7 | M48: ='[53]Rations & lunches'!$H$125 -> 2033.4
A49: Lionshead internal gilts & out growers | B49: ='[54]COMBINED CDM (5)'!B50 -> 0
A50: Lionshead external farm sales | B50: ='[54]COMBINED CDM (5)'!B51 -> 0
A51: Pet Food | B51: ='[54]COMBINED CDM (5)'!B52 -> 0
B52: =SUM(B44:B51) -> 249426.9 | C52: =SUM(C44:C51) -> 213551.29 | D52: =SUM(D44:D51) -> 277149.1 | E52: =SUM(E44:E51) -> 231839.9 | F52: =SUM(F44:F51) -> 219784.01 | G52: =SUM(G44:G51) -> 268664.55 | H52: =SUM(H44:H51) -> 231023.4 | I52: =SUM(I44:I51) -> 223720.7 | ... M52: =SUM(M44:M51) -> 306796.7
A54: Villa grower | B54: ='[7]Villa Franca'!$E$24-'[7]Villa Franca'!$E$14 -> 67664.4 | C54: ='[8]Villa Franca'!$E$26-'[8]Villa Franca'!$E$16 -> 68476.2 | D54: ='[9]Villa Franca'!$E$24-'[9]Villa Franca'!$E$14 -> 78397.1 | E54: ='[10]Villa Franca'!$E$25-'[10]Villa Franca'!$E$14 -> 71657.1 | F54: ='[11]Villa Franca'!$E$26-'[11]Villa Franca'!$E$15 -> 66788.1 | G54: ='[12]Villa Franca'!$E$25-'[12]Villa Franca'!$E$14 -> 99442.4 | H54: ='[13]Villa Franca'!$E$23-'[13]Villa Franca'!$E$14 -> 48843.1 | I54: ='[14]Villa Franca'!$E$25-'[14]Villa Franca'!$E$15 -> 89677.6 | J54: ='[15]Villa Franca'!$E$24-'[15]Villa Franca'!$E$15 -> 62713.7 | K54: =_xlfn.XLOOKUP(" Total:",'[16]Villa Franca'!$A$1:$A$65536,'[16]Villa Franca'!$E$1:$E$65536,0)-_xlfn.XLOOKUP("PCSAS",'[16]Villa Franca'!$A$1:$A$65536,'[16]Villa Franca'!$E$1:$E$65536,0) -> 58724.7 | L54: =_xlfn.XLOOKUP(" Total:",'[17]Villa Franca'!$A$1:$A$65536,'[17]Villa Franca'!$E$1:$E$65536,0)-_xlfn.XLOOKUP("PCSAS",'[17]Villa Franca'!$A$1:$A$65536,'[17]Villa Franca'!$E$1:$E$65536,0) -> 58890 | M54: =_xlfn.XLOOKUP(" Total:",'[18]Villa Franca'!$A$1:$A$65536,'[18]Villa Franca'!$E$1:$E$65536,0)-_xlfn.XLOOKUP("PCSAS",'[18]Villa Franca'!$A$1:$A$65536,'[18]Villa Franca'!$E$1:$E$65536,0) -> 85741.7
A55: Villa LH ext | B55: ='[7]Villa Franca Extension'!$E$19 -> 6269.1 | C55: ='[8]Villa Franca Extension'!$E$21 -> 17148.9 | D55: ='[9]Villa Franca Extension'!$E$21 -> 15647.5 | E55: ='[10]Villa Franca Extension'!$E$22 -> 19649.6 | F55: ='[11]Villa Franca Extension'!$E$17 -> 11527.3 | G55: ='[12]Villa Franca Extension'!$E$20 -> 17320.1 | H55: ='[13]Villa Franca Extension'!$E$18 -> 10403.2 | I55: ='[14]Villa Franca Extension'!$E$18 -> 5930.1 | J55: ='[15]Villa Franca Extension'!$E$19 -> 14072.5 | K55: =_xlfn.XLOOKUP(" Total:",'[16]Villa Franca Extension'!$A$1:$A$65536,'[16]Villa Franca Extension'!$E$1:$E$65536,0)-_xlfn.XLOOKUP("PCSAS",'[16]Villa Franca Extension'!$A$1:$A$65536,'[16]Villa Franca Extension'!$E$1:$E$65536,0) -> 8639.6 | L55: =_xlfn.XLOOKUP(" Total:",'[17]Villa Franca Extension'!$A$1:$A$65536,'[17]Villa Franca Extension'!$E$1:$E$65536,0)-_xlfn.XLOOKUP("PCSAS",'[17]Villa Franca Extension'!$A$1:$A$65536,'[17]Villa Franca Extension'!$E$1:$E$65536,0) -> 7135.4 | M55: =_xlfn.XLOOKUP(" Total:",'[18]Villa Franca Extension'!$A$1:$A$65536,'[18]Villa Franca Extension'!$E$1:$E$65536,0)-_xlfn.XLOOKUP("PCSAS",'[18]Villa Franca Extension'!$A$1:$A$65536,'[18]Villa Franca Extension'!$E$1:$E$65536,0) -> 37587.6
A56: Villa Learig | B56: ='[7]Learig Villa'!$E$21 -> 22897.4 | C56: ='[8]Learig Villa'!$E$19 -> 9629.8 | D56: ='[9]Learig Villa'!$E$19 -> 32457.7 | E56: ='[10]Learig Villa'!$E$23 -> 24616.3 | F56: ='[11]Learig Villa'!$E$19 -> 13231.3 | G56: ='[12]Learig Villa'!$E$21 -> 20861.6 | H56: ='[13]Learig Villa'!$E$18 -> 19368.9 | I56: ='[14]Learig Villa'!$E$19 -> 13441.5 | J56: ='[15]Learig Villa'!$E$23 -> 41818.4 | K56: =_xlfn.XLOOKUP(" Total:",'[16]Learig Villa'!$A$1:$A$65536,'[16]Learig Villa'!$E$1:$E$65536,0)-_xlfn.XLOOKUP("PCSAS",'[16]Learig Villa'!$A$1:$A$65536,'[16]Learig Villa'!$E$1:$E$65536,0) -> 14022.8 | L56: =_xlfn.XLOOKUP(" Total:",'[17]Learig Villa'!$A$1:$A$65536,'[17]Learig Villa'!$E$1:$E$65536,0)-_xlfn.XLOOKUP("PCSAS",'[17]Learig Villa'!$A$1:$A$65536,'[17]Learig Villa'!$E$1:$E$65536,0) -> 36798.3 | M56: =_xlfn.XLOOKUP(" Total:",'[18]Learig Villa'!$A$1:$A$65536,'[18]Learig Villa'!$E$1:$E$65536,0)-_xlfn.XLOOKUP("PCSAS",'[18]Learig Villa'!$A$1:$A$65536,'[18]Learig Villa'!$E$1:$E$65536,0) -> 8549.3
A57: Villa sow | B57: ='[7]Villa Franca'!$E$14 -> 3398.9 | C57: ='[8]Villa Franca'!$E$16 -> 2966.7 | D57: ='[9]Villa Franca'!$E$14 -> 3823.3 | E57: ='[10]Villa Franca'!$E$14 -> 2084.9 | F57: ='[11]Villa Franca'!$E$15 -> 718.2 | G57: ='[12]Villa Franca'!$E$14 -> 1959.8 | H57: ='[13]Villa Franca'!$E$14 -> 2772.9 | I57: ='[14]Villa Franca'!$E$15 -> 1981.9 | J57: ='[15]Villa Franca'!$E$15 -> 2158.6 | K57: =_xlfn.XLOOKUP("PCSAS",'[16]Villa Franca'!$A$1:$A$65536,'[16]Villa Franca'!$E$1:$E$65536,0) -> 2903.4 | L57: =_xlfn.XLOOKUP("PCSAS",'[17]Villa Franca'!$A$1:$A$65536,'[17]Villa Franca'!$E$1:$E$65536,0) -> 1436.1 | M57: =_xlfn.XLOOKUP("PCSAS",'[18]Villa Franca'!$A$1:$A$65536,'[18]Villa Franca'!$E$1:$E$65536,0) -> 1606.3
A58: Villa ration & donations | B58: ='[42]Rations & lunches'!$H$95 -> 384.3 | C58: ='[43]Rations & lunches'!$H$95 -> 497.2 | D58: ='[44]Rations & lunches'!$H$95 -> 608.1 | E58: ='[45]Rations & lunches'!$H$95 -> 497.5 | F58: ='[46]Rations & lunches'!$H$95 -> 497.6 | G58: ='[47]Rations & lunches'!$H$95 -> 648.9 | H58: ='[48]Rations & lunches'!$H$95 -> 469.5 | I58: ='[49]Rations & lunches'!$H$95 -> 536.2 | J58: ='[50]Rations & lunches'!$H$95 -> 672.9 | K58: ='[51]Rations & lunches'!$H$95 -> 541.3 | L58: ='[52]Rations & lunches'!$H$95 -> 519 | M58: ='[53]Rations & lunches'!$H$95 -> 638.6
A59: Villa internal gilts selection & out growers | B59: 0
A60: Villa external farm sales | B60: 0
A61: Pet Food | B61: 0
A63: Porta grower | B63: ='[7]Porta Farm'!$E$26-'[7]Porta Farm'!$E$15 -> 166870.1 | C63: ='[8]Porta Farm'!$E$26-'[8]Porta Farm'!$E$15 -> 218815.6 | D63: ='[9]Porta Farm'!$E$25-'[9]Porta Farm'!$E$15 -> 266422.7 | E63: ='[10]Porta Farm'!$E$25-'[10]Porta Farm'!$E$17 -> 228290.2 | F63: ='[11]Porta Farm'!$E$22-'[11]Porta Farm'!$E$16 -> 212737.3 | G63: ='[12]Porta Farm'!$E$25-'[12]Porta Farm'!$E$15 -> 253086 | H63: ='[13]Porta Farm'!$E$25-'[13]Porta Farm'!$E$15 -> 220419 | I63: ='[14]Porta Farm'!$E$24-'[14]Porta Farm'!$E$15 -> 216124.4 | J63: ='[15]Porta Farm'!$E$25-'[15]Porta Farm'!$E$15 -> 238832.8 | K63: =_xlfn.XLOOKUP(" Total:",'[16]Porta Farm'!$A$1:$A$65536,'[16]Porta Farm'!$E$1:$E$65536,0)-_xlfn.XLOOKUP("PCSAS",'[16]Porta Farm'!$A$1:$A$65536,'[16]Porta Farm'!$E$1:$E$65536,0) -> 263343.7 | L63: =_xlfn.XLOOKUP(" Total:",'[17]Porta Farm'!$A$1:$A$65536,'[17]Porta Farm'!$E$1:$E$65536,0)-_xlfn.XLOOKUP("PCSAS",'[17]Porta Farm'!$A$1:$A$65536,'[17]Porta Farm'!$E$1:$E$65536,0) -> 216925.8 | M63: =_xlfn.XLOOKUP(" Total:",'[18]Porta Farm'!$A$1:$A$65536,'[18]Porta Farm'!$E$1:$E$65536,0)-_xlfn.XLOOKUP("PCSAS",'[18]Porta Farm'!$A$1:$A$65536,'[18]Porta Farm'!$E$1:$E$65536,0) -> 285387
A64: Porta LH ext | B64: 0 | C64: 0 | D64: 0 | E64: 0 | F64: 0 | G64: 0 | I64: 0 | J64: 0 | K64: 0 | L64: =_xlfn.XLOOKUP(" Total:",'[17]Porta Ext'!$A$1:$A$65536,'[17]Porta Ext'!$E$1:$E$65536,0)-_xlfn.XLOOKUP("PCSAS",'[17]Porta Ext'!$A$1:$A$65536,'[17]Porta Ext'!$E$1:$E$65536,0) -> 5176.5 | M64: =_xlfn.XLOOKUP(" Total:",'[18]Porta Ext'!$A$1:$A$65536,'[18]Porta Ext'!$E$1:$E$65536,0)-_xlfn.XLOOKUP("PCSAS",'[18]Porta Ext'!$A$1:$A$65536,'[18]Porta Ext'!$E$1:$E$65536,0) -> 8747.1
A65: Porta Learig | B65: 0 | C65: 0 | D65: 0 | E65: 0 | F65: 0 | G65: 0 | I65: 0 | J65: 0 | K65: 0 | L65: 0 | M65: =_xlfn.XLOOKUP(" Total:",'[18]Porta Learig'!$A$1:$A$65536,'[18]Porta Learig'!$E$1:$E$65536,0)-_xlfn.XLOOKUP("PCSAS",'[18]Porta Learig'!$A$1:$A$65536,'[18]Porta Learig'!$E$1:$E$65536,0) -> 4073.2
A66: Porta sow | B66: ='[7]Porta Farm'!$E$15 -> 5695.7 | C66: ='[8]Porta Farm'!$E$15 -> 2260.8 | D66: ='[9]Porta Farm'!$E$15 -> 4349.4 | E66: ='[10]Porta Farm'!$E$17 -> 2912.1 | F66: ='[11]Porta Farm'!$E$16 -> 4384.9 | G66: ='[12]Porta Farm'!$E$15 -> 5815 | H66: ='[13]Porta Farm'!$E$15 -> 7046.9 | I66: ='[14]Porta Farm'!$E$15 -> 5187.3 | J66: ='[15]Porta Farm'!$E$15 -> 7025.6 | K66: =_xlfn.XLOOKUP("PCSAS",'[16]Porta Farm'!$A$1:$A$65536,'[16]Porta Farm'!$E$1:$E$65536,0) -> 10336.4 | L66: =_xlfn.XLOOKUP("PCSAS",'[17]Porta Farm'!$A$1:$A$65536,'[17]Porta Farm'!$E$1:$E$65536,0) -> 4081.2 | M66: =_xlfn.XLOOKUP("PCSAS",'[18]Porta Farm'!$A$1:$A$65536,'[18]Porta Farm'!$E$1:$E$65536,0) -> 8282.5
A67: Porta ration & donations | B67: ='[42]Rations & lunches'!$H$7+'[42]Rations & lunches'!$H$22 -> 73.6 | C67: ='[43]Rations & lunches'!$H$217 -> 790.4 | D67: ='[44]Rations & lunches'!$H$217 -> 1104.5 | E67: ='[45]Rations & lunches'!$H$217 -> 763.1 | F67: ='[46]Rations & lunches'!$H$219 -> 716.5 | G67: ='[47]Rations & lunches'!$H$217 -> 957 | H67: ='[48]Rations & lunches'!$H$217 -> 750.1 | I67: ='[49]Rations & lunches'!$H$232 -> 2198.8514 | J67: ='[50]Rations & lunches'!$H$232 -> 2888.1026 | K67: ='[51]Rations & lunches'!$H$232 -> 6163.5753 | L67: ='[52]Rations & lunches'!$H$232 -> 4599.4219 | M67: ='[53]Rations & lunches'!$H$232 -> 6658.5762
A68: Porta internal gilts selection & out growers
A69: Porta external farm sales
A70: Pet Food
B71: =SUM(B63:B70) -> 172639.4 | C71: =SUM(C63:C70) -> 221866.8 | D71: =SUM(D63:D70) -> 271876.6 | E71: =SUM(E63:E70) -> 231965.4 | F71: =SUM(F63:F70) -> 217838.7 | G71: =SUM(G63:G70) -> 259858 | H71: =SUM(H63:H70) -> 228216 | I71: =SUM(I63:I70) -> 223510.55 | ... M71: =SUM(M63:M70) -> 313148.38
A73: Multiplier grower | H73: =[13]Multiplier!$E$16-[13]Multiplier!$E$12 -> 445.6 | I73: =[14]Multiplier!$E$13-[14]Multiplier!$E$11 -> 0 | J73: =[15]Multiplier!$E$23-[15]Multiplier!$E$15 -> 60131.8 | K73: =_xlfn.XLOOKUP(" Total:",[16]Multiplier!$A$1:$A$65536,[16]Multiplier!$E$1:$E$65536,0)-_xlfn.XLOOKUP("PCSAS",[16]Multiplier!$A$1:$A$65536,[16]Multiplier!$E$1:$E$65536,0) -> 74887 | L73: =_xlfn.XLOOKUP(" Total:",[17]Multiplier!$A$1:$A$65536,[17]Multiplier!$E$1:$E$65536,0)-_xlfn.XLOOKUP("PCSAS",[17]Multiplier!$A$1:$A$65536,[17]Multiplier!$E$1:$E$65536,0) -> 84979.6 | M73: =_xlfn.XLOOKUP(" Total:",[18]Multiplier!$A$1:$A$65536,[18]Multiplier!$E$1:$E$65536,0)-_xlfn.XLOOKUP("PCSAS",[18]Multiplier!$A$1:$A$65536,[18]Multiplier!$E$1:$E$65536,0) -> 104033.1
A74: Multiplier LH ext | K74: 0 | L74: 0 | M74: 0
A75: Multiplier Learig | K75: 0 | L75: 0 | M75: 0
A76: Multiplier sow | B76: =[7]Multiplier!$E$14 -> 157.1 | D76: =[9]Multiplier!$E$13 -> 2076.9 | E76: =[10]Multiplier!$E$13 -> 1204.7 | F76: =[11]Multiplier!$E$16 -> 1618 | G76: =[12]Multiplier!$E$13 -> 2031.7 | H76: =[13]Multiplier!$E$12 -> 3983.4 | I76: =[14]Multiplier!$E$11 -> 2548.4 | J76: =[15]Multiplier!$E$15 -> 4940.3 | K76: =_xlfn.XLOOKUP("PCSAS",[16]Multiplier!$A$1:$A$65536,[16]Multiplier!$E$1:$E$65536,0) -> 4647 | L76: =_xlfn.XLOOKUP("PCSAS",[17]Multiplier!$A$1:$A$65536,[17]Multiplier!$E$1:$E$65536,0) -> 4596.8 | M76: =_xlfn.XLOOKUP("PCSAS",[18]Multiplier!$A$1:$A$65536,[18]Multiplier!$E$1:$E$65536,0) -> 4625.8
A77: Multiplier ration & donations | F77: ='[46]Rations & lunches'!$C$269+'[46]Rations & lunches'!$D$269 -> 591.4595 | G77: ='[47]Rations & lunches'!$H$12+'[47]Rations & lunches'!$C$269+'[47]Rations & lunches'!$D$269 -> 676.65604 | H77: ='[48]Rations & lunches'!$C$269+'[48]Rations & lunches'!$D$269 -> 787.89088 | I77: ='[49]Rations & lunches'!$C$269+'[49]Rations & lunches'!$D$269 -> 447.26668 | J77: ='[50]Rations & lunches'!$C$269+'[50]Rations & lunches'!$D$269 -> 789.45523 | K77: ='[51]Rations & lunches'!$C$269+'[51]Rations & lunches'!$D$269 -> 621.37748 | L77: ='[52]Rations & lunches'!$C$269+'[52]Rations & lunches'!$D$269 -> 549.39859 | M77: ='[53]Rations & lunches'!$C$269+'[53]Rations & lunches'!$D$269 -> 639.70465
A78: Multiplier internal gilts selection & out growers
A79: Multiplier external farm sales
A80: Pet Food
A86: Grand Total
A89: CDM exc ration, gilts, pet and farm sales | B89: =B24+B25+B26+B27+B34+B35+B36+B37+B44+B45+B46+B47+B54+B55+B56+B57+B63+B64+B65+B66+B73+B74+B75+B76 -> 1215463.2 | C89: =C24+C25+C26+C27+C34+C35+C36+C37+C44+C45+C46+C47+C54+C55+C56+C57+C63+C64+C65+C66+C73+C74+C75+C76 -> 1195438.1 | D89: =D24+D25+D26+D27+D34+D35+D36+D37+D44+D45+D46+D47+D54+D55+D56+D57+D63+D64+D65+D66+D73+D74+D75+D76 -> 1506419.5 | E89: =E24+E25+E26+E27+E34+E35+E36+E37+E44+E45+E46+E47+E54+E55+E56+E57+E63+E64+E65+E66+E73+E74+E75+E76 -> 1245267.5 | F89: =F24+F25+F26+F27+F34+F35+F36+F37+F44+F45+F46+F47+F54+F55+F56+F57+F63+F64+F65+F66+F73+F74+F75+F76 -> 1167318 | G89: =G24+G25+G26+G27+G34+G35+G36+G37+G44+G45+G46+G47+G54+G55+G56+G57+G63+G64+G65+G66+G73+G74+G75+G76 -> 1474122.5 | H89: =H24+H25+H26+H27+H34+H35+H36+H37+H44+H45+H46+H47+H54+H55+H56+H57+H63+H64+H65+H66+H73+H74+H75+H76 -> 1217593.8 | I89: =I24+I25+I26+I27+I34+I35+I36+I37+I44+I45+I46+I47+I54+I55+I56+I57+I63+I64+I65+I66+I73+I74+I75+I76 -> 1260277 | ... M89: =M24+M25+M26+M27+M34+M35+M36+M37+M44+M45+M46+M47+M54+M55+M56+M57+M63+M64+M65+M66+M73+M74+M75+M76 -> 1812956.3
A91: Learig | B91: =B26+B36+B46+B56 -> 131969.4 | C91: =C26+C36+C46+C56 -> 120063.6 | D91: =D26+D36+D46+D56 -> 171419.5 | E91: =E26+E36+E46+E56 -> 135752.9 | F91: =F26+F36+F46+F56 -> 121132.6 | G91: =G26+G36+G46+G56 -> 146322.4 | H91: =H26+H36+H46+H56 -> 122376.4 | I91: =I26+I36+I46+I56 -> 129449.2 | ... M91: =M26+M36+M46+M56 -> 192963
A92: Extension | B92: =B25+B35+B45+B55 -> 54091.1 | C92: =C25+C35+C45+C55 -> 54298.9 | D92: =D25+D35+D45+D55 -> 59378.7 | E92: =E25+E35+E45+E55 -> 46872 | F92: =F25+F35+F45+F55 -> 36924.5 | G92: =G25+G35+G45+G55 -> 65627.6 | H92: =H25+H35+H45+H55 -> 59159.8 | I92: =I25+I35+I45+I55 -> 59700 | ... M92: =M25+M35+M45+M55 -> 81089.9
A95: budget - sows and growers | B95: =B24+B25+B26+B27+B34+B35+B36+B37+B44+B45+B46+B47+B54+B55+B56+B57 -> 1042740.3 | C95: =C24+C25+C26+C27+C34+C35+C36+C37+C44+C45+C46+C47+C54+C55+C56+C57 -> 974361.7 | D95: =D24+D25+D26+D27+D34+D35+D36+D37+D44+D45+D46+D47+D54+D55+D56+D57 -> 1233570.5 | E95: =E24+E25+E26+E27+E34+E35+E36+E37+E44+E45+E46+E47+E54+E55+E56+E57 -> 1012860.5 | F95: =F24+F25+F26+F27+F34+F35+F36+F37+F44+F45+F46+F47+F54+F55+F56+F57 -> 948577.8 | G95: =G24+G25+G26+G27+G34+G35+G36+G37+G44+G45+G46+G47+G54+G55+G56+G57 -> 1213189.8 | H95: =H24+H25+H26+H27+H34+H35+H36+H37+H44+H45+H46+H47+H54+H55+H56+H57 -> 985698.9 | I95: =I24+I25+I26+I27+I34+I35+I36+I37+I44+I45+I46+I47+I54+I55+I56+I57 -> 1036416.9 | ... M95: =M24+M25+M26+M27+M34+M35+M36+M37+M44+M45+M46+M47+M54+M55+M56+M57 -> 1397807.6
L101: =+L89-[17]Summary.!$E$28 -> 0

Sheet Combined kgs sold per sow p 
T2: Excludes sow and gilt sales
T3: excludes farm ration
T4: Only growers sent to Colcom
B20: 44743 | C20: 44774 | D20: 44805 | E20: 44835 | F20: 44866 | G20: 44896 | H20: 44927 | I20: 44958 | J20: 44986 | K20: 45017 | L20: 45047 | M20: 45078 | O20: 45162 | P20: 45193 | Q20: 45223 | R20: 45254 | S20: 45284 | T20: 45315 | U20: 45346 | V20: 45375 | W20: 45406 | X20: 45436 | Y20: 45467 | Z20: 45497 | AA20: 45528 | AB20: 45559 | AC20: 45589 | AD20: 45620 | AE20: 45650 | AF20: 45681 | AG20: 45712 | AH20: 45740 | AI20: 45771 | AJ20: 45801 | AK20: 45832 | AM20: 45862 | AN20: 45893 | AO20: 45924 | AP20: 45954 | AQ20: 45985 | AR20: 46015 | AS20: 46046 | AT20: 46077 | AU20: 46105 | AV20: 46136 | AW20: 46166 | AX20: 46197
B21: 4570 | C21: 4640 | D21: 4584 | E21: 4718 | F21: 4769 | G21: 4619 | H21: 4717 | I21: 4640 | J21: 4625 | K21: 4626 | L21: 4559 | M21: 4560 | N21: # of sows | O21: 4510 | P21: 4556 | Q21: 4620 | R21: 4640 | S21: 4625 | T21: 4583 | U21: 4578 | V21: 4550 | W21: 4572 | X21: =SUM('[1]Grasmere Kgs sold per sow p (2)'!W19,'[1]Richlands kgs sold per sow (2)'!X20,'[1]LH Kgs sold per sow per year'!X18,'[1]Villa Kgs sold per sow per year'!X19) -> 4561.7 | Y21: =SUM('[1]Grasmere Kgs sold per sow p (2)'!X19,'[1]Richlands kgs sold per sow (2)'!Y20,'[1]LH Kgs sold per sow per year'!Y18,'[1]Villa Kgs sold per sow per year'!Y19) -> 4562 | Z21: =SUM('[1]Grasmere Kgs sold per sow p (2)'!Y19,'[1]Richlands kgs sold per sow (2)'!Z20,'[1]LH Kgs sold per sow per year'!Z18,'[1]Villa Kgs sold per sow per year'!Z19) -> 4608.3 | AA21: 4612 | AB21: 4637 | AC21: 4705 | AD21: 4686 | AE21: 4635 | AF21: 4563 | AG21: 4540 | AH21: 4530 | AI21: 4532 | AJ21: 4533 | AK21: 4520 | AL21: # of sows | AM21: 5520 | AN21: 5518 | AO21: 5576 | AP21: 5627 | AQ21: 5627 | AR21: 5610 | AS21: 5637 | AT21: 5638 | AU21: 6098 | AV21: 6099 | AW21: 6043 | AX21: 6068
B22: 1027904.7 | C22: 826510.6 | D22: 1070293.9 | E22: 871485 | F22: 841969.2 | G22: 1044011.9 | H22: 760028.5 | I22: 907090.8 | J22: 1114601 | K22: 904151.5 | L22: 892547.7 | M22: 1123005 | N22: Total CDM | O22: =SUM('[1]Combined total CDM to Colco (2)'!B25+'[1]Combined total CDM to Colco (2)'!B26+'[1]Combined total CDM to Colco (2)'!B27+'[1]Combined total CDM to Colco (2)'!B35+'[1]Combined total CDM to Colco (2)'!B36+'[1]Combined total CDM to Colco (2)'!B37+'[1]Combined total CDM to Colco (2)'!B45+'[1]Combined total CDM to Colco (2)'!B46+'[1]Combined total CDM to Colco (2)'!B47+'[1]Combined total CDM to Colco (2)'!B55+'[1]Combined total CDM to Colco (2)'!B56+'[1]Combined total CDM to Colco (2)'!B57) -> 864781.3 | P22: =SUM('[1]Combined total CDM to Colco (2)'!C25+'[1]Combined total CDM to Colco (2)'!C26+'[1]Combined total CDM to Colco (2)'!C27+'[1]Combined total CDM to Colco (2)'!C35+'[1]Combined total CDM to Colco (2)'!C36+'[1]Combined total CDM to Colco (2)'!C37+'[1]Combined total CDM to Colco (2)'!C45+'[1]Combined total CDM to Colco (2)'!C46+'[1]Combined total CDM to Colco (2)'!C47+'[1]Combined total CDM to Colco (2)'!C55+'[1]Combined total CDM to Colco (2)'!C56+'[1]Combined total CDM to Colco (2)'!C57) -> 885303.5 | Q22: ='[2]Combined total CDM to Colco (7)'!B25 -> 882440.2 | R22: ='[2]Combined total CDM to Colco (7)'!C25 -> 900931.2 | S22: ='[2]Combined total CDM to Colco (7)'!D25 -> 1151251.4 | T22: ='[2]Combined total CDM to Colco (7)'!E25 -> 855802.6 | U22: ='[2]Combined total CDM to Colco (7)'!F25 -> 822535.4 | V22: ='[2]Combined total CDM to Colco (7)'!G25 -> 1072706.4 | W22: ='[2]Combined total CDM to Colco (7)'!H25 -> 870671.8 | X22: ='[2]Combined total CDM to Colco (7)'!I25 -> 903322.41 | Y22: ='[2]Combined total CDM to Colco (7)'!J25 -> 1079465.7 | Z22: ='[2]Combined total CDM to Colco (7)'!B29+'[2]Combined total CDM to Colco (7)'!B30+'[2]Combined total CDM to Colco (7)'!B31+'[2]Combined total CDM to Colco (7)'!B39+'[2]Combined total CDM to Colco (7)'!B40+'[2]Combined total CDM to Colco (7)'!B41+'[2]Combined total CDM to Colco (7)'!B49+'[2]Combined total CDM to Colco (7)'!B50+'[2]Combined total CDM to Colco (7)'!B51+'[2]Combined total CDM to Colco (7)'!B59+'[2]Combined total CDM to Colco (7)'!B60+'[2]Combined total CDM to Colco (7)'!B61 -> 913112.9 | AA22: ='[2]Combined total CDM to Colco (7)'!C29+'[2]Combined total CDM to Colco (7)'!C30+'[2]Combined total CDM to Colco (7)'!C31+'[2]Combined total CDM to Colco (7)'!C39+'[2]Combined total CDM to Colco (7)'!C40+'[2]Combined total CDM to Colco (7)'!C41+'[2]Combined total CDM to Colco (7)'!C49+'[2]Combined total CDM to Colco (7)'!C50+'[2]Combined total CDM to Colco (7)'!C51+'[2]Combined total CDM to Colco (7)'!C59+'[2]Combined total CDM to Colco (7)'!C60+'[2]Combined total CDM to Colco (7)'!C61 -> 869073.4 | AB22: ='[2]Combined total CDM to Colco (7)'!D29+'[2]Combined total CDM to Colco (7)'!D30+'[2]Combined total CDM to Colco (7)'!D31+'[2]Combined total CDM to Colco (7)'!D39+'[2]Combined total CDM to Colco (7)'!D40+'[2]Combined total CDM to Colco (7)'!D41+'[2]Combined total CDM to Colco (7)'!D49+'[2]Combined total CDM to Colco (7)'!D50+'[2]Combined total CDM to Colco (7)'!D51+'[2]Combined total CDM to Colco (7)'!D59+'[2]Combined total CDM to Colco (7)'!D60+'[2]Combined total CDM to Colco (7)'!D61 -> 1251448.7 | AC22: ='[2]Combined total CDM to Colco (7)'!E29+'[2]Combined total CDM to Colco (7)'!E30+'[2]Combined total CDM to Colco (7)'!E31+'[2]Combined total CDM to Colco (7)'!E39+'[2]Combined total CDM to Colco (7)'!E40+'[2]Combined total CDM to Colco (7)'!E41+'[2]Combined total CDM to Colco (7)'!E49+'[2]Combined total CDM to Colco (7)'!E50+'[2]Combined total CDM to Colco (7)'!E51+'[2]Combined total CDM to Colco (7)'!E59+'[2]Combined total CDM to Colco (7)'!E60+'[2]Combined total CDM to Colco (7)'!E61 -> 994240.72 | AD22: ='[2]Combined total CDM to Colco (7)'!F29+'[2]Combined total CDM to Colco (7)'!F30+'[2]Combined total CDM to Colco (7)'!F31+'[2]Combined total CDM to Colco (7)'!F39+'[2]Combined total CDM to Colco (7)'!F40+'[2]Combined total CDM to Colco (7)'!F41+'[2]Combined total CDM to Colco (7)'!F49+'[2]Combined total CDM to Colco (7)'!F50+'[2]Combined total CDM to Colco (7)'!F51+'[2]Combined total CDM to Colco (7)'!F59+'[2]Combined total CDM to Colco (7)'!F60+'[2]Combined total CDM to Colco (7)'!F61 -> 976117.4 | AE22: ='[2]Combined total CDM to Colco (7)'!G29+'[2]Combined total CDM to Colco (7)'!G30+'[2]Combined total CDM to Colco (7)'!G31+'[2]Combined total CDM to Colco (7)'!G39+'[2]Combined total CDM to Colco (7)'!G40+'[2]Combined total CDM to Colco (7)'!G41+'[2]Combined total CDM to Colco (7)'!G49+'[2]Combined total CDM to Colco (7)'!G50+'[2]Combined total CDM to Colco (7)'!G51+'[2]Combined total CDM to Colco (7)'!G59+'[2]Combined total CDM to Colco (7)'!G60+'[2]Combined total CDM to Colco (7)'!G61 -> 1102554.4 | AF22: ='[2]Combined total CDM to Colco (7)'!H29+'[2]Combined total CDM to Colco (7)'!H30+'[2]Combined total CDM to Colco (7)'!H31+'[2]Combined total CDM to Colco (7)'!H39+'[2]Combined total CDM to Colco (7)'!H40+'[2]Combined total CDM to Colco (7)'!H41+'[2]Combined total CDM to Colco (7)'!H49+'[2]Combined total CDM to Colco (7)'!H50+'[2]Combined total CDM to Colco (7)'!H51+'[2]Combined total CDM to Colco (7)'!H59+'[2]Combined total CDM to Colco (7)'!H60+'[2]Combined total CDM to Colco (7)'!H61 -> 1021195 | AG22: ='[2]Combined total CDM to Colco (7)'!I29+'[2]Combined total CDM to Colco (7)'!I30+'[2]Combined total CDM to Colco (7)'!I31+'[2]Combined total CDM to Colco (7)'!I39+'[2]Combined total CDM to Colco (7)'!I40+'[2]Combined total CDM to Colco (7)'!I41+'[2]Combined total CDM to Colco (7)'!I49+'[2]Combined total CDM to Colco (7)'!I50+'[2]Combined total CDM to Colco (7)'!I51+'[2]Combined total CDM to Colco (7)'!I59+'[2]Combined total CDM to Colco (7)'!I60+'[2]Combined total CDM to Colco (7)'!I61 -> 987282.3 | ... AK22: ='[2]Combined total CDM to Colco (7)'!M29+'[2]Combined total CDM to Colco (7)'!M30+'[2]Combined total CDM to Colco (7)'!M31+'[2]Combined total CDM to Colco (7)'!M39+'[2]Combined total CDM to Colco (7)'!M40+'[2]Combined total CDM to Colco (7)'!M41+'[2]Combined total CDM to Colco (7)'!M49+'[2]Combined total CDM to Colco (7)'!M50+'[2]Combined total CDM to Colco (7)'!M51+'[2]Combined total CDM to Colco (7)'!M59+'[2]Combined total CDM to Colco (7)'!M60+'[2]Combined total CDM to Colco (7)'!M61 -> 1238051.7 | AL22: Total CDM | AM22: ='Combined total CDM to Colco (7)'!B18 -> 1215463.2 | AN22: ='Combined total CDM to Colco (7)'!C18 -> 1195438.1 | AO22: ='Combined total CDM to Colco (7)'!D18 -> 1506419.5 | AP22: ='Combined total CDM to Colco (7)'!E18 -> 1245267.5 | AQ22: ='Combined total CDM to Colco (7)'!F18 -> 1167318 | AR22: ='Combined total CDM to Colco (7)'!G18 -> 1474122.5 | AS22: ='Combined total CDM to Colco (7)'!H18 -> 1217593.8 | AT22: ='Combined total CDM to Colco (7)'!I24+'Combined total CDM to Colco (7)'!I25+'Combined total CDM to Colco (7)'!I26+'Combined total CDM to Colco (7)'!I28+'Combined total CDM to Colco (7)'!I34+'Combined total CDM to Colco (7)'!I35+'Combined total CDM to Colco (7)'!I36+'Combined total CDM to Colco (7)'!I38+'Combined total CDM to Colco (7)'!I44+'Combined total CDM to Colco (7)'!I45+'Combined total CDM to Colco (7)'!I46+'Combined total CDM to Colco (7)'!I48+'Combined total CDM to Colco (7)'!I54+'Combined total CDM to Colco (7)'!I55+'Combined total CDM to Colco (7)'!I56+'Combined total CDM to Colco (7)'!I58+'Combined total CDM to Colco (7)'!I63+'Combined total CDM to Colco (7)'!I64+'Combined total CDM to Colco (7)'!I65+'Combined total CDM to Colco (7)'!I67+'Combined total CDM to Colco (7)'!I73+'Combined total CDM to Colco (7)'!I74+'Combined total CDM to Colco (7)'!I75+'Combined total CDM to Colco (7)'!I77 -> 1245092.8 | AU22: ='Combined total CDM to Colco (7)'!J24+'Combined total CDM to Colco (7)'!J25+'Combined total CDM to Colco (7)'!J26+'Combined total CDM to Colco (7)'!J28+'Combined total CDM to Colco (7)'!J34+'Combined total CDM to Colco (7)'!J35+'Combined total CDM to Colco (7)'!J36+'Combined total CDM to Colco (7)'!J38+'Combined total CDM to Colco (7)'!J44+'Combined total CDM to Colco (7)'!J45+'Combined total CDM to Colco (7)'!J46+'Combined total CDM to Colco (7)'!J48+'Combined total CDM to Colco (7)'!J54+'Combined total CDM to Colco (7)'!J55+'Combined total CDM to Colco (7)'!J56+'Combined total CDM to Colco (7)'!J58+'Combined total CDM to Colco (7)'!J63+'Combined total CDM to Colco (7)'!J64+'Combined total CDM to Colco (7)'!J65+'Combined total CDM to Colco (7)'!J67+'Combined total CDM to Colco (7)'!J73+'Combined total CDM to Colco (7)'!J74+'Combined total CDM to Colco (7)'!J75+'Combined total CDM to Colco (7)'!J77 -> 1595395.5 | AV22: ='Combined total CDM to Colco (7)'!K24+'Combined total CDM to Colco (7)'!K25+'Combined total CDM to Colco (7)'!K26+'Combined total CDM to Colco (7)'!K28+'Combined total CDM to Colco (7)'!K34+'Combined total CDM to Colco (7)'!K35+'Combined total CDM to Colco (7)'!K36+'Combined total CDM to Colco (7)'!K38+'Combined total CDM to Colco (7)'!K44+'Combined total CDM to Colco (7)'!K45+'Combined total CDM to Colco (7)'!K46+'Combined total CDM to Colco (7)'!K48+'Combined total CDM to Colco (7)'!K54+'Combined total CDM to Colco (7)'!K55+'Combined total CDM to Colco (7)'!K56+'Combined total CDM to Colco (7)'!K58+'Combined total CDM to Colco (7)'!K63+'Combined total CDM to Colco (7)'!K64+'Combined total CDM to Colco (7)'!K65+'Combined total CDM to Colco (7)'!K67+'Combined total CDM to Colco (7)'!K73+'Combined total CDM to Colco (7)'!K74+'Combined total CDM to Colco (7)'!K75+'Combined total CDM to Colco (7)'!K77 -> 1356868.4 | AW22: ='Combined total CDM to Colco (7)'!L24+'Combined total CDM to Colco (7)'!L25+'Combined total CDM to Colco (7)'!L26+'Combined total CDM to Colco (7)'!L28+'Combined total CDM to Colco (7)'!L34+'Combined total CDM to Colco (7)'!L35+'Combined total CDM to Colco (7)'!L36+'Combined total CDM to Colco (7)'!L38+'Combined total CDM to Colco (7)'!L44+'Combined total CDM to Colco (7)'!L45+'Combined total CDM to Colco (7)'!L46+'Combined total CDM to Colco (7)'!L48+'Combined total CDM to Colco (7)'!L54+'Combined total CDM to Colco (7)'!L55+'Combined total CDM to Colco (7)'!L56+'Combined total CDM to Colco (7)'!L58+'Combined total CDM to Colco (7)'!L63+'Combined total CDM to Colco (7)'!L64+'Combined total CDM to Colco (7)'!L65+'Combined total CDM to Colco (7)'!L67+'Combined total CDM to Colco (7)'!L73+'Combined total CDM to Colco (7)'!L74+'Combined total CDM to Colco (7)'!L75+'Combined total CDM to Colco (7)'!L77 -> 1356365.4 | AX22: ='Combined total CDM to Colco (7)'!M24+'Combined total CDM to Colco (7)'!M25+'Combined total CDM to Colco (7)'!M26+'Combined total CDM to Colco (7)'!M28+'Combined total CDM to Colco (7)'!M34+'Combined total CDM to Colco (7)'!M35+'Combined total CDM to Colco (7)'!M36+'Combined total CDM to Colco (7)'!M38+'Combined total CDM to Colco (7)'!M44+'Combined total CDM to Colco (7)'!M45+'Combined total CDM to Colco (7)'!M46+'Combined total CDM to Colco (7)'!M48+'Combined total CDM to Colco (7)'!M54+'Combined total CDM to Colco (7)'!M55+'Combined total CDM to Colco (7)'!M56+'Combined total CDM to Colco (7)'!M58+'Combined total CDM to Colco (7)'!M63+'Combined total CDM to Colco (7)'!M64+'Combined total CDM to Colco (7)'!M65+'Combined total CDM to Colco (7)'!M67+'Combined total CDM to Colco (7)'!M73+'Combined total CDM to Colco (7)'!M74+'Combined total CDM to Colco (7)'!M75+'Combined total CDM to Colco (7)'!M77 -> 1791986.5
B23: 4602.5 | C23: 4603.25 | D23: 4593 | E23: 4595.6667 | F23: 4602.1667 | G23: 4599.8333 | H23: 4610.75 | I23: 4617.9167 | J23: 4624.4167 | K23: 4632.25 | L23: 4634.0833 | M23: 4635.5833 | N23: 12 month avg # of sows | O23: =AVERAGE(C21:O21) -> 4630.5833 | P23: =AVERAGE(D21:P21) -> 4623.5833 | Q23: =AVERAGE(E21:Q21) -> 4626.5833 | R23: =AVERAGE(F21:R21) -> 4620.0833 | S23: =AVERAGE(G21:S21) -> 4608.0833 | T23: =AVERAGE(H21:T21) -> 4605.0833 | U23: =AVERAGE(I21:U21) -> 4593.5 | V23: =AVERAGE(J21:V21) -> 4586 | ... Y23: =AVERAGE(M21:Y21) -> 4576.475 | Z23: =AVERAGE(O21:Z21) -> 4580.5 | AA23: =AVERAGE(P21:AA21) -> 4589 | AB23: =AVERAGE(Q21:AB21) -> 4595.75 | AC23: =AVERAGE(R21:AC21) -> 4602.8333 | AD23: =AVERAGE(S21:AD21) -> 4606.6667 | AE23: =AVERAGE(T21:AE21) -> 4607.5 | AF23: =AVERAGE(U21:AF21) -> 4605.8333 | AG23: =AVERAGE(V21:AG21) -> 4602.6667 | ... AK23: =AVERAGE(Z21:AK21) -> 4591.775 | AL23: 12 month avg # of sows | AM23: =AVERAGE(AA21:AM21) -> 4667.75 | AN23: =AVERAGE(AB21:AN21) -> 4743.25 | AO23: =AVERAGE(AC21:AO21) -> 4821.5 | AP23: =AVERAGE(AD21:AP21) -> 4898.3333 | AQ23: =AVERAGE(AE21:AQ21) -> 4976.75 | AR23: =AVERAGE(AF21:AR21) -> 5058 | AS23: =AVERAGE(AG21:AS21) -> 5147.5 | AT23: =AVERAGE(AH21:AT21) -> 5239 | ... AW23: =AVERAGE(AK21:AW21) -> 5626.0833 | AX23: =AVERAGE(AM21:AX21) -> 5755.0833
B24: 10594380 | C24: 10661535 | D24: 10731963 | E24: 10884159 | F24: 10984995 | G24: 11045369 | H24: 10959064 | I24: 11049184 | J24: 11151528 | K24: 11294460 | L24: 11345922 | M24: 11383600 | N24: 12 month total CDM | O24: =SUM(C22:O22) -> 11220476 | P24: =SUM(D22:P22) -> 11279269 | Q24: =SUM(E22:Q22) -> 11091416 | R24: =SUM(F22:R22) -> 11120862 | S24: =SUM(G22:S22) -> 11430144 | T24: =SUM(H22:T22) -> 11241935 | U24: =SUM(I22:U22) -> 11304442 | V24: =SUM(J22:V22) -> 11470057 | ... Y24: =SUM(M22:Y22) -> 11412217 | Z24: =SUM(O22:Z22) -> 11202325 | AA24: =SUM(P22:AA22) -> 11206617 | AB24: =SUM(Q22:AB22) -> 11572762 | AC24: =SUM(R22:AC22) -> 11684563 | AD24: =SUM(S22:AD22) -> 11759749 | AE24: =SUM(T22:AE22) -> 11711052 | AF24: =SUM(U22:AF22) -> 11876444 | AG24: =SUM(V22:AG22) -> 12041191 | ... AK24: =SUM(Z22:AK22) -> 12570126 | AL24: 12 month total CDM | AM24: =SUM(AA22:AM22) -> 12872476 | AN24: =SUM(AB22:AN22) -> 13198841 | AO24: =SUM(AC22:AO22) -> 13453812 | AP24: =SUM(AD22:AP22) -> 13704838 | AQ24: =SUM(AE22:AQ22) -> 13896039 | AR24: =SUM(AF22:AR22) -> 14267607 | AS24: =SUM(AG22:AS22) -> 14464006 | AT24: =SUM(AH22:AT22) -> 14721816 | ... AW24: =SUM(AK22:AW22) -> 15813396 | AX24: =SUM(AM22:AX22) -> 16367331
B26: 44743 | C26: 44774 | D26: 44805 | E26: 44835 | F26: 44866 | G26: 44896 | H26: 44927 | I26: 44958 | J26: 44986 | K26: 45017 | L26: 45047 | M26: 45078 | O26: 45162 | P26: 45193 | Q26: 45223 | R26: 45254 | S26: 45284 | T26: 45315 | U26: 45346 | V26: 45375 | W26: 45406 | X26: 45436 | Y26: 45467 | Z26: 45497 | AA26: 45528 | AB26: 45559 | AC26: 45589 | AD26: 45620 | AE26: 45650 | AF26: 45681 | AG26: 45712 | AH26: 45740 | AI26: 45771 | AJ26: 45801 | AK26: 45832 | AM26: 45862 | AN26: 45893 | AO26: 45924 | AP26: 45954 | AQ26: 45985 | AR26: 46015 | AS26: 46046 | AT26: 46077 | AU26: 46105 | AV26: 46136 | AW26: 46166 | AX26: 46197
A27: kgs sold/sow/year | B27: =B24/B23 -> 2301.875 | C27: =C24/C23 -> 2316.0885 | D27: =D24/D23 -> 2336.5912 | E27: =E24/E23 -> 2368.3527 | F27: =F24/F23 -> 2386.9181 | G27: =G24/G23 -> 2401.2542 | H27: =H24/H23 -> 2376.8505 | I27: =I24/I23 -> 2392.6771 | ... M27: =M24/M23 -> 2455.6995 | N27: kgs sold/sow/year | O27: 2423.1237 | P27: 2439.5082 | Q27: 2452.3876 | R27: 2447.6098 | S27: 2444.1531 | T27: 2445.7288 | U27: 2472.2559 | V27: 2470.2187 | W27: 2460.1188 | X27: 2460.0577 | Y27: 2458.3362 | Z27: 2454.2432 | AA27: 2464.5313 | AB27: =AB24/AB23 -> 2518.1444 | AC27: =AC24/AC23 -> 2538.5587 | AD27: =AD24/AD23 -> 2552.7675 | AE27: =AE24/AE23 -> 2541.7367 | AF27: =AF24/AF23 -> 2578.5658 | AG27: =AG24/AG23 -> 2616.1337 | AH27: =AH24/AH23 -> 2653.8412 | AI27: =AI24/AI23 -> 2674.0081 | ... AK27: =AK24/AK23 -> 2737.5309 | AL27: kgs sold/sow/year | AM27: =AM24/AM23 -> 2757.7475 | AN27: =AN24/AN23 -> 2782.6576 | AO27: =AO24/AO23 -> 2790.3788 | AP27: =AP24/AP23 -> 2797.8574 | AQ27: =AQ24/AQ23 -> 2792.1915 | AR27: =AR24/AR23 -> 2820.8001 | AS27: =AS24/AS23 -> 2809.9088 | AT27: =AT24/AT23 -> 2810.0432 | ... AX27: =AX24/AX23 -> 2843.9781
A28: TARGET | B28: 2400 | C28: 2400 | D28: 2400 | E28: 2400 | F28: 2500 | G28: 2500 | H28: 2500 | I28: 2500 | J28: 2500 | K28: 2500 | L28: 2500 | M28: 2500 | N28: TARGET | O28: 2500 | P28: 2500 | Q28: 2500 | R28: 2500 | S28: 2500 | T28: 2500 | U28: 2600 | V28: 2600 | W28: 2600 | X28: 2600 | Y28: 2600 | Z28: 2600 | AA28: 2600 | AB28: 2600 | AC28: 2600 | AD28: 2600 | AE28: 2600 | AF28: 2600 | AG28: 2982 | AH28: 2982 | AI28: 2982 | AJ28: 2982 | AK28: 2982 | AL28: TARGET | AM28: 3000 | AN28: 3000 | AO28: 3000 | AP28: 3000 | AQ28: 3000 | AR28: 3000 | AS28: 3000 | AT28: 3000 | AU28: 3000 | AV28: 3000 | AW28: 3000 | AX28: 3000
B31: 44743 | C31: 44774 | D31: 44805 | E31: 44835 | F31: 44866 | G31: 44896 | H31: 44927 | I31: 44958 | J31: 44986 | K31: 45017 | L31: 45047 | M31: 45078 | N31: 45108 | O31: 45139 | P31: 45170 | Q31: 45200 | R31: 45231 | S31: 45261 | T31: 45292 | U31: 45323 | V31: 45352 | W31: 45383 | X31: 45413 | Y31: 45444 | Z31: 45292 | AA31: 45323 | AB31: 45352 | AC31: 45383 | AD31: 45413 | AE31: 45444
A32: kgs sold/sow/year | B32: 2301.875 | C32: 2316.0885 | D32: 2336.5912 | E32: 2368.3527 | F32: 2386.9181 | G32: 2401.2542 | H32: 2376.8505 | I32: 2392.6771 | J32: 2411.4453 | K32: 2438.2234 | L32: 2448.3638 | M32: 2455.6995 | N32: 2423.1237 | O32: 2439.5082 | P32: 2452.3876 | Q32: 2447.6098 | R32: 2444.1531 | S32: 2445.7288 | T32: 2472.2559 | U32: 2470.2187 | V32: 2460.1188 | W32: 2460.0577 | X32: 2458.3362 | Y32: 2454.2432 | Z32: 2464.5313
A33: TARGET | B33: 2400 | C33: 2400 | D33: 2400 | E33: 2400 | F33: 2500 | G33: 2500 | H33: 2500 | I33: 2500 | J33: 2500 | K33: 2500 | L33: 2500 | M33: 2500 | N33: 2500 | O33: 2500 | P33: 2500 | Q33: 2500 | R33: 2500 | S33: 2500 | T33: 2600 | U33: 2600 | V33: 2600 | W33: 2600 | X33: 2600 | Y33: 2600 | Z33: 2600 | AA33: 2600 | AB33: 2600 | AC33: 2600 | AD33: 2600 | AE33: 2600

Sheet Combined farrow rate  (5)
R1: SOW NUMBERS
A2: COMBINED | R2: 45839 | S2: 45870 | T2: 45901 | U2: 45931 | V2: 45962 | W2: 45992 | X2: 46023 | Y2: 46054 | Z2: 46082 | AA2: 46113 | AB2: 46143 | AC2: 46174
Q3: Grasmere | R3: 2096 | S3: 2096 | T3: 2096 | U3: 2096 | V3: 2096 | W3: 2096 | X3: 2096 | Y3: 2096 | Z3: 2096 | AA3: 2096 | AB3: 2096 | AC3: 2096
Q4: Richlands | R4: 989 | S4: 989 | T4: 989 | U4: 989 | V4: 989 | W4: 989 | X4: 989 | Y4: 989 | Z4: 989 | AA4: 989 | AB4: 989 | AC4: 989
Q5: Lions Head | R5: 1021 | S5: 1021 | T5: 1021 | U5: 1021 | V5: 1021 | W5: 1021 | X5: 1021 | Y5: 1021 | Z5: 1021 | AA5: 1021 | AB5: 1021 | AC5: 1021
Q6: Villa | R6: 410 | S6: 410 | T6: 410 | U6: 410 | V6: 410 | W6: 410 | X6: 410 | Y6: 410 | Z6: 410 | AA6: 410 | AB6: 410 | AC6: 410
Q7: porta | R7: 1004 | S7: 1004 | T7: 1004 | U7: 1004 | V7: 1004 | W7: 1004 | X7: 1004 | Y7: 1004 | Z7: 1004 | AA7: 1004 | AB7: 1004 | AC7: 1004
Q8: multiplier | W8: 460 | X8: 460 | Y8: 460 | Z8: 460 | AA8: 460 | AB8: 460 | AC8: 460
R9: =SUM(R3:R8) -> 5520 | S9: =SUM(S3:S8) -> 5520 | T9: =SUM(T3:T8) -> 5520 | U9: =SUM(U3:U8) -> 5520 | V9: =SUM(V3:V8) -> 5520 | W9: =SUM(W3:W8) -> 5980 | X9: =SUM(X3:X8) -> 5980 | Y9: =SUM(Y3:Y8) -> 5980 | ... AC9: =SUM(AC3:AC8) -> 5980
R12: 45839 | S12: 45870 | T12: 45901 | U12: 45931 | V12: 45962 | W12: 45992 | X12: 46023 | Y12: 46054 | Z12: 46082 | AA12: 46113 | AB12: 46143 | AC12: 46174 | AD12: AVERAGE YTD
Q13: Grasmere | R13: 91 | S13: 91 | T13: 91 | U13: 94 | V13: 95 | W13: 95 | X13: 95 | Y13: 93 | Z13: 91 | AA13: 94 | AB13: 94 | AC13: 95 | AD13: =AVERAGE(R13:AC13) -> 93.25
Q14: Richlands | R14: 91 | S14: 94 | T14: 94 | U14: 95 | V14: 94 | W14: 94 | X14: 95 | Y14: 93 | Z14: 92 | AA14: 93 | AB14: 93 | AC14: 93 | AD14: =AVERAGE(R14:AC14) -> 93.416667
Q15: Lions Head | R15: 88 | S15: 88 | T15: 92 | U15: 94 | V15: 96 | W15: 91 | X15: 94 | Y15: 94 | Z15: 92 | AA15: 93 | AB15: 90 | AC15: 91 | AD15: =AVERAGE(R15:AC15) -> 91.916667
Q16: Villa | R16: 94 | S16: 94 | T16: 89 | U16: 100 | V16: 92 | W16: 96 | X16: 98 | Y16: 93 | Z16: 94 | AA16: 97 | AB16: 95 | AC16: 95 | AD16: =AVERAGE(R16:AC16) -> 94.75
Q17: Porta | R17: 89 | S17: 92 | T17: 95 | U17: 95 | V17: 96 | W17: 94 | X17: 93 | Y17: 93 | Z17: 94 | AA17: 93 | AB17: 95 | AC17: 96 | AD17: =AVERAGE(R17:AC17) -> 93.75
B18: 45863 | C18: 45894 | D18: 45925 | E18: 45955 | F18: 45986 | G18: 46016 | H18: 46047 | I18: 46078 | J18: 46106 | K18: 46137 | L18: 46167 | M18: 46198 | Q18: multiplier | W18: 97.2 | X18: 94.9 | Y18: 93.8 | Z18: 93 | AA18: 93 | AB18: 93 | AC18: 88.2 | AD18: =AVERAGE(R18:AC18) -> 93.3
A19: FY26 | B19: =+R19 -> 90.304167 | C19: =+S19 -> 91.387319 | D19: =+T19 -> 92.301449 | E19: =+U19 -> 94.806703 | F19: =+V19 -> 94.964855 | G19: =+W19 -> 94.221572 | H19: =+X19 -> 94.691472 | I19: =+Y19 -> 93.232274 | ... M19: =+AC19 -> 93.631104 | N19: =AVERAGE(B19:M19) -> 93.223017 | Q19: AVERAGE | R19: =(R13*R3+R14*R4+R15*R5+R16*R6+R17*R7+R18*R8)/R9 -> 90.304167 | S19: =(S13*S3+S14*S4+S15*S5+S16*S6+S17*S7+S18*S8)/S9 -> 91.387319 | T19: =(T13*T3+T14*T4+T15*T5+T16*T6+T17*T7+T18*T8)/T9 -> 92.301449 | U19: =(U13*U3+U14*U4+U15*U5+U16*U6+U17*U7+U18*U8)/U9 -> 94.806703 | V19: =(V13*V3+V14*V4+V15*V5+V16*V6+V17*V7+V18*V8)/V9 -> 94.964855 | W19: =(W13*W3+W14*W4+W15*W5+W16*W6+W17*W7+W18*W8)/W9 -> 94.221572 | X19: =(X13*X3+X14*X4+X15*X5+X16*X6+X17*X7+X18*X8)/X9 -> 94.691472 | Y19: =(Y13*Y3+Y14*Y4+Y15*Y5+Y16*Y6+Y17*Y7+Y18*Y8)/Y9 -> 93.232274 | ... AC19: =(AC13*AC3+AC14*AC4+AC15*AC5+AC16*AC6+AC17*AC7+AC18*AC8)/AC9 -> 93.631104 | AD19: =AVERAGE(R19:AC19) -> 93.223017
A20: prior year | B20: 88.934122 | C20: 89.322946 | D20: 93.119104 | E20: 93.421679 | F20: 94.1746 | G20: 93.158805 | H20: 89.252935 | I20: 90.178112 | J20: 90.176533 | K20: 90.875338 | L20: 92.844489 | M20: 91.297104 | N20: =AVERAGE(B20:M20) -> 91.396314 | O20: =N19-N20 -> 1.8267028 | P20: Ahead of prior year
A21: Target | B21: 92.4 | C21: 92.4 | D21: 92.4 | E21: 92.4 | F21: 92.4 | G21: 92.4 | H21: 92.4 | I21: 92.4 | J21: 92.4 | K21: 92.4 | L21: 92.4 | M21: 92.4 | N21: =AVERAGE(B21:M21) -> 92.4 | O21: =N19-N21 -> 0.82301654 | P21: Ahead of target

Sheet Combined Born alive (5)
R1: SOW NUMBERS
A2: COMBINED | R2: 45839 | S2: 45870 | T2: 45901 | U2: 45931 | V2: 45962 | W2: 45992 | X2: 46023 | Y2: 46054 | Z2: 46082 | AA2: 46113 | AB2: 46143 | AC2: 46174
Q3: Grasmere | R3: 2098 | S3: 2098 | T3: 2098 | U3: 2098 | V3: 2098 | W3: 2098 | X3: 2098 | Y3: 2098 | Z3: 2098 | AA3: 2098 | AB3: 2098 | AC3: 2098
Q4: Richlands | R4: 986 | S4: 986 | T4: 986 | U4: 986 | V4: 986 | W4: 986 | X4: 986 | Y4: 986 | Z4: 986 | AA4: 986 | AB4: 986 | AC4: 986
Q5: Lions Head | R5: 1020 | S5: 1020 | T5: 1020 | U5: 1020 | V5: 1020 | W5: 1020 | X5: 1020 | Y5: 1020 | Z5: 1020 | AA5: 1020 | AB5: 1020 | AC5: 1020
Q6: Villa | R6: 416 | S6: 416 | T6: 416 | U6: 416 | V6: 416 | W6: 416 | X6: 416 | Y6: 416 | Z6: 416 | AA6: 416 | AB6: 416 | AC6: 416
Q7: Porta | R7: 1004 | S7: 1004 | T7: 1004 | U7: 1004 | V7: 1004 | W7: 1004 | X7: 1004 | Y7: 1004 | Z7: 1004 | AA7: 1004 | AB7: 1004 | AC7: 1004
Q8: multiplier | W8: 460 | X8: 460 | Y8: 460 | Z8: 460 | AA8: 460 | AB8: 460 | AC8: 460
R9: =SUM(R3:R8) -> 5524 | S9: =SUM(S3:S8) -> 5524 | T9: =SUM(T3:T8) -> 5524 | U9: =SUM(U3:U8) -> 5524 | V9: =SUM(V3:V8) -> 5524 | W9: =SUM(W3:W8) -> 5984 | X9: =SUM(X3:X8) -> 5984 | Y9: =SUM(Y3:Y8) -> 5984 | ... AC9: =SUM(AC3:AC8) -> 5984
R13: 45839 | S13: 45870 | T13: 45901 | U13: 45931 | V13: 45962 | W13: 45992 | X13: 46023 | Y13: 46054 | Z13: 46082 | AA13: 46113 | AB13: 46143 | AC13: 46174 | AD13: Avg YTD
Q14: Grasmere | R14: 15 | S14: 15.2 | T14: 15.4 | U14: 15.4 | V14: 14.8 | W14: 15.4 | X14: 15.4 | Y14: 15.3 | Z14: 15.4 | AA14: 14.7 | AB14: 15.3 | AC14: 15.5 | AD14: =AVERAGE(R14:AC14) -> 15.233333
Q15: Richlands | R15: 14.9 | S15: 14.9 | T15: 15.5 | U15: 15 | V15: 15.3 | W15: 15.2 | X15: 15 | Y15: 15.3 | Z15: 15.2 | AA15: 14.3 | AB15: 15.3 | AC15: 15.4 | AD15: =AVERAGE(R15:AC15) -> 15.108333
Q16: Lions Head | R16: 14.6 | S16: 14.7 | T16: 15.3 | U16: 15.7 | V16: 15.3 | W16: 15.2 | X16: 15.3 | Y16: 15.2 | Z16: 15.5 | AA16: 15.7 | AB16: 15.3 | AC16: 15.5 | AD16: =AVERAGE(R16:AC16) -> 15.275
Q17: Villa | R17: 14.5 | S17: 15.2 | T17: 15.1 | U17: 16.1 | V17: 15.5 | W17: 15.5 | X17: 15.9 | Y17: 16 | Z17: 15.3 | AA17: 15.2 | AB17: 15.5 | AC17: 15.5 | AD17: =AVERAGE(R17:AC17) -> 15.441667
B18: 45863 | C18: 45894 | D18: 45925 | E18: 45955 | F18: 45986 | G18: 46016 | H18: 46047 | I18: 46078 | J18: 46106 | K18: 46137 | L18: 46167 | M18: 46198 | Q18: Porta | R18: 14 | S18: 14.2 | T18: 14 | U18: 14 | V18: 14.7 | W18: 16 | X18: 15.9 | Y18: 16.4 | Z18: 16.4 | AA18: 16.7 | AB18: 16.1 | AC18: 16.6 | AD18: =AVERAGE(R18:AC18) -> 15.416667
A19: FY26 | B19: =R20 -> 14.688885 | C19: =S20 -> 14.872375 | D19: =T20 -> 15.122339 | E19: =U20 -> 15.182259 | F19: =V20 -> 15.016112 | G19: =W20 -> 15.394452 | H19: =X20 -> 15.443382 | I19: =Y20 -> 15.562299 | ... M19: =AC20 -> 15.629646 | N19: =AVERAGE(B19:M19) -> 15.268169 | Q19: multiplier | W19: 14.8 | X19: 15.5 | Y19: 15.9 | Z19: 15.8 | AA19: 15.9 | AB19: 15.5 | AC19: 15 | AD19: =AVERAGE(R19:AC19) -> 15.485714
A20: prior | B20: 14.558805 | C20: 14.400043 | D20: 14.627215 | E20: 14.859044 | F20: 14.748943 | G20: 14.833853 | H20: 14.848773 | I20: 14.509572 | J20: 14.24608 | K20: 14.598455 | L20: 14.905688 | M20: 14.498805 | N20: =AVERAGE(B20:M20) -> 14.636273 | O20: =N19-N20 -> 0.63189651 | P20: Ahead of prior year | Q20: AVERAGE | R20: =(R14*R3+R15*R4+R16*R5+R6*R17+R18*R7+R19*R8)/R9 -> 14.688885 | S20: =(S14*S3+S15*S4+S16*S5+S6*S17+S18*S7+S19*S8)/S9 -> 14.872375 | T20: =(T14*T3+T15*T4+T16*T5+T6*T17+T18*T7+T19*T8)/T9 -> 15.122339 | U20: =(U14*U3+U15*U4+U16*U5+U6*U17+U18*U7+U19*U8)/U9 -> 15.182259 | V20: =(V14*V3+V15*V4+V16*V5+V6*V17+V18*V7+V19*V8)/V9 -> 15.016112 | W20: =(W14*W3+W15*W4+W16*W5+W17*W6+W18*W7+W19*W8)/W9 -> 15.394452 | X20: =(X14*X3+X15*X4+X16*X5+X17*X6+X18*X7+X19*X8)/X9 -> 15.443382 | Y20: =(Y14*Y3+Y15*Y4+Y16*Y5+Y17*Y6+Y18*Y7+Y19*Y8)/Y9 -> 15.562299 | Z20: =(Z14*Z3+Z15*Z4+Z16*Z5+Z17*Z6+Z18*Z7+Z19*Z8)/Z9 -> 15.575668 | AA20: =(AA14*AA3+AA15*AA4+AA16*AA5+AA17*AA6+AA18*AA7+AA19*AA8)/AA9 -> 15.267112 | AB20: =(AB14*AB3+AB15*AB4+AB16*AB5+AB17*AB6+AB18*AB7+AB19*AB8)/AB9 -> 15.463503 | AC20: =(AC14*AC3+AC15*AC4+AC16*AC5+AC17*AC6+AC18*AC7+AC19*AC8)/AC9 -> 15.629646 | AD20: =AVERAGE(R20:AC20) -> 15.268169
A21: TARGET | B21: 14.7 | C21: 14.7 | D21: 14.7 | E21: 14.7 | F21: 14.7 | G21: 14.7 | H21: 14.7 | I21: 14.7 | J21: 14.7 | K21: 14.7 | L21: 14.7 | M21: 14.7 | N21: =AVERAGE(B21:M21) -> 14.7 | O21: =N19-N21 -> 0.56816937 | P21: Ahead of target

Sheet Combined Wean weight  (5)
S1: SOW NUMBERS
A2: COMBINED | S2: 45839 | T2: 45870 | U2: 45901 | V2: 45931 | W2: 45962 | X2: 45992 | Y2: 46023 | Z2: 46054 | AA2: 46082 | AB2: 46113 | AC2: 46143 | AD2: 46174
R3: Grasmere | S3: 2098 | T3: 2098 | U3: 2098 | V3: 2098 | W3: 2098 | X3: 2098 | Y3: 2098 | Z3: 2098 | AA3: 2098 | AB3: 2098 | AC3: 2098 | AD3: 2098
R4: Richlands | S4: 986 | T4: 986 | U4: 986 | V4: 986 | W4: 986 | X4: 986 | Y4: 986 | Z4: 986 | AA4: 986 | AB4: 986 | AC4: 986 | AD4: 986
R5: Lions Head | S5: 1020 | T5: 1020 | U5: 1020 | V5: 1020 | W5: 1020 | X5: 1020 | Y5: 1020 | Z5: 1020 | AA5: 1020 | AB5: 1020 | AC5: 1020 | AD5: 1020
R6: Villa | S6: 416 | T6: 416 | U6: 416 | V6: 416 | W6: 416 | X6: 416 | Y6: 416 | Z6: 416 | AA6: 416 | AB6: 416 | AC6: 416 | AD6: 416
R7: Porta | S7: 1004 | T7: 1004 | U7: 1004 | V7: 1004 | W7: 1004 | X7: 1004 | Y7: 1004 | Z7: 1004 | AA7: 1004 | AB7: 1004 | AC7: 1004 | AD7: 1004
R8: multiplier | X8: 460 | Y8: 460 | Z8: 460 | AA8: 460 | AB8: 460 | AC8: 460 | AD8: 460
S9: =SUM(S3:S8) -> 5524 | T9: =SUM(T3:T8) -> 5524 | U9: =SUM(U3:U8) -> 5524 | V9: =SUM(V3:V8) -> 5524 | W9: =SUM(W3:W8) -> 5524 | X9: =SUM(X3:X8) -> 5984 | Y9: =SUM(Y3:Y8) -> 5984 | Z9: =SUM(Z3:Z8) -> 5984 | ... AD9: =SUM(AD3:AD8) -> 5984
S12: 45839 | T12: 45870 | U12: 45901 | V12: 45931 | W12: 45962 | X12: 45992 | Y12: 46023 | Z12: 46054 | AA12: 46082 | AB12: 46113 | AC12: 46143 | AD12: 46174 | AE12: AVG YTD
R13: Grasmere | S13: 7.62 | T13: 7.6 | U13: 7.3 | V13: 7.4 | W13: 7.25 | X13: 7.36 | Y13: 7.03 | Z13: 6.95 | AA13: 7.16 | AB13: 7.11 | AC13: 7.14 | AD13: 7.44 | AE13: =AVERAGE(S13:AD13) -> 7.28
R14: Richlands | S14: 6.6 | T14: 6.9 | U14: 6.8 | V14: 6.7 | W14: 6.7 | X14: 6.6 | Y14: 6.15 | Z14: 6.2 | AA14: 6.3 | AB14: 6.43 | AC14: 6.65 | AD14: 6.74 | AE14: =AVERAGE(S14:AD14) -> 6.5641667
R15: Lions Head | S15: 7.4 | T15: 7.3 | U15: 7.18 | V15: 6.78 | W15: 6.7 | X15: 6.76 | Y15: 6.93 | Z15: 7.03 | AA15: 6.7 | AB15: 6.6 | AC15: 6.66 | AD15: 7.1 | AE15: =AVERAGE(S15:AD15) -> 6.9283333
R16: Villa | S16: 7.3 | T16: 7.3 | U16: 7 | V16: 7.1 | W16: 6.94 | X16: 6.9 | Y16: 7 | Z16: 7.03 | AA16: 7.16 | AB16: 7.18 | AC16: 7.15 | AD16: 7.38 | AE16: =AVERAGE(S16:AD16) -> 7.12
R17: Porta | S17: 6 | T17: 8.65 | U17: 8.64 | V17: 8.5 | W17: 8.2 | X17: 8.1 | Y17: 7.9 | Z17: 8.25 | AA17: 8.12 | AB17: 7.93 | AC17: 8.1 | AD17: 7.92 | AE17: =AVERAGE(S17:AD17) -> 8.0258333
R18: multiplier | X18: 7.5 | Y18: 7.4 | Z18: 7.08 | AA18: 6.8 | AB18: 6.6 | AC18: 6.93 | AD18: 7.76 | AE18: =AVERAGE(S18:AD18) -> 7.1528571
B19: 45839 | C19: 45870 | D19: 45901 | E19: 45931 | F19: 45962 | G19: 45992 | H19: 46023 | I19: 46054 | J19: 46082 | K19: 46113 | L19: 46143 | M19: 46174 | R19: AVERAGE | S19: =(S3*S13+S4*S14+S5*S15+S6*S16+S7*S17)/S9 -> 7.0787762 | T19: =(T3*T13+T4*T14+T5*T15+T6*T16+T7*T17)/T9 -> 7.5879073 | U19: =(U3*U13+U4*U14+U5*U15+U6*U16+U7*U17)/U9 -> 7.409551 | V19: =(V3*V13+V4*V14+V5*V15+V6*V16+V7*V17)/V9 -> 7.3379073 | W19: =(W3*W13+W4*W14+W5*W15+W6*W16+W7*W17)/W9 -> 7.1995909 | X19: =(X3*X13+X4*X14+X5*X15+X6*X16+X7*X17+X8*X18)/X9 -> 7.2354412 | Y19: =(Y3*Y13+Y4*Y14+Y5*Y15+Y6*Y16+Y7*Y17+Y8*Y18)/Y9 -> 7.0402807 | Z19: =(Z3*Z13+Z4*Z14+Z5*Z15+Z6*Z16+Z7*Z17+Z8*Z18)/Z9 -> 7.0737266 | AA19: =(AA3*AA13+AA4*AA14+AA5*AA15+AA6*AA16+AA7*AA17+AA8*AA18)/AA9 -> 7.0732821 | AB19: =(AB3*AB13+AB4*AB14+AB5*AB15+AB6*AB16+AB7*AB17+AB8*AB18)/AB9 -> 7.0142647 | AC19: =(AC3*AC13+AC4*AC14+AC5*AC15+AC6*AC16+AC7*AC17+AC8*AC18)/AC9 -> 7.1230648 | AD19: =(AD3*AD13+AD4*AD14+AD5*AD15+AD6*AD16+AD7*AD17+AD8*AD18)/AD9 -> 7.3676671 | AE19: =AVERAGE(S19:AD19) -> 7.2117883
A20: FY26 | B20: =+S19 -> 7.0787762 | C20: =+T19 -> 7.5879073 | D20: =+U19 -> 7.409551 | E20: =+V19 -> 7.3379073 | F20: =+W19 -> 7.1995909 | G20: =+X19 -> 7.2354412 | H20: =+Y19 -> 7.0402807 | I20: =+Z19 -> 7.0737266 | ... M20: =+AD19 -> 7.3676671 | N20: =AVERAGE(B20:M20) -> 7.2117883
A21: prior | B21: 7.4863394 | C21: 7.5249605 | D21: 7.3438164 | E21: 7.1910733 | F21: 6.8898911 | G21: 6.8768367 | H21: 6.7336628 | I21: 7.0451122 | J21: 7.129792 | K21: 7.0674508 | L21: 7.0664853 | M21: 7.0774077 | N21: =AVERAGE(B21:M21) -> 7.1194024 | O21: =N20-N21 -> 0.092385985 | P21: Ahead of prior year
A22: Target | B22: 7.2 | C22: 7.2 | D22: 7.2 | E22: 7.2 | F22: 7.2 | G22: 7.2 | H22: 7.2 | I22: 7.2 | J22: 7.2 | K22: 7.2 | L22: 7.2 | M22: 7.2 | N22: =AVERAGE(B22:M22) -> 7.2 | O22: =N20-N22 -> 0.01178834 | P22: Ahead of target

Sheet Combined Litter mass  (5)
Q2: SOW NUMBERS
Q3: 45839 | R3: 45870 | S3: 45901 | T3: 45931 | U3: 45962 | V3: 45992 | W3: 46023 | X3: 46054 | Y3: 46082 | Z3: 46113 | AA3: 46143 | AB3: 46174
P4: Grasmere | Q4: 2098 | R4: 2098 | S4: 2098 | T4: 2098 | U4: 2098 | V4: 2098 | W4: 2098 | X4: 2098 | Y4: 2098 | Z4: 2098 | AA4: 2098 | AB4: 2098
P5: Richlands | Q5: 986 | R5: 986 | S5: 986 | T5: 986 | U5: 986 | V5: 986 | W5: 986 | X5: 986 | Y5: 986 | Z5: 986 | AA5: 986 | AB5: 986
P6: Lions Head | Q6: 1020 | R6: 1020 | S6: 1020 | T6: 1020 | U6: 1020 | V6: 1020 | W6: 1020 | X6: 1020 | Y6: 1020 | Z6: 1020 | AA6: 1020 | AB6: 1020
P7: Villa | Q7: 416 | R7: 416 | S7: 416 | T7: 416 | U7: 416 | V7: 416 | W7: 416 | X7: 416 | Y7: 416 | Z7: 416 | AA7: 416 | AB7: 416
P8: porta | Q8: 1004 | R8: 1004 | S8: 1004 | T8: 1004 | U8: 1004 | V8: 1004 | W8: 1004 | X8: 1004 | Y8: 1004 | Z8: 1004 | AA8: 1004 | AB8: 1004
P9: multiplier | V9: 460 | W9: 460 | X9: 460 | Y9: 460 | Z9: 460 | AA9: 460 | AB9: 460
Q10: =SUM(Q4:Q9) -> 5524 | R10: =SUM(R4:R9) -> 5524 | S10: =SUM(S4:S9) -> 5524 | T10: =SUM(T4:T9) -> 5524 | U10: =SUM(U4:U9) -> 5524 | V10: =SUM(V4:V9) -> 5984 | W10: =SUM(W4:W9) -> 5984 | X10: =SUM(X4:X9) -> 5984 | ... AB10: =SUM(AB4:AB9) -> 5984
Q13: 45839 | R13: 45870 | S13: 45901 | T13: 45931 | U13: 45962 | V13: 45992 | W13: 46023 | X13: 46054 | Y13: 46082 | Z13: 46113 | AA13: 46143 | AB13: 46174 | AC13: AVG YTD
P14: Grasmere | Q14: 96.62 | R14: 102.5 | S14: 98.2 | T14: 102.4 | U14: 100.3 | V14: 98.46 | W14: 98.95 | X14: 97.18 | Y14: 99.93 | Z14: 98.73 | AA14: 99.58 | AB14: 102.72 | AC14: =AVERAGE(Q14:AB14) -> 99.630833
P15: Richlands | Q15: 89.3 | R15: 93.48 | S15: 94.45 | T15: 93.7 | U15: 92.91 | V15: 91.29 | W15: 84.97 | X15: 86.09 | Y15: 86.88 | Z15: 88.54 | AA15: 87.2 | AB15: 93.93 | AC15: =AVERAGE(Q15:AB15) -> 90.228333
P16: Lions Head | Q16: 99.3 | R16: 93.71 | S16: 97.44 | T16: 92.06 | U16: 96.73 | V16: 95.93 | W16: 94.76 | X16: 104.83 | Y16: 94.92 | Z16: 93.28 | AA16: 91.47 | AB16: 100.52 | AC16: =AVERAGE(Q16:AB16) -> 96.245833
P17: Villa | Q17: 103.7 | R17: 105.8 | S17: 102.9 | T17: 101.4 | U17: 105.62 | V17: 99.3 | W17: 104.3 | X17: 104.83 | Y17: 107.78 | Z17: 109.23 | AA17: 104.52 | AB17: 108.58 | AC17: =AVERAGE(Q17:AB17) -> 104.83
P18: porta | Q18: 82.7 | R18: 115.4 | S18: 117.55 | T18: 114.13 | U18: 114.1 | V18: 119.9 | W18: 117.35 | X18: 125.65 | Y18: 123.82 | Z18: 122.38 | AA18: 121.5 | AB18: 121.02 | AC18: =AVERAGE(Q18:AB18) -> 116.29167
B19: 45839 | C19: 45870 | D19: 45901 | E19: 45931 | F19: 45962 | G19: 45992 | H19: 46023 | I19: 46054 | J19: 46082 | K19: 46113 | L19: 46143 | M19: 46174 | P19: multiplier | V19: 105.2 | W19: 104.9 | X19: 99.63 | Y19: 97.62 | Z19: 91 | AA19: 98.79 | AB19: 102.32 | AC19: =AVERAGE(Q19:AB19) -> 99.922857
A20: FY26 | B20: =+Q20 -> 93.81147 | C20: =+R20 -> 101.86004 | D20: =+S20 -> 101.26117 | E20: =+T20 -> 100.99448 | F20: =+U20 -> 101.23055 | G20: =+V20 -> 101.02106 | H20: =+W20 -> 99.84875 | I20: =+X20 -> 102.15352 | ... M20: =+AB20 -> 104.34367 | N20: =AVERAGE(B20:M20) -> 100.6809 | P20: AVERAGE | Q20: =(Q4*Q14+Q5*Q15+Q6*Q16+Q7*Q17+Q8*Q18)/Q10 -> 93.81147 | R20: =(R4*R14+R5*R15+R6*R16+R7*R17+R8*R18)/R10 -> 101.86004 | S20: =(S4*S14+S5*S15+S6*S16+S7*S17+S8*S18)/S10 -> 101.26117 | T20: =(T4*T14+T5*T15+T6*T16+T7*T17+T8*T18)/T10 -> 100.99448 | U20: =(U4*U14+U5*U15+U6*U16+U7*U17+U8*U18)/U10 -> 101.23055 | V20: =(V4*V14+V5*V15+V6*V16+V7*V17+V8*V18+V9*V19)/V10 -> 101.02106 | W20: =(W4*W14+W5*W15+W6*W16+W7*W17+W8*W18+W9*W19)/W10 -> 99.84875 | X20: =(X4*X14+X5*X15+X6*X16+X7*X17+X8*X18+X9*X19)/X10 -> 102.15352 | Y20: =(Y4*Y14+Y5*Y15+Y6*Y16+Y7*Y17+Y8*Y18+Y9*Y19)/Y10 -> 101.30217 | Z20: =(Z4*Z14+Z5*Z15+Z6*Z16+Z7*Z17+Z8*Z18+Z9*Z19)/Z10 -> 100.22573 | AA20: =(AA4*AA14+AA5*AA15+AA6*AA16+AA7*AA17+AA8*AA18+AA9*AA19)/AA10 -> 100.11818 | AB20: =(AB4*AB14+AB5*AB15+AB6*AB16+AB7*AB17+AB8*AB18+AB9*AB19)/AB10 -> 104.34367 | AC20: =AVERAGE(Q20:AB20) -> 100.6809
A21: Prior year | B21: 97.039044 | C21: 98.045172 | D21: 96.635287 | E21: 96.643401 | F21: 94.092453 | G21: 93.303821 | H21: 91.29485 | I21: 93.848792 | J21: 93.930823 | K21: 93.208086 | L21: 94.892044 | M21: 97.093903 | N21: =AVERAGE(B21:M21) -> 95.002306 | O21: =N20-N21 -> 5.678593
A22: Target | B22: 97 | C22: 97 | D22: 97 | E22: 97 | F22: 97 | G22: 97 | H22: 97 | I22: 97 | J22: 97 | K22: 97 | L22: 97 | M22: 97 | N22: =AVERAGE(B22:M22) -> 97 | O22: =N20-N22 -> 3.6808992
P23: Ahead of prior year
P24: Ahead of target

Sheet Combined 70 day weight  (5)
T1: SOW NUMBERS
T2: 45839 | U2: 45870 | V2: 45901 | W2: 45931 | X2: 45962 | Y2: 45992 | Z2: 46023 | AA2: 46054 | AB2: 46082 | AC2: 46113 | AD2: 46143 | AE2: 46174
S3: Grasmere | T3: 970 | U3: 970 | V3: 970 | W3: 970 | X3: 970 | Y3: 970 | Z3: 970 | AA3: 970 | AB3: 970 | AC3: 970 | AD3: 970 | AE3: 970
S4: Richlands | T4: 520 | U4: 520 | V4: 520 | W4: 520 | X4: 520 | Y4: 520 | Z4: 520 | AA4: 520 | AB4: 520 | AC4: 520 | AD4: 520 | AE4: 520
S5: Lions Head | T5: 470 | U5: 470 | V5: 470 | W5: 470 | X5: 470 | Y5: 470 | Z5: 470 | AA5: 470 | AB5: 470 | AC5: 470 | AD5: 470 | AE5: 470
S6: Villa | T6: 170 | U6: 170 | V6: 170 | W6: 170 | X6: 170 | Y6: 170 | Z6: 170 | AA6: 170 | AB6: 170 | AC6: 170 | AD6: 170 | AE6: 170
S7: LH extension | T7: 110 | U7: 110 | V7: 110 | W7: 110 | X7: 110 | Y7: 110 | Z7: 110 | AA7: 110 | AB7: 110 | AC7: 110 | AD7: 110 | AE7: 110
S8: Learig | T8: 320 | U8: 320 | V8: 320 | W8: 320 | X8: 320 | Y8: 320 | Z8: 320 | AA8: 320 | AB8: 320 | AD8: 320 | AE8: 320
S9: porta | T9: 620 | U9: 620 | V9: 620 | W9: 620 | X9: 620 | Y9: 620 | Z9: 620 | AA9: 620 | AB9: 620 | AC9: 620 | AD9: 620 | AE9: 620
S10: multiplier | Z10: 280 | AA10: 280 | AB10: 280 | AC10: 280 | AD10: 280 | AE10: 280
T11: =SUM(T3:T9) -> 3180 | U11: =SUM(U3:U9) -> 3180 | V11: =SUM(V3:V9) -> 3180 | W11: =SUM(W3:W9) -> 3180 | X11: =SUM(X3:X9) -> 3180 | Y11: =SUM(Y3:Y9) -> 3180 | Z11: =SUM(Z3:Z10) -> 3460 | AA11: =SUM(AA3:AA10) -> 3460 | AB11: =SUM(AB3:AB10) -> 3460 | AC11: =SUM(AC3:AC10) -> 3140 | AD11: =SUM(AD3:AD10) -> 3460 | AE11: =SUM(AE3:AE10) -> 3460
T14: 45839 | U14: 45870 | V14: 45901 | W14: 45931 | X14: 45962 | Y14: 45992 | Z14: 46023 | AA14: 46054 | AB14: 46082 | AC14: 46113 | AD14: 46143 | AE14: 46174 | AG14: AVG YTD
S15: Grasmere | T15: 27.77 | U15: 28.68 | V15: 28.21 | W15: 28.16 | X15: 28.31 | Y15: 28.03 | Z15: 28.51 | AA15: 27.81 | AB15: 28.72 | AC15: 29.04 | AD15: 29.15 | AE15: 28.79 | AG15: =AVERAGE(T15:AE15) -> 28.431667
S16: Richlands | T16: 27.4 | U16: 27.54 | V16: 27.7 | W16: 28.46 | X16: 27.44 | Y16: 27.31 | Z16: 26.72 | AA16: 26.94 | AB16: 26.82 | AC16: 26.93 | AD16: 26.08 | AE16: 27.63 | AG16: =AVERAGE(T16:AE16) -> 27.2475
S17: Lions Head | T17: 25.9 | U17: 27.66 | V17: 26.798 | W17: 25.67 | X17: 25.1 | Y17: 24.82 | Z17: 25.28 | AA17: 25.73 | AB17: 25.01 | AC17: 25.54 | AD17: 24.84 | AE17: 24.91 | AG17: =AVERAGE(T17:AE17) -> 25.604833
B18: 45839 | C18: 45870 | D18: 45901 | E18: 45931 | F18: 45962 | G18: 45992 | H18: 46023 | I18: 46054 | J18: 46082 | K18: 46113 | L18: 46143 | M18: 46174 | S18: Villa | T18: 28.3 | U18: 28.7 | V18: 28.3 | W18: 28.2 | X18: 28.48 | Y18: 28.1 | Z18: 28.1 | AA18: 28.29 | AB18: 28.27 | AC18: 28.24 | AD18: 28.46 | AE18: 28.42 | AG18: =AVERAGE(T18:AE18) -> 28.321667
A19: FY26 | B19: =+T23 -> 26.889906 | C19: =+U23 -> 26.872767 | D19: =+V23 -> 27.258195 | E19: =+W23 -> 27.751006 | F19: =+X23 -> 27.490943 | G19: =+Y23 -> 27.168113 | H19: =+Z23 -> 27.085462 | I19: =+AA23 -> 27.017254 | ... M19: =+AE23 -> 27.523728 | N19: =AVERAGE(B19:L19) -> 27.216722 | S19: LH extension | T19: 26.3 | U19: 26.86 | V19: 26.41 | W19: 25.69 | X19: 26.41 | Y19: 25.09 | Z19: 24.84 | AA19: 25.2 | AB19: 27.49 | AC19: 27.16 | AD19: 26.26 | AE19: 26.25 | AG19: =AVERAGE(T19:AE19) -> 26.163333
A20: PRIOR YEAR | B20: 28.078672 | C20: 28.299141 | D20: 28.574687 | E20: 28.497695 | F20: 28.227773 | G20: 26.911078 | H20: 26.267734 | I20: 25.988164 | J20: 26.616789 | K20: 27.224403 | L20: 27.431541 | M20: 27.218522 | N20: =AVERAGE(B20:L20) -> 27.465243 | O20: =N19-N20 -> -0.24852102 | P20: behind prior | S20: Learig | T20: 26.49 | U20: 26.97 | V20: 26.72 | W20: 27.88 | X20: 26.92 | Y20: 25.8 | Z20: 25.09 | AA20: 25.26 | AB20: 24.83 | AD20: 27.19 | AE20: 27.3 | AG20: =AVERAGE(T20:AE20) -> 26.404545
A21: TARGET | B21: 26.2 | C21: 26.2 | D21: 26.2 | E21: 26.2 | F21: 26.2 | G21: 26.2 | H21: 26.4 | I21: 26.4 | J21: 26.4 | K21: 26.4 | L21: 26.4 | M21: 26.4 | N21: =AVERAGE(B21:L21) -> 26.290909 | O21: =N19-N21 -> 0.92581332 | P21: Ahead of target | S21: porta | T21: 25.76 | U21: 22.34 | V21: 25.89 | W21: 28.27 | X21: 28.28 | Y21: 28.3 | Z21: 28.24 | AA21: 27.9 | AB21: 28.11 | AC21: 28.24 | AD21: 28.33 | AE21: 29 | AG21: =AVERAGE(T21:AE21) -> 27.388333
S22: Multiplier | Z22: 25.85 | AA22: 26.57 | AB22: 24.89 | AC22: 24.96 | AD22: 23.9 | AE22: 24.27 | AG22: =AVERAGE(T22:AE22) -> 25.073333
S23: AVERAGE | T23: =(T3*T15+T4*T16+T5*T17+T6*T18+T7*T19+T8*T20+T9*T21)/T11 -> 26.889906 | U23: =(U3*U15+U4*U16+U5*U17+U6*U18+U7*U19+U8*U20+U9*U21)/U11 -> 26.872767 | V23: =(V3*V15+V4*V16+V5*V17+V6*V18+V7*V19+V8*V20+V9*V21)/V11 -> 27.258195 | W23: =(W3*W15+W4*W16+W5*W17+W6*W18+W7*W19+W8*W20+W9*W21)/W11 -> 27.751006 | X23: =(X3*X15+X4*X16+X5*X17+X6*X18+X7*X19+X8*X20+X9*X21)/X11 -> 27.490943 | Y23: =(Y3*Y15+Y4*Y16+Y5*Y17+Y6*Y18+Y7*Y19+Y8*Y20+Y9*Y21)/Y11 -> 27.168113 | Z23: =(Z3*Z15+Z4*Z16+Z5*Z17+Z6*Z18+Z7*Z19+Z8*Z20+Z9*Z21+Z10*Z22)/Z11 -> 27.085462 | AA23: =(AA3*AA15+AA4*AA16+AA5*AA17+AA6*AA18+AA7*AA19+AA8*AA20+AA9*AA21+AA10*AA22)/AA11 -> 27.017254 | AB23: =(AB3*AB15+AB4*AB16+AB5*AB17+AB6*AB18+AB7*AB19+AB8*AB20+AB9*AB21+AB10*AB22)/AB11 -> 27.09026 | AC23: =(AC3*AC15+AC4*AC16+AC5*AC17+AC6*AC18+AC7*AC19+AC9*AC21+AC10*AC22)/AC11 -> 27.535732 | AD23: =(AD3*AD15+AD4*AD16+AD5*AD17+AD6*AD18+AD7*AD19+AD8*AD20+AD9*AD21+AD10*AD22)/AD11 -> 27.224306 | AE23: =(AE3*AE15+AE4*AE16+AE5*AE17+AE6*AE18+AE7*AE19+AE8*AE20+AE9*AE21+AE10*AE22)/AE11 -> 27.523728 | AG23: =AVERAGE(T23:AE23) -> 27.242306

Sheet Combined 70 day gain  (5)
T1: SOW NUMBERS
T2: 45839 | U2: 45870 | V2: 45901 | W2: 45931 | X2: 45962 | Y2: 45992 | Z2: 46023 | AA2: 46054 | AB2: 46082 | AC2: 46113 | AD2: 46143 | AE2: 46174
S3: Grasmere | T3: 970 | U3: 970 | V3: 970 | W3: 970 | X3: 970 | Y3: 970 | Z3: 970 | AA3: 970 | AB3: 970 | AC3: 970 | AD3: 970 | AE3: 970
S4: Richlands | T4: 520 | U4: 520 | V4: 520 | W4: 520 | X4: 520 | Y4: 520 | Z4: 520 | AA4: 520 | AB4: 520 | AC4: 520 | AD4: 520 | AE4: 520
S5: Lions Head | T5: 470 | U5: 470 | V5: 470 | W5: 470 | X5: 470 | Y5: 470 | Z5: 470 | AA5: 470 | AB5: 470 | AC5: 470 | AD5: 470 | AE5: 470
S6: Villa | T6: 170 | U6: 170 | V6: 170 | W6: 170 | X6: 170 | Y6: 170 | Z6: 170 | AA6: 170 | AB6: 170 | AC6: 170 | AD6: 170 | AE6: 170
S7: LH extension | T7: 110 | U7: 110 | V7: 110 | W7: 110 | X7: 110 | Y7: 110 | Z7: 110 | AA7: 110 | AB7: 110 | AC7: 110 | AD7: 110 | AE7: 110
S8: Learig | T8: 320 | U8: 320 | V8: 320 | W8: 320 | X8: 320 | Y8: 320 | Z8: 320 | AA8: 320 | AB8: 320 | AD8: 320 | AE8: 320
S9: porta | T9: 620 | U9: 620 | V9: 620 | W9: 620 | X9: 620 | Y9: 620 | Z9: 620 | AA9: 620 | AB9: 620 | AC9: 620 | AD9: 620 | AE9: 620
S10: multiplier | Z10: 280 | AA10: 280 | AB10: 280 | AC10: 280 | AD10: 280 | AE10: 280
T11: =SUM(T3:T9) -> 3180 | U11: =SUM(U3:U9) -> 3180 | V11: =SUM(V3:V9) -> 3180 | W11: =SUM(W3:W9) -> 3180 | X11: =SUM(X3:X9) -> 3180 | Y11: =SUM(Y3:Y9) -> 3180 | Z11: =SUM(Z3:Z10) -> 3460 | AA11: =SUM(AA3:AA10) -> 3460 | AB11: =SUM(AB3:AB10) -> 3460 | AC11: =SUM(AC3:AC10) -> 3140 | AD11: =SUM(AD3:AD10) -> 3460 | AE11: =SUM(AE3:AE10) -> 3460
T14: 45839 | U14: 45870 | V14: 45901 | W14: 45931 | X14: 45962 | Y14: 45992 | Z14: 46023 | AA14: 46054 | AB14: 46082 | AC14: 46113 | AD14: 46143 | AE14: 46174 | AF14: AVG YTD
S15: Grasmere | T15: 20.24 | U15: 21 | V15: 20.71 | W15: 20.68 | X15: 20.93 | Y15: 20.77 | Z15: 21.12 | AA15: 20.74 | AB15: 21.77 | AC15: 21.82 | AD15: 21.81 | AE15: 21.54 | AF15: =AVERAGE(T15:AE15) -> 21.094167
B16: 45839 | C16: 45870 | D16: 45901 | E16: 45931 | F16: 45962 | G16: 45992 | H16: 46023 | I16: 46054 | J16: 46082 | K16: 46113 | L16: 46143 | M16: 46174 | S16: Richlands | T16: 20.7 | U16: 20.99 | V16: 20.85 | W16: 21.51 | X16: 20.78 | Y16: 20.53 | Z16: 20.02 | AA16: 20.61 | AB16: 20.1 | AC16: 20.64 | AD16: 19.93 | AE16: 20.92 | AF16: =AVERAGE(T16:AE16) -> 20.631667
A17: FY26 | B17: =+T23 -> 19.833113 | C17: =+U23 -> 19.953844 | D17: =+V23 -> 20.008019 | E17: =+W23 -> 20.235881 | F17: =+X23 -> 20.137736 | G17: =+Y23 -> 19.926352 | H17: =+Z23 -> 19.902139 | I17: =+AA23 -> 19.951676 | ... M17: =+AE23 -> 20.383324 | N17: =AVERAGE(B17:M17) -> 20.101451 | S17: Lions Head | T17: 19 | U17: 20.47 | V17: 19.39 | W17: 18.24 | X17: 17.91 | Y17: 18.1 | Z17: 18.51 | AA17: 18.64 | AB17: 18.33 | AC17: 18.95 | AD17: 18.29 | AE17: 18.2 | AF17: =AVERAGE(T17:AE17) -> 18.669167
A18: Prior year | B18: 20.923477 | C18: 20.653555 | D18: 20.9125 | E18: 20.830953 | F18: 20.867227 | G18: 19.776531 | H18: 19.339395 | I18: 19.065898 | J18: 19.959094 | K18: 20.177456 | L18: 20.348396 | M18: 20.307799 | N18: =AVERAGE(B18:M18) -> 20.263523 | O18: =N17-N18 -> -0.16207208 | P18: behind prior year | S18: Villa | T18: 20.9 | U18: 21.2 | V18: 20.9 | W18: 21 | X18: 21.31 | Y18: 21.1 | Z18: 21.2 | AA18: 20.91 | AB18: 21.18 | AC18: 20.95 | AD18: 21.26 | AE18: 21.27 | AF18: =AVERAGE(T18:AE18) -> 21.098333
A19: TARGET | B19: 20 | C19: 20 | D19: 20 | E19: 20 | F19: 20 | G19: 20 | H19: 20 | I19: 20 | J19: 20 | K19: 20 | L19: 20 | M19: 20 | N19: =AVERAGE(B19:M19) -> 20 | O19: =N17-N19 -> 0.10145124 | P19: Ahead of target | S19: LH extension | T19: 19.54 | U19: 20.35 | V19: 20.13 | W19: 19.93 | X19: 20.13 | Y19: 18.84 | Z19: 18.77 | AA19: 18.93 | AB19: 21.14 | AC19: 20.49 | AD19: 19.65 | AE19: 19.56 | AF19: =AVERAGE(T19:AE19) -> 19.788333
S20: Learig | T20: 19.55 | U20: 20.5775 | V20: 20.09 | W20: 21.61 | X20: 20.03 | Y20: 19.27 | Z20: 19.17 | AA20: 18.85 | AB20: 18.46 | AD20: 20.19 | AE20: 20.18 | AF20: =AVERAGE(T20:AE20) -> 19.816136
S21: porta | T21: 19.01 | U21: 16.4 | V21: 18.35 | W21: 19.69 | X21: 19.75 | Y21: 19.84 | Z21: 19.99 | AA21: 19.96 | AB21: 20.01 | AC21: 20.3 | AD21: 20.36 | AE21: 21.03 | AF21: =AVERAGE(T21:AE21) -> 19.5575
S22: Multiplier | Z22: 18.4 | AA22: 19.2 | AB22: 17.99 | AC22: 18.36 | AD22: 17 | AE22: 17.63 | AF22: =AVERAGE(T22:AE22) -> 18.096667
S23: AVERAGE | T23: =(T3*T15+T4*T16+T5*T17+T6*T18+T9*T21+T7*T20+T8*T19)/T11 -> 19.833113 | U23: =(U3*U15+U4*U16+U5*U17+U6*U18+U9*U21+U7*U20+U8*U19)/U11 -> 19.953844 | V23: =(V3*V15+V4*V16+V5*V17+V6*V18+V9*V21+V7*V20+V8*V19)/V11 -> 20.008019 | W23: =(W3*W15+W4*W16+W5*W17+W6*W18+W9*W21+W7*W20+W8*W19)/W11 -> 20.235881 | X23: =(X3*X15+X4*X16+X5*X17+X6*X18+X9*X21+X7*X20+X8*X19)/X11 -> 20.137736 | Y23: =(Y3*Y15+Y4*Y16+Y5*Y17+Y6*Y18+Y9*Y21+Y7*Y20+Y8*Y19)/Y11 -> 19.926352 | Z23: =(Z3*Z15+Z4*Z16+Z5*Z17+Z6*Z18+Z9*Z21+Z7*Z20+Z8*Z19+Z10*Z22)/Z11 -> 19.902139 | AA23: =(AA3*AA15+AA4*AA16+AA5*AA17+AA6*AA18+AA9*AA21+AA7*AA20+AA8*AA19+AA10*AA22)/AA11 -> 19.951676 | AB23: =(AB3*AB15+AB4*AB16+AB5*AB17+AB6*AB18+AB9*AB21+AB7*AB20+AB8*AB19+AB10*AB22)/AB11 -> 20.237977 | AC23: =(AC3*AC15+AC4*AC16+AC5*AC17+AC6*AC18+AC9*AC21+AC7*AC19+AC10*AC22)/AC11 -> 20.492643 | AD23: =(AD3*AD15+AD4*AD16+AD5*AD17+AD6*AD18+AD9*AD21+AD8*AD20+AD7*AD19+AD10*AD22)/AD11 -> 20.154711 | AE23: =(AE3*AE15+AE4*AE16+AE5*AE17+AE6*AE18+AE9*AE21+AE8*AE20+AE7*AE19+AE10*AE22)/AE11 -> 20.383324 | AF23: =AVERAGE(T23:AE23) -> 20.101451

Sheet Combined WSY   (5)
S1: SOW NUMBERS
A2: COMBINED | S2: 45839 | T2: 45870 | U2: 45901 | V2: 45931 | W2: 45962 | X2: 45992 | Y2: 46023 | Z2: 46054 | AA2: 46082 | AB2: 46113 | AC2: 46143 | AD2: 46174
R3: Grasmere | S3: 2098 | T3: 2098 | U3: 2098 | V3: 2098 | W3: 2098 | X3: 2098 | Y3: 2098 | Z3: 2098 | AA3: 2098 | AB3: 2098 | AC3: 2098 | AD3: 2098
R4: Richlands | S4: 986 | T4: 986 | U4: 986 | V4: 986 | W4: 986 | X4: 986 | Y4: 986 | Z4: 986 | AA4: 986 | AB4: 986 | AC4: 986 | AD4: 986
R5: Lions Head | S5: 1020 | T5: 1020 | U5: 1020 | V5: 1020 | W5: 1020 | X5: 1020 | Y5: 1020 | Z5: 1020 | AA5: 1020 | AB5: 1020 | AC5: 1020 | AD5: 1020
R6: Villa | S6: 416 | T6: 416 | U6: 416 | V6: 416 | W6: 416 | X6: 416 | Y6: 416 | Z6: 416 | AA6: 416 | AB6: 416 | AC6: 416 | AD6: 416
R7: porta | S7: 1004 | T7: 1004 | U7: 1004 | V7: 1004 | W7: 1004 | X7: 1004 | Y7: 1004 | Z7: 1004 | AA7: 1004 | AB7: 1004 | AC7: 1004 | AD7: 1004
R8: multiplier | X8: 460 | Y8: 460 | Z8: 460 | AA8: 460 | AB8: 460 | AC8: 460 | AD8: 460
S9: =SUM(S3:S8) -> 5524 | T9: =SUM(T3:T8) -> 5524 | U9: =SUM(U3:U8) -> 5524 | V9: =SUM(V3:V8) -> 5524 | W9: =SUM(W3:W8) -> 5524 | X9: =SUM(X3:X8) -> 5984 | Y9: =SUM(Y3:Y8) -> 5984 | Z9: =SUM(Z3:Z8) -> 5984 | ... AD9: =SUM(AD3:AD8) -> 5984
S12: 45839 | T12: 45870 | U12: 45901 | V12: 45931 | W12: 45962 | X12: 45992 | Y12: 46023 | Z12: 46054 | AA12: 46082 | AB12: 46113 | AC12: 46143 | AD12: 46174 | AE12: AVG YTD
R13: Grasmere | S13: 30.8 | T13: 33.1 | U13: 32.8 | V13: 33.5 | W13: 33.4 | X13: 33 | Y13: 33.2 | Z13: 35.2 | AA13: 33.1 | AB13: 34.3 | AC13: 32.9 | AD13: 33.4 | AE13: =AVERAGE(S13:AD13) -> 33.225
R14: Richlands | S14: 33 | T14: 33.2 | U14: 33.7 | V14: 33.4 | W14: 33.3 | X14: 33.8 | Y14: 33.1 | Z14: 33.2 | AA14: 32.8 | AB14: 33 | AC14: 31.8 | AD14: 33.4 | AE14: =AVERAGE(S14:AD14) -> 33.141667
R15: Lions Head | S15: 32.1 | T15: 32.2 | U15: 32.7 | V15: 33.7 | W15: 34 | X15: 33.3 | Y15: 33.2 | Z15: 32.8 | AA15: 33.2 | AB15: 33.7 | AC15: 33.4 | AD15: 34.2 | AE15: =AVERAGE(S15:AD15) -> 33.208333
R16: Villa | S16: 33.7 | T16: 33.5 | U16: 35.8 | V16: 35.4 | W16: 37.2 | X16: 34.2 | Y16: 35.4 | Z16: 36.7 | AA16: 34.9 | AB16: 37 | AC16: 36.2 | AD16: 35.4 | AE16: =AVERAGE(S16:AD16) -> 35.45
R17: porta | S17: 35.3 | T17: 32.4 | U17: 33.6 | V17: 32.5 | W17: 33.7 | X17: 35.7 | Y17: 36.2 | Z17: 36.5 | AA17: 37.1 | AB17: 37.4 | AC17: 37.2 | AD17: 38.6 | AE17: =AVERAGE(S17:AD17) -> 35.516667
B18: 45839 | C18: 45870 | D18: 45901 | E18: 45931 | F18: 45962 | G18: 45992 | H18: 46023 | I18: 46054 | J18: 46082 | K18: 46113 | L18: 46143 | M18: 46174 | R18: multiplier | X18: 34.6 | Y18: 32.86 | Z18: 34.1 | AA18: 35.32 | AB18: 31.4 | AC18: 31.6 | AD18: 30.06 | AE18: =AVERAGE(S18:AD18) -> 32.848571
A19: FY26 | B19: =+S19 -> 32.469008 | C19: =+T19 -> 32.854562 | D19: =+U19 -> 33.313505 | E19: =+V19 -> 33.480413 | F19: =+W19 -> 33.833635 | G19: =+X19 -> 33.84238 | H19: =+Y19 -> 33.81367 | I19: =+Z19 -> 34.699198 | ... M19: =+AD19 -> 34.29111 | N19: =AVERAGE(B19:M19) -> 33.729611 | R19: AVERAGE | S19: =(S3*S13+S4*S14+S5*S15+S6*S16+S7*S17)/S9 -> 32.469008 | T19: =(T3*T13+T4*T14+T5*T15+T6*T16+T7*T17)/T9 -> 32.854562 | U19: =(U3*U13+U4*U14+U5*U15+U6*U16+U7*U17)/U9 -> 33.313505 | V19: =(V3*V13+V4*V14+V5*V15+V6*V16+V7*V17)/V9 -> 33.480413 | W19: =(W3*W13+W4*W14+W5*W15+W6*W16+W7*W17)/W9 -> 33.833635 | X19: =(X3*X13+X4*X14+X5*X15+X6*X16+X7*X17+X8*X18)/X9 -> 33.84238 | Y19: =(Y3*Y13+Y4*Y14+Y5*Y15+Y6*Y16+Y7*Y17+Y8*Y18)/Y9 -> 33.81367 | Z19: =(Z3*Z13+Z4*Z14+Z5*Z15+Z6*Z16+Z7*Z17+Z8*Z18)/Z9 -> 34.699198 | AA19: =(AA3*AA13+AA4*AA14+AA5*AA15+AA6*AA16+AA7*AA17+AA8*AA18)/AA9 -> 34.034525 | AB19: =(AB3*AB13+AB4*AB14+AB5*AB15+AB6*AB16+AB7*AB17+AB8*AB18)/AB9 -> 34.468416 | AC19: =(AC3*AC13+AC4*AC14+AC5*AC15+AC6*AC16+AC7*AC17+AC8*AC18)/AC9 -> 33.654913 | AD19: =(AD3*AD13+AD4*AD14+AD5*AD15+AD6*AD16+AD7*AD17+AD8*AD18)/AD9 -> 34.29111 | AE19: =AVERAGE(S19:AD19) -> 33.729611
A20: prior | B20: 31.576499 | C20: 31.345806 | D20: 31.992273 | E20: 32.180956 | F20: 32.379104 | G20: 32.834066 | H20: 32.323266 | I20: 32.209242 | J20: 32.571769 | K20: 32.20532 | L20: 32.943504 | M20: 33.211984 | N20: =AVERAGE(B20:M20) -> 32.314482 | O20: =N19-N20 -> 1.4151287 | P20: Ahead of prior year
A21: Target | B21: 31 | C21: 31 | D21: 31 | E21: 31 | F21: 31 | G21: 31 | H21: 33 | I21: 33 | J21: 33 | K21: 33 | L21: 33 | M21: 33 | N21: =AVERAGE(B21:M21) -> 32 | O21: =N19-N21 -> 1.7296111 | P21: Ahead of target

Sheet Multiplier Avg CDM vs Budget
O2: NB Only pigs sent to Colcom
O3: Sows and growers
B19: 45839 | C19: 45870 | D19: 45901 | E19: 45931 | F19: 45962 | G19: 45992 | H19: 46023 | I19: 46054 | J19: 46082 | K19: 46113 | L19: 46143 | M19: 46174
A20: FY26 | J20: =SUM('Combined total CDM to Colco (7)'!J73+'Combined total CDM to Colco (7)'!J76)/SUM('Combined pigs sold to colco (7)'!J77+'Combined pigs sold to colco (7)'!J80) -> 88.413179 | K20: =SUM('Combined total CDM to Colco (7)'!K73+'Combined total CDM to Colco (7)'!K76)/SUM('Combined pigs sold to colco (7)'!K77+'Combined pigs sold to colco (7)'!K80) -> 87.785872 | L20: =SUM('Combined total CDM to Colco (7)'!L73+'Combined total CDM to Colco (7)'!L76)/SUM('Combined pigs sold to colco (7)'!L77+'Combined pigs sold to colco (7)'!L80) -> 91.779098 | M20: =SUM('Combined total CDM to Colco (7)'!M73+'Combined total CDM to Colco (7)'!M76)/SUM('Combined pigs sold to colco (7)'!M77+'Combined pigs sold to colco (7)'!M80) -> 88.918903 | N20: =AVERAGE(B20:M20) -> 89.224263
A21: PRIOR
A22: Budget | I22: =SUM('[55]IS Multiplier'!I11:I12)/SUM('[55]IS Multiplier'!I7:I8) -> 88.785426 | J22: =SUM('[55]IS Multiplier'!J11:J12)/SUM('[55]IS Multiplier'!J7:J8) -> 88.785426 | K22: =SUM('[55]IS Multiplier'!K11:K12)/SUM('[55]IS Multiplier'!K7:K8) -> 90.766269 | L22: =SUM('[55]IS Multiplier'!L11:L12)/SUM('[55]IS Multiplier'!L7:L8) -> 90.766269 | M22: =SUM('[55]IS Multiplier'!M11:M12)/SUM('[55]IS Multiplier'!M7:M8) -> 90.766269 | N22: =AVERAGE(B22:M22) -> 89.973932 | O22: =N20-N22 -> -0.74966826

Sheet Multiplier total CDM to Col
B16: 45839 | C16: 45870 | D16: 45901 | E16: 45931 | F16: 45962 | G16: 45992 | H16: 46023 | I16: 46054 | J16: 46082 | K16: 46113 | L16: 46143 | M16: 46174
A17: FY26 | I17: 18538.752 | J17: 65072.1 | K17: 79534 | L17: 89576.4 | M17: =+'Combined total CDM to Colco (7)'!M73+'Combined total CDM to Colco (7)'!M76 -> 108658.9
A18: Budgeted | I18: 18538.752 | J18: 92693.76 | K18: 75809.44 | L18: 75809.44 | M18: 94761.8

Sheet Multiplier pigs to col
B17: 45839 | C17: 45870 | D17: 45901 | E17: 45931 | F17: 45962 | G17: 45992 | H17: 46023 | I17: 46054 | J17: 46082 | K17: 46113 | L17: 46143 | M17: 46174
A18: FY26 | I18: 15 | J18: 736 | K18: 906 | L18: 976 | M18: =+'Combined pigs sold to colco (7)'!M77+'Combined pigs sold to colco (7)'!M80 -> 1222
A19: budget | I19: 208.804 | J19: 1044.02 | K19: 835.216 | L19: 835.216 | M19: 1044.02

Sheet Multiplier farrow rate (2)
B17: 45839 | C17: 45870 | D17: 45901 | E17: 45931 | F17: 45962 | G17: 45992 | H17: 46023 | I17: 46054 | J17: 46082 | K17: 46113 | L17: 46143 | M17: 46174
A18: ZLINE | B18: 91 | C18: 96 | D18: 89 | E18: 93 | F18: 90.3 | G18: 97.2 | H18: =+'[56]Combined farrow rate (4)'!X18 -> 94.9 | I18: =+'[56]Combined farrow rate (4)'!Y18 -> 93.8 | J18: =+'[56]Combined farrow rate (4)'!Z18 -> 93 | K18: =+'Combined farrow rate (5)'!AA18 -> 93 | L18: =+'Combined farrow rate (5)'!AB18 -> 93 | M18: =+'Combined farrow rate (5)'!AC18 -> 88.2 | N18: =AVERAGE(B18:M18) -> 92.7
A19: PRIOR YEAR | B19: 86 | C19: 84 | D19: 83 | E19: 86 | F19: 86 | G19: 84 | H19: 74 | I19: 80 | J19: 87 | K19: 92 | L19: 92 | M19: 91 | N19: =AVERAGE(B19:M19) -> 85.416667 | O19: =N18-N19 -> 7.2833333 | P19: Ahead of prior year
A20: TARGET | B20: 90 | C20: 90 | D20: 90 | E20: 90 | F20: 90 | G20: 90 | H20: 90 | I20: 90 | J20: 90 | K20: 90 | L20: 90 | M20: 90 | N20: =AVERAGE(B20:M20) -> 90 | O20: =N18-N20 -> 2.7 | P20: Ahead of target

Sheet Multiplier Born alive  (2)
B17: 45863 | C17: 45894 | D17: 45925 | E17: 45955 | F17: 45986 | G17: 46016 | H17: 46047 | I17: 46078 | J17: 46106 | K17: 46137 | L17: 46167 | M17: 46198
A18: Pedigree | B18: 15.1 | C18: 15.7 | D18: 16 | E18: 15.3 | F18: 14.1 | G18: 14.8 | H18: =+'Combined Born alive (5)'!X19 -> 15.5 | I18: =+'Combined Born alive (5)'!Y19 -> 15.9 | J18: =+'Combined Born alive (5)'!Z19 -> 15.8 | K18: =+'Combined Born alive (5)'!AA19 -> 15.9 | L18: =+'Combined Born alive (5)'!AB19 -> 15.5 | M18: =+'Combined Born alive (5)'!AC19 -> 15 | N18: =AVERAGE(B18:M18) -> 15.383333
A19: PRIOR YEAR | B19: 13.5 | C19: 14.5 | D19: 15.2 | E19: 14.9 | F19: 14.7 | G19: 14.9 | H19: 13.9 | I19: 15.7 | J19: 15.2 | K19: 14.3 | L19: 16.2 | M19: 14.6 | N19: =AVERAGE(B19:M19) -> 14.8 | O19: =N18-N19 -> 0.58333333 | P19: Ahead of prior year
A20: TARGET | B20: 14.7 | C20: 14.7 | D20: 14.7 | E20: 14.7 | F20: 14.7 | G20: 14.7 | H20: 14.7 | I20: 14.7 | J20: 14.7 | K20: 14.7 | L20: 14.7 | M20: 14.7 | N20: =AVERAGE(B20:M20) -> 14.7 | O20: =N18-N20 -> 0.68333333 | P20: Ahead of target

Sheet Multiplier Avg wean weight (2)
B16: 45863 | C16: 45894 | D16: 45925 | E16: 45955 | F16: 45986 | G16: 46016 | H16: 46047 | I16: 46078 | J16: 46106 | K16: 46137 | L16: 46167 | M16: 46198
A17: FY26 | F17: 7.4 | G17: 7.48 | H17: =+'Combined Wean weight (5)'!Y18 -> 7.4 | I17: =+'Combined Wean weight (5)'!Z18 -> 7.08 | J17: =+'Combined Wean weight (5)'!AA18 -> 6.8 | K17: =+'Combined Wean weight (5)'!AB18 -> 6.6 | L17: =+'Combined Wean weight (5)'!AC18 -> 6.93 | M17: =+'Combined Wean weight (5)'!AD18 -> 7.76 | N17: =AVERAGE(B17:M17) -> 7.18125
A18: PRIOR YEAR
A19: TARGET | B19: 7.5 | C19: 7.5 | D19: 7.5 | E19: 7.5 | F19: 7.5 | G19: 7.5 | H19: 7.5 | I19: 7.5 | J19: 7.5 | K19: 7.5 | L19: 7.5 | M19: 7.5 | N19: =AVERAGE(B19:M19) -> 7.5 | O19: =N17-N19 -> -0.31875 | P19: Ahead of target

Sheet Multiplier Total litter mas (2)
B16: 45863 | C16: 45894 | D16: 45925 | E16: 45955 | F16: 45986 | G16: 46016 | H16: 46047 | I16: 46078 | J16: 46106 | K16: 46137 | L16: 46167 | M16: 46198
A17: FY26 | F17: 105 | G17: 105.2 | H17: =+'Combined Litter mass (5)'!W19 -> 104.9 | I17: =+'Combined Litter mass (5)'!X19 -> 99.63 | J17: =+'Combined Litter mass (5)'!Y19 -> 97.62 | K17: =+'Combined Litter mass (5)'!Z19 -> 91 | L17: =+'Combined Litter mass (5)'!AA19 -> 98.79 | M17: =+'Combined Litter mass (5)'!AB19 -> 102.32 | N17: =AVERAGE(B17:L17) -> 100.30571
A18: PRIOR YEAR
A19: TARGET | B19: 100 | C19: 100 | D19: 100 | E19: 100 | F19: 100 | G19: 100 | H19: 100 | I19: 100 | J19: 100 | K19: 100 | L19: 100 | M19: 100 | N19: =AVERAGE(B19:L19) -> 100 | O19: =N19-N17 -> -0.30571429 | P19: Behind Target

Sheet Multiplier 70 day weight  (2)
B16: 45863 | C16: 45894 | D16: 45925 | E16: 45955 | F16: 45986 | G16: 46016 | H16: 46047 | I16: 46078 | J16: 46106 | K16: 46137 | L16: 46167 | M16: 46198
A17: FY26 | G17: =+'[57]Combined 70 day weight (2)'!Y20 -> 28.3 | H17: =+'Combined 70 day weight (5)'!Z22 -> 25.85 | I17: =+'Combined 70 day weight (5)'!AA22 -> 26.57 | J17: =+'Combined 70 day weight (5)'!AB22 -> 24.89 | K17: =+'Combined 70 day weight (5)'!AC22 -> 24.96 | L17: =+'Combined 70 day weight (5)'!AD22 -> 23.9 | M17: =+'Combined 70 day weight (5)'!AE22 -> 24.27 | N17: =AVERAGE(B17:L17) -> 25.745
A18: PRIOR YEAR
A19: TARGET | B19: 28 | C19: 28 | D19: 28 | E19: 28 | F19: 28 | G19: 28 | H19: 28 | I19: 28 | J19: 28 | K19: 28 | L19: 28 | M19: 28 | N19: =AVERAGE(B19:L19) -> 28 | O19: =N17-N19 -> -2.255 | P19: behind Target

Sheet Multiplier 70 day gain  (2)
B16: 45863 | C16: 45894 | D16: 45925 | E16: 45955 | F16: 45986 | G16: 46016 | H16: 46047 | I16: 46078 | J16: 46106 | K16: 46137 | L16: 46167 | M16: 46198
A17: FY26 | G17: 18.4 | H17: =+'Combined 70 day gain (5)'!Z22 -> 18.4 | I17: =+'Combined 70 day gain (5)'!AA22 -> 19.2 | J17: =+'Combined 70 day gain (5)'!AB22 -> 17.99 | K17: =+'Combined 70 day gain (5)'!AC22 -> 18.36 | L17: =+'Combined 70 day gain (5)'!AD22 -> 17 | M17: =+'Combined 70 day gain (5)'!AE22 -> 17.63 | N17: =AVERAGE(B17:M17) -> 18.14
A18: PRIOR YEAR
A19: TARGET | B19: 21 | C19: 21 | D19: 21 | E19: 21 | F19: 21 | G19: 21 | H19: 21 | I19: 21 | J19: 21 | K19: 21 | L19: 21 | M19: 21 | N19: =AVERAGE(B19:M19) -> 21 | O19: =N17-N19 -> -2.86 | P19: Behind target

Sheet Multiplier WSY  (2)
B17: 45839 | C17: 45870 | D17: 45901 | E17: 45931 | F17: 45962 | G17: 45992 | H17: 46023 | I17: 46054 | J17: 46082 | K17: 46113 | L17: 46143 | M17: 46174
A18: Pedigree | G18: 34.6 | H18: =+'[56]Combined WSY (4)'!Y18 -> 32.86 | I18: =+'[56]Combined WSY (4)'!Z18 -> 34.1 | J18: =+'[56]Combined WSY (4)'!AA18 -> 35.32 | K18: =+'[56]Combined WSY (4)'!AB18 -> 31.4 | L18: =+'[56]Combined WSY (4)'!AC18 -> 31.6 | M18: 29.78 | N18: =AVERAGE(B18:M18) -> 32.808571
A19: PRIOR YEAR
A20: TARGET | B20: 33 | C20: 33 | D20: 33 | E20: 33 | F20: 33 | G20: 33 | H20: 33 | I20: 33 | J20: 33 | K20: 33 | L20: 33 | M20: 33 | N20: =AVERAGE(B20:M20) -> 33 | O20: =N18-N20 -> -0.19142857 | P20: Ahead of target

Sheet Multiplier quality gilts suppli
Q1: 45839 | R1: 45870 | S1: 45901 | T1: 45931 | U1: 45962 | V1: 45992 | W1: 46023 | X1: 46054 | Y1: 46082 | Z1: 46113 | AA1: 46143 | AB1: 46174
P2: Grasmere | Q2: 970 | R2: 970 | S2: 970 | T2: 970 | U2: 970 | V2: 970 | W2: 970 | X2: 970 | Y2: 970 | Z2: 970 | AA2: 970 | AB2: 970
P3: Richlands | Q3: 520 | R3: 520 | S3: 520 | T3: 520 | U3: 520 | V3: 520 | W3: 520 | X3: 520 | Y3: 520 | Z3: 520 | AA3: 520 | AB3: 520
P4: Lions Head | Q4: 470 | R4: 470 | S4: 470 | T4: 470 | U4: 470 | V4: 470 | W4: 470 | X4: 470 | Y4: 470 | Z4: 470 | AA4: 470 | AB4: 470
P5: Villa | Q5: 170 | R5: 170 | S5: 170 | T5: 170 | U5: 170 | V5: 170 | W5: 170 | X5: 170 | Y5: 170 | Z5: 170 | AA5: 170 | AB5: 170
P6: porta | Q6: 620 | R6: 620 | S6: 620 | T6: 620 | U6: 620 | V6: 620 | W6: 620 | X6: 620 | Y6: 620 | Z6: 620 | AA6: 620 | AB6: 620
P7: multiplier | W7: 280 | X7: 280 | Y7: 280 | Z7: 280 | AA7: 280 | AB7: 280
Q8: =SUM(Q2:Q6) -> 2750 | R8: =SUM(R2:R6) -> 2750 | S8: =SUM(S2:S6) -> 2750 | T8: =SUM(T2:T6) -> 2750 | U8: =SUM(U2:U6) -> 2750 | V8: =SUM(V2:V6) -> 2750 | W8: =SUM(W2:W7) -> 3030 | X8: =SUM(X2:X7) -> 3030 | Y8: =SUM(Y2:Y7) -> 3030 | Z8: =SUM(Z2:Z7) -> 3030 | AA8: =SUM(AA2:AA7) -> 3030 | AB8: =SUM(AB2:AB7) -> 3030
Q11: 45839 | R11: 45870 | S11: 45901 | T11: 45931 | U11: 45962 | V11: 45992 | W11: 46023 | X11: 46054 | Y11: 46082 | Z11: 46113 | AA11: 46143 | AB11: 46174 | AC11: AVG YTD
P12: Grasmere | Z12: =(H44+P44+X44+AF44)/4 -> 73.752174 | AA12: =(H34+P34+X34+AF34)/4 -> 75.123214 | AB12: =(H25+P25+X25+AF25+AO25)/5 -> 72.254989 | AC12: =AVERAGE(Q12:AB12) -> 73.710126
P13: Richlands | Z13: =(H45+P45+X45+AF45)/4 -> 95.616429 | AA13: =(H35+P35+X35+AF35)/4 -> 88.63094 | AB13: =(H26+P26+X26+AF26+AO26)/5 -> 84.001714 | AC13: =AVERAGE(Q13:AB13) -> 89.416361
P14: Lions Head | Z14: =(H46+P46+X46+AF46)/4 -> 82.5 | AA14: =(H36+P36+X36+AF36)/4 -> 87.5 | AB14: =(H27+P27+X27+AF27+AO27)/5 -> 78 | AC14: =AVERAGE(Q14:AB14) -> 82.666667
P15: Villa | Z15: =(H47+P47+X47+AF47)/4 -> 78 | AA15: =(H37+P37+X37+AF37)/4 -> 78.8 | AB15: =(H28+P28+X28+AF28+AO28)/5 -> 70.88 | AC15: =AVERAGE(Q15:AB15) -> 75.893333
P16: porta | Z16: =(H48+P48+X48+AF48)/4 -> 76.915 | AA16: =(H38+P38+X38+AF38)/4 -> 85.48 | AB16: =(H29+P29+X29+AF29+AO29)/5 -> 78.136 | AC16: =AVERAGE(Q16:AB16) -> 80.177
P17: Multiplier | Z17: =(H49+P49+X49+AF49)/4 -> 86.107789 | AA17: =(H39+P39+X39+AF39)/4 -> 88.405238 | AB17: =(H30+P30+X30+AF30+AO30)/5 -> 79.669333 | AC17: =AVERAGE(Q17:AB17) -> 84.727453
B18: 45839 | C18: 45870 | D18: 45901 | E18: 45931 | F18: 45962 | G18: 45992 | H18: 46023 | I18: 46054 | J18: 46082 | K18: 46113 | L18: 46143 | M18: 46174 | P18: AVERAGE | Q18: =(Q2*Q12+Q3*Q13+Q4*Q14+Q5*Q15+Q6*Q16+#REF!*#REF!+#REF!*#REF!)/Q8 -> #REF! | R18: =(R2*R12+R3*R13+R4*R14+R5*R15+R6*R16+#REF!*#REF!+#REF!*#REF!)/R8 -> #REF! | S18: =(S2*S12+S3*S13+S4*S14+S5*S15+S6*S16+#REF!*#REF!+#REF!*#REF!)/S8 -> #REF! | T18: =(T2*T12+T3*T13+T4*T14+T5*T15+T6*T16+#REF!*#REF!+#REF!*#REF!)/T8 -> #REF! | U18: =(U2*U12+U3*U13+U4*U14+U5*U15+U6*U16+#REF!*#REF!+#REF!*#REF!)/U8 -> #REF! | V18: =(V2*V12+V3*V13+V4*V14+V5*V15+V6*V16+#REF!*#REF!+#REF!*#REF!)/V8 -> #REF! | W18: =(W2*W12+W3*W13+W4*W14+W5*W15+W6*W16+#REF!*#REF!+#REF!*#REF!+W7*W17)/W8 -> #REF! | X18: =(X2*X12+X3*X13+X4*X14+X5*X15+X6*X16+#REF!*#REF!+#REF!*#REF!+X7*X17)/X8 -> #REF! | Y18: =(Y2*Y12+Y3*Y13+Y4*Y14+Y5*Y15+Y6*Y16+#REF!*#REF!+#REF!*#REF!+Y7*Y17)/Y8 -> #REF! | Z18: =(Z2*Z12+Z3*Z13+Z4*Z14+Z5*Z15+Z6*Z16+Z7*Z17)/Z8 -> 80.888658 | AA18: =(AA2*AA12+AA3*AA13+AA4*AA14+AA5*AA15+AA6*AA16+AA7*AA17)/AA8 -> 82.914084 | AB18: =(AB2*AB12+AB3*AB13+AB4*AB14+AB5*AB15+AB6*AB16+AB7*AB17)/AB8 -> 76.973453 | AC18: =AVERAGE(AC12:AC17) -> 81.09849
A19: Pedigree | K19: =Z18 -> 80.888658 | L19: =AA18 -> 82.914084 | M19: =AB18 -> 76.973453 | P19: 20 | X19: 19
A20: PRIOR YEAR
A21: TARGET | B21: 85 | C21: 85 | D21: 85 | E21: 85 | F21: 85 | G21: 85 | H21: 85 | I21: 85 | J21: 85 | K21: 85 | L21: 85 | M21: 85
D23: 23 | L23: 22 | S23: 21 | AB23: 20 | AK23: 19
C24: Teats | D24: colour tag | E24: Birth weight | F24: wean weight | G24: Conformation | K24: Teats | L24: colour tag | M24: Birth weight | N24: wean weight | O24: Conformation | S24: Teats | T24: colour tag | U24: Birth weight | V24: wean weight | W24: Conformation | AA24: Teats | AB24: colour tag | AC24: Birth weight | AD24: wean weight | AE24: Conformation | AI24: Teats | AJ24: colour tag | AK24: Birth weight | AL24: wean weight | AM24: Conformation
B25: Grasmere | C25: 65.4 | D25: 38.5 | E25: 57.7 | F25: 46.6 | G25: 93.846154 | H25: =AVERAGE(C25:G25) -> 60.409231 | J25: Grasmere | K25: 46.4 | L25: 67.9 | M25: 85.7 | N25: 92.9 | O25: 96.428571 | P25: =AVERAGE(K25:O25) -> 77.865714 | R25: Grasmere | S25: 73.1 | T25: 42.2 | U25: 73.1 | V25: 50 | W25: 95.833333 | X25: =AVERAGE(S25:W25) -> 66.846667 | Z25: Grasmere | AA25: 69 | AB25: 19.2 | AC25: 88.5 | AD25: 96.6 | AE25: 100 | AF25: =AVERAGE(AA25:AE25) -> 74.66 | AH25: Grasmere | AI25: 75 | AJ25: 83.3 | AK25: 75 | AL25: 75 | AM25: 99.166667 | AN25: 81.493333 | AO25: =AVERAGE(AI25:AN25) -> 81.493333
A26: June | B26: Richlands | C26: 78.6 | D26: 42.8 | E26: 92.9 | F26: 100 | G26: 97.142857 | H26: =AVERAGE(C26:G26) -> 82.288571 | J26: Richlands | K26: 64.3 | L26: 85.7 | M26: 85.7 | N26: 100 | O26: 97.142857 | P26: =AVERAGE(K26:O26) -> 86.568571 | R26: Richlands | S26: 71.4 | T26: 55.7 | U26: 85.7 | V26: 100 | W26: 97.142857 | X26: =AVERAGE(S26:W26) -> 81.988571 | Z26: Richlands | AA26: 71.4 | AB26: 71.4 | AC26: 85.7 | AD26: 100 | AE26: 97.142857 | AF26: =AVERAGE(AA26:AE26) -> 85.128571 | AH26: Richlands | AI26: 50 | AJ26: 78.6 | AK26: 93 | AL26: 100 | AM26: 98.571429 | AN26: 84.034286 | AO26: =AVERAGE(AI26:AN26) -> 84.034286
B27: Multiplier | C27: 50 | D27: 100 | E27: 100 | F27: 100 | G27: 100 | H27: =AVERAGE(C27:G27) -> 90 | J27: Multiplier | K27: 100 | L27: 100 | M27: 50 | N27: 100 | O27: 100 | P27: =AVERAGE(K27:O27) -> 90 | R27: Multiplier | S27: 0 | T27: 100 | U27: 50 | V27: 100 | W27: 100 | X27: =AVERAGE(S27:W27) -> 70 | Z27: Multiplier | AA27: 0 | AB27: 100 | AC27: 100 | AD27: 100 | AE27: 100 | AF27: =AVERAGE(AA27:AE27) -> 80 | AH27: Multiplier | AI27: 100 | AJ27: 100 | AK27: 0 | AL27: 0 | AM27: 100 | AN27: 60 | AO27: =AVERAGE(AI27:AN27) -> 60
B28: Villa | C28: 60 | D28: 100 | E28: 60 | F28: 0 | G28: 96 | H28: =AVERAGE(C28:G28) -> 63.2 | J28: Villa | K28: 80 | L28: 100 | M28: 60 | N28: 0 | O28: 100 | P28: =AVERAGE(K28:O28) -> 68 | R28: Villa | S28: 40 | T28: 100 | U28: 40 | V28: 0 | W28: 100 | X28: =AVERAGE(S28:W28) -> 56 | Z28: Villa | AA28: 80 | AB28: 100 | AC28: 100 | AD28: 100 | AE28: 96 | AF28: =AVERAGE(AA28:AE28) -> 95.2 | AH28: Villa | AI28: 80 | AJ28: 100 | AK28: 80 | AL28: 0 | AM28: 100 | AN28: 72 | AO28: =AVERAGE(AI28:AN28) -> 72
B29: Porta | C29: 100 | D29: 66.7 | E29: 91.7 | F29: 75 | G29: 96.666667 | H29: =AVERAGE(C29:G29) -> 86.013333 | J29: Porta | K29: 100 | L29: 16.8 | M29: 83.3 | N29: 58.3 | O29: 95 | P29: =AVERAGE(K29:O29) -> 70.68 | R29: Porta | S29: 100 | T29: 8.3 | U29: 75 | V29: 58.3 | W29: 78.333333 | X29: =AVERAGE(S29:W29) -> 63.986667 | Z29: Porta | AA29: 100 | AB29: 58.3 | AC29: 66.7 | AD29: 58.3 | AE29: 100 | AF29: =AVERAGE(AA29:AE29) -> 76.66 | AH29: Porta | AI29: 91.7 | AJ29: 100 | AK29: 83.3 | AL29: 91.7 | AM29: 100 | AN29: 93.34 | AO29: =AVERAGE(AI29:AN29) -> 93.34
B30: Lions Head | C30: 100 | D30: 75 | E30: 91.7 | F30: 100 | G30: 95 | H30: =AVERAGE(C30:G30) -> 92.34 | J30: Lions Head | K30: 91.7 | L30: 41.7 | M30: 91.7 | N30: 100 | O30: 100 | P30: =AVERAGE(K30:O30) -> 85.02 | R30: Lions Head | S30: 58.3 | T30: 41.7 | U30: 91.7 | V30: 100 | W30: 98.333333 | X30: =AVERAGE(S30:W30) -> 78.006667 | Z30: Lions Head | AA30: 25 | AB30: 25 | AC30: 83.3 | AD30: 100 | AE30: 95 | AF30: =AVERAGE(AA30:AE30) -> 65.66 | AH30: Lions Head | AI30: 58.3 | AJ30: 83.3 | AK30: 58.3 | AL30: 91.7 | AM30: 95 | AN30: 77.32 | AO30: =AVERAGE(AI30:AN30) -> 77.32
E32: 18 | M32: 17 | U32: 16
C33: Teats | D33: colour tag | E33: Birth weight | F33: wean weight | G33: Conformation | K33: Teats | L33: colour tag | M33: Birth weight | N33: wean weight | O33: Conformation | S33: Teats | T33: colour tag | U33: Birth weight | V33: wean weight | W33: Conformation | AA33: Teats | AB33: colour tag | AC33: Birth weight | AD33: wean weight | AE33: Conformation
A34: May | B34: Grasmere | C34: 65.6 | D34: 89.3 | E34: 65.5 | F34: 58.6 | G34: 95 | H34: 74.8 | J34: Grasmere | K34: 60.7 | L34: 89.3 | M34: 92.8 | N34: 25 | O34: 97.857143 | P34: 73.131429 | R34: Grasmere | S34: 85.7 | T34: 89.3 | U34: 85.7 | V34: 39.2 | W34: 97.857143 | X34: 79.551429 | Z34: Grasmere | AA34: 87.5 | AB34: 87.5 | AC34: 62.5 | AD34: 31.3 | AE34: 96.25 | AF34: 73.01
B35: Richlands | C35: 71.4 | D35: 85.7 | E35: 85.7 | F35: 100 | G35: 98.571429 | H35: 88.274286 | J35: Richlands | K35: 64.3 | L35: 78.6 | M35: 92.9 | N35: 100 | O35: 100 | P35: 87.16 | R35: Richlands | S35: 84.2 | T35: 89.5 | U35: 94.7 | V35: 94.7 | W35: 98.947368 | X35: 92.409474 | Z35: Richlands | AA35: 77.8 | AB35: 55.6 | AC35: 100 | AD35: 100 | AE35: 100 | AF35: 86.68
B36: Multiplier | C36: 50 | D36: 100 | E36: 100 | F36: 0 | G36: 100 | H36: 70 | J36: Multiplier | K36: 0 | L36: 100 | M36: 100 | N36: 100 | O36: 100 | P36: 80 | R36: Multiplier | S36: 100 | T36: 100 | U36: 100 | V36: 100 | W36: 100 | X36: 100 | Z36: Multiplier | AA36: 100 | AB36: 100 | AC36: 100 | AD36: 100 | AE36: 100 | AF36: 100
B37: Villa | C37: 100 | D37: 100 | E37: 60 | F37: 0 | G37: 88 | H37: 69.6 | J37: Villa | K37: 20 | L37: 100 | M37: 100 | N37: 100 | O37: 96 | P37: 83.2 | R37: Villa | S37: 100 | T37: 100 | U37: 100 | V37: 40 | W37: 92 | X37: 86.4 | Z37: Villa | AA37: 80 | AB37: 100 | AC37: 100 | AD37: 0 | AE37: 100 | AF37: 76
B38: Porta | C38: 91.7 | D38: 83.3 | E38: 100 | F38: 100 | G38: 100 | H38: 95 | J38: Porta | K38: 58 | L38: 83.3 | M38: 100 | N38: 100 | O38: 100 | P38: 88.26 | R38: Porta | S38: 100 | T38: 100 | U38: 93.3 | V38: 0 | W38: 100 | X38: 78.66 | Z38: Porta | AA38: 89 | AB38: 89 | AC38: 100 | AD38: 22 | AE38: 100 | AF38: 80
B39: Lions Head | C39: 75 | D39: 100 | E39: 75 | F39: 100 | G39: 98.333333 | H39: 89.666667 | J39: Lions Head | K39: 85.7 | L39: 71.4 | M39: 78.6 | N39: 100 | O39: 98.571429 | P39: 86.854286 | R39: Lions Head | S39: 76.5 | T39: 100 | U39: 76.5 | V39: 76.5 | W39: 100 | X39: 85.9 | Z39: Lions Head | AA39: 56 | AB39: 100 | AC39: 100 | AD39: 100 | AE39: 100 | AF39: 91.2
E42: 14 | M42: 13 | U42: 12 | AC42: 11
C43: Teats | D43: colour tag | E43: Birth weight | F43: wean weight | G43: Conformation | K43: Teats | L43: colour tag | M43: Birth weight | N43: wean weight | O43: Conformation | S43: Teats | T43: colour tag | U43: Birth weight | V43: wean weight | W43: Conformation | AA43: Teats | AB43: colour tag | AC43: Birth weight | AD43: wean weight | AE43: Conformation | AF43: score
B44: Grasmere | C44: 86.2 | D44: 86.9 | E44: 56.5 | F44: 34.8 | G44: 98.26087 | H44: 72.532174 | J44: Grasmere | K44: 91.3 | L44: 100 | M44: 82.6 | N44: 39.1 | O44: 99.130435 | P44: 82.426087 | R44: Grasmere | S44: 82.6 | T44: 100 | U44: 78.3 | V44: 4.3 | W44: 97.391304 | X44: 72.518261 | Z44: Grasmere | AA44: 87 | AB44: 78.3 | AC44: 69.6 | AD44: 4.5 | AE44: 98.26087 | AF44: 67.532174
B45: Richlands | C45: 92.6 | D45: 100 | E45: 100 | F45: 100 | G45: 94.285714 | H45: 97.377143 | J45: Richlands | K45: 78.6 | L45: 100 | M45: 92.9 | N45: 100 | O45: 97.142857 | P45: 93.728571 | R45: Richlands | S45: 92.9 | T45: 100 | U45: 100 | V45: 100 | W45: 100 | X45: 98.58 | Z45: Richlands | AA45: 71 | AB45: 92.9 | AC45: 100 | AD45: 100 | AE45: 100 | AF45: 92.78
A46: April | B46: Multiplier | C46: 50 | D46: 100 | E46: 50 | F46: 0 | G46: 100 | H46: 60 | J46: Multiplier | K46: 50 | L46: 100 | M46: 50 | N46: 100 | O46: 100 | P46: 80 | R46: Multiplier | S46: 50 | T46: 100 | U46: 100 | V46: 100 | W46: 100 | X46: 90 | Z46: Multiplier | AA46: 100 | AB46: 100 | AC46: 100 | AD46: 100 | AE46: 100 | AF46: 100
B47: Villa | C47: 80 | D47: 100 | E47: 80 | F47: 80 | G47: 80 | H47: 84 | J47: Villa | K47: 80 | L47: 100 | M47: 80 | N47: 20 | O47: 80 | P47: 72 | R47: Villa | S47: 80 | T47: 100 | U47: 80 | V47: 20 | W47: 88 | X47: 73.6 | Z47: Villa | AA47: 100 | AB47: 100 | AC47: 100 | AD47: 20 | AE47: 92 | AF47: 82.4
B48: Porta | C48: 83.3 | D48: 91.7 | E48: 66.7 | F48: 50 | G48: 100 | H48: 78.34 | J48: Porta | K48: 91.7 | L48: 100 | M48: 66.7 | N48: 8.3 | O48: 93.333333 | P48: 72.006667 | R48: Porta | S48: 100 | T48: 100 | U48: 83.3 | V48: 8.3 | W48: 93.333333 | X48: 76.986667 | Z48: Porta | AA48: 75 | AB48: 83.3 | AC48: 75 | AD48: 75 | AE48: 93.333333 | AF48: 80.326667
B49: Lions Head | C49: 69.2 | D49: 100 | E49: 92.3 | F49: 58.3 | G49: 98.461538 | H49: 83.652308 | J49: Lions Head | K49: 66.7 | L49: 100 | M49: 83.8 | N49: 100 | O49: 98.333333 | P49: 89.766667 | R49: Lions Head | S49: 71.4 | T49: 100 | U49: 100 | V49: 100 | W49: 98.571429 | X49: 93.994286 | Z49: Lions Head | AA49: 68 | AB49: 47.4 | AC49: 100 | AD49: 73.9 | AE49: 95.789474 | AF49: 77.017895
C51: % ABOVE 16+ | D51: % GREEN | E51: %1.2 PLUS | F51: % 7 PLUS | G51: 0.05

Sheet Multiplier Ops (other) (2)
B2: MULTIPLIER OPERATIONAL REPORT JUNE 2026
B3: Statistic | C3: 45992 | D3: 46023 | E3: 46054 | F3: 46082 | G3: 46113 | H3: 46143 | I3: 46174 | J3: Target
B4: z line | H4: 407 | I4: 392.8
B5: tn70 | H5: 90 | I5: 73.3
B6: Empty Days | C6: 23 | D6: 16 | E6: 30 | F6: 24 | G6: 21 | H6: 24 | I6: 43.9 | J6: 18
B7: Total Born | C7: 16.3 | D7: 16.9 | E7: 17.5 | F7: 17.2 | G7: 17.3 | H7: 17.6 | I7: 15.8 | J7: 17.7
B8: Born Alive | C8: 14.8 | D8: 15.5 | E8: 15.9 | F8: 15.8 | G8: 15.9 | H8: 15.6 | I8: 14.3 | J8: 16.5
B9: Avg BD per sow | C9: 1.5 | D9: 1.4 | E9: 1.6 | F9: 1.4 | G9: 1.4 | H9: 2 | I9: 1.5 | J9: 1.2
B10: Weaned/Sow | C10: 14.1 | D10: 13.7 | E10: 14.2 | F10: 14.9 | G10: 13.8 | H10: 13.6 | I10: 13 | J10: 15
B11: Pre wean mort | C11: 5.4 | D11: 8 | E11: 8.53 | F11: 6 | G11: 7.3 | H11: 9.2 | I11: 8.9 | J11: 9
B12: A.D.G. Weaner | C12: 0.47 | D12: 0.485 | E12: 0.488 | F12: 0.462 | G12: 0.5 | H12: 0.43 | I12: 0.45 | J12: 0.5
B13: F.C.E. Weaner | C13: 1.63 | D13: 1.63 | E13: 1.7 | F13: 1.71 | G13: 1.6 | H13: 1.69 | I13: 1.66 | J13: 1.5
B14: Weight Gained | C14: 18.4 | D14: 18.9 | E14: 19.2 | F14: 17.99 | G14: 18.4 | H14: 16.93 | I14: 17.6 | J14: 20
B15: A.D.G. Grower | F15: 0.75 | G15: 1 | H15: 1.11 | I15: 1.04 | J15: 1
B16: F.C.E. Grower | F16: 3.12 | G16: 2.6 | H16: 2.44 | I16: 2 | J16: 2.4
B18: MORTALITIES SUMMARY | C18: 45992 | D18: 46023 | E18: 46054 | F18: 46082 | G18: 46113 | H18: 46143 | I18: 46174
B19: SOW MORTALITY | C19: 7 | D19: 5 | E19: 2 | F19: 5 | G19: 2 | H19: 0 | I19: 7
B20: GILT MORTALITY | C20: 5 | D20: 5 | E20: 0 | F20: 0 | G20: 0 | H20: 0 | I20: 1
B21: WEANER MORTALITY | C21: 0.0043 | D21: 0.0065 | E21: 0.0043 | F21: 0.0082 | G21: 0.017 | H21: 0.0095 | I21: 0.0095 | J21: 0.015
B22: GROWER MORTALITY | F22: 0.022 | G22: 0.031 | H22: 0.01725 | I22: 0.02 | J22: 0.02

Sheet Porta Avg CDM vs Budget 
O2: NB Only pigs sent to Colcom
O3: Sows and growers
B19: 45839 | C19: 45870 | D19: 45901 | E19: 45931 | F19: 45962 | G19: 45992 | H19: 46023 | I19: 46054 | J19: 46082 | K19: 46113 | L19: 46143 | M19: 46174
