Workbook

Sheet week 01
A1: Collector | B1: Boar | C1: TSI | D1: Genetic level | E1: Genetic Rank | F1: Last recorded raw Semen collected (mls) | G1: Last recorded Doses | H1: Dose rank | I1: Last recorded Morphology | J1: Morphology rank | K1: Overal Grading | L1: Overal Rank | N1: MULTIPLER SITE | Y1: 45677
N2: Sunday | O2: Sunday | P2: Sunday | Q2: Wed | R2: Wed | S2: Wed
A3: AW | B3: LA0499 | C3: 114 | D3: Above average | E3: 1 | F3: 250 | G3: 41 | H3: =RANK(G3,$G$3:$G$10) -> 3 | I3: 89 | J3: =RANK(I3,$I$3:$I$10)+COUNTIF(I3:$I$3,I3)-1 -> 1 | K3: =(E3+J3)/2 -> 1 | L3: =RANK(K3,$K$3:$K$10,1)+COUNTIF(K3:$K$6,K3)-1 -> 1 | N3: required | O3: estimate | P3: actual | Q3: required | R3: estimate | S3: actual
A4: AW | B4: LA0752 | C4: 108 | D4: Average | E4: 2 | F4: 152 | G4: 34 | H4: =RANK(G4,$G$3:$G$10) -> 5 | I4: 88 | J4: =RANK(I4,$I$3:$I$10)+COUNTIF(I$3:$I4,I4)-1 -> 3 | K4: =(E4+J4)/2 -> 2.5 | L4: =RANK(K4,$K$3:$K$10,1)+COUNTIF(K4:$K$6,K4)-1 -> 3 | N4: 50 | O4: 120 | P4: 127 | Q4: 20 | R4: 30 | S4: 48 | T4: TOTAL OF THE WEEK
A5: AW | B5: LA0724 | C5: 108 | D5: Average | E5: 3 | F5: 310 | G5: 37 | H5: =RANK(G5,$G$3:$G$10) -> 4 | I5: 89 | J5: =RANK(I5,$I$3:$I$10)+COUNTIF(I$3:$I5,I5)-1 -> 2 | K5: =(E5+J5)/2 -> 2.5 | L5: =RANK(K5,$K$3:$K$10,1)+COUNTIF(K5:$K$6,K5)-1 -> 2 | T5: Estimated total | U5: Actual total
A6: CM | B6: CL1114 | C6: 92 | D6: Low | E6: 4 | F6: 326 | G6: 14 | H6: =RANK(G6,$G$3:$G$10) -> 6 | I6: 87 | J6: =RANK(I6,$I$3:$I$10)+COUNTIF(I$3:$I6,I6)-1 -> 5 | K6: =(E6+J6)/2 -> 4.5 | L6: =RANK(K6,$K$3:$K$10,1)+COUNTIF(K6:$K$6,K6)-1 -> 4 | T6: =O4+R4 -> 150 | U6: =P4+S4 -> 175
A7: CM | B7: LA0117 | C7: 85 | D7: Low | E7: 5 | F7: 434 | G7: 49 | H7: =RANK(G7,$G$3:$G$10) -> 1 | I7: 87 | J7: =RANK(I7,$I$3:$I$10)+COUNTIF(I$3:$I7,I7)-1 -> 6 | K7: =(E7+J7)/2 -> 5.5 | L7: =RANK(K7,$K$3:$K$10,1)+COUNTIF(K$6:$K7,K7)-1 -> 6
B8: CL6865 | C8: 85 | D8: Low | E8: 6 | F8: 321 | G8: 47 | H8: =RANK(G8,$G$3:$G$10) -> 2 | I8: 88 | J8: =RANK(I8,$I$3:$I$10)+COUNTIF(I$3:$I8,I8)-1 -> 4 | K8: =(E8+J8)/2 -> 5 | L8: =RANK(K8,$K$3:$K$10,1)+COUNTIF(K$6:$K8,K8)-1 -> 5
B9: CL6866 | C9: 83 | D9: Low | E9: 7 | J9: =RANK(I9,$I$3:$I$10)+COUNTIF(I$6:$I9,I9)-1 -> #N/A
B11: SUNDAY | C11: WEDNESDAY
B12: L1 | C12: L2
B13: SUNDAY | C13: WEDNESDAY
C15: NO LONGER IN USE AWAITING TOBE TEASER BOARS

Sheet week 02
A1: Collector | B1: Boar | C1: TSI | D1: Genetic level | E1: Genetic Rank | F1: Last recorded raw Semen collected (mls) | G1: Last recorded Doses | H1: Dose rank | I1: Last recorded Morphology | J1: Morphology rank | K1: Overal Grading | L1: Overal Rank | N1: MULTIPLER SITE | Y1: 45677
N2: Sunday | O2: Sunday | P2: Sunday | Q2: Wed | R2: Wed | S2: Wed
A3: AW | B3: LA0499 | C3: 114 | D3: Above average | E3: 1 | F3: 546 | G3: 39 | H3: =RANK(G3,$G$3:$G$10) -> 3 | I3: 89 | J3: =RANK(I3,$I$3:$I$10)+COUNTIF(I3:$I$3,I3)-1 -> 1 | K3: =(E3+J3)/2 -> 1 | L3: =RANK(K3,$K$3:$K$10,1)+COUNTIF(K3:$K$6,K3)-1 -> 1 | N3: required | O3: estimate | P3: actual | Q3: required | R3: estimate | S3: actual
A4: AW | B4: LA0752 | C4: 108 | D4: Average | E4: 2 | F4: 264 | G4: 30 | H4: =RANK(G4,$G$3:$G$10) -> 4 | I4: 87 | J4: =RANK(I4,$I$3:$I$10)+COUNTIF(I$3:$I4,I4)-1 -> 6 | K4: =(E4+J4)/2 -> 4 | L4: =RANK(K4,$K$3:$K$10,1)+COUNTIF(K4:$K$6,K4)-1 -> 5 | N4: 50 | O4: 127 | P4: 84 | Q4: 20 | R4: 48 | S4: 96
A5: CM | B5: LA0724 | C5: 108 | D5: Average | E5: 3 | F5: 262 | G5: 66 | H5: =RANK(G5,$G$3:$G$10) -> 1 | I5: 88 | J5: =RANK(I5,$I$3:$I$10)+COUNTIF(I$3:$I5,I5)-1 -> 3 | K5: =(E5+J5)/2 -> 3 | L5: =RANK(K5,$K$3:$K$10,1)+COUNTIF(K5:$K$6,K5)-1 -> 2 | T5: TOTAL OF THE WEEK
A6: TA | B6: CL1114 | C6: 92 | D6: Low | E6: 4 | F6: 201 | G6: 15 | H6: =RANK(G6,$G$3:$G$10) -> 6 | I6: 88 | J6: =RANK(I6,$I$3:$I$10)+COUNTIF(I$3:$I6,I6)-1 -> 4 | K6: =(E6+J6)/2 -> 4 | L6: =RANK(K6,$K$3:$K$10,1)+COUNTIF(K6:$K$6,K6)-1 -> 4 | T6: Estimated total | U6: Actual total
A7: CM | B7: LA0117 | C7: 85 | D7: Low | E7: 5 | F7: 176 | G7: 30 | H7: =RANK(G7,$G$3:$G$10) -> 4 | I7: 89 | J7: =RANK(I7,$I$3:$I$10)+COUNTIF(I$3:$I7,I7)-1 -> 2 | K7: =(E7+J7)/2 -> 3.5 | L7: =RANK(K7,$K$3:$K$10,1)+COUNTIF(K$6:$K7,K7)-1 -> 3 | T7: =O4+R4 -> 175 | U7: =P4+S4 -> 180
B8: CL6865 | C8: 85 | D8: Low | E8: 6 | F8: 210 | G8: 47 | H8: =RANK(G8,$G$3:$G$10) -> 2 | I8: 88 | J8: =RANK(I8,$I$3:$I$10)+COUNTIF(I$3:$I8,I8)-1 -> 5 | K8: =(E8+J8)/2 -> 5.5 | L8: =RANK(K8,$K$3:$K$10,1)+COUNTIF(K$6:$K8,K8)-1 -> 6
B9: CL6866 | C9: 83 | D9: Low | E9: 7 | J9: =RANK(I9,$I$3:$I$10)+COUNTIF(I$6:$I9,I9)-1 -> #N/A
B11: SUNDAY | C11: WEDNESDAY
B12: L1 | C12: L2
B13: SUNDAY | C13: WEDNESDAY
C15: NO LONGER IN USE AWAITING TOBE TEASER BOARS

Sheet week 03
A1: Collector | B1: Boar | C1: TSI | D1: Genetic level | E1: Genetic Rank | F1: Last recorded raw Semen collected (mls) | G1: Last recorded Doses | H1: Dose rank | I1: Last recorded Morphology | J1: Morphology rank | K1: Overal Grading | L1: Overal Rank | O1: MULTIPLER SITE | Z1: 45677
O2: Sunday | P2: Sunday | Q2: Sunday | R2: Wed | S2: Wed | T2: Wed
A3: AW | B3: LA0499 | C3: 114 | D3: Above average | E3: 1 | F3: 203 | G3: 30 | H3: =RANK(G3,$G$3:$G$10) -> 5 | I3: 89 | J3: =RANK(I3,$I$3:$I$10)+COUNTIF(I3:$I$3,I3)-1 -> 1 | K3: =(E3+J3)/2 -> 1 | L3: =RANK(K3,$K$3:$K$10,1)+COUNTIF(K3:$K$6,K3)-1 -> 1 | O3: required | P3: estimate | Q3: actual | R3: required | S3: estimate | T3: actual
A4: TA | B4: LA0752 | C4: 108 | D4: Average | E4: 2 | F4: 168 | G4: 39 | H4: =RANK(G4,$G$3:$G$10) -> 3 | I4: 88 | J4: =RANK(I4,$I$3:$I$10)+COUNTIF(I$3:$I4,I4)-1 -> 3 | K4: =(E4+J4)/2 -> 2.5 | L4: =RANK(K4,$K$3:$K$10,1)+COUNTIF(K4:$K$6,K4)-1 -> 3 | O4: 50 | P4: 84 | Q4: 98 | R4: 20 | S4: 96 | T4: 67
A5: CM | B5: LA0724 | C5: 108 | D5: Average | E5: 3 | F5: 310 | G5: 37 | H5: =RANK(G5,$G$3:$G$10) -> 4 | I5: 89 | J5: =RANK(I5,$I$3:$I$10)+COUNTIF(I$3:$I5,I5)-1 -> 2 | K5: =(E5+J5)/2 -> 2.5 | L5: =RANK(K5,$K$3:$K$10,1)+COUNTIF(K5:$K$6,K5)-1 -> 2 | U5: TOTAL OF THE WEEK
A6: CM | B6: CL1114 | C6: 92 | D6: Low | E6: 4 | F6: 142 | G6: 10 | H6: =RANK(G6,$G$3:$G$10) -> 6 | I6: 87 | J6: =RANK(I6,$I$3:$I$10)+COUNTIF(I$3:$I6,I6)-1 -> 6 | K6: =(E6+J6)/2 -> 5 | L6: =RANK(K6,$K$3:$K$10,1)+COUNTIF(K6:$K$6,K6)-1 -> 6 | U6: Estimated total | V6: Actual total
A7: AW | B7: LA0117 | C7: 85 | D7: Low | E7: 5 | F7: 434 | G7: 49 | H7: =RANK(G7,$G$3:$G$10) -> 1 | I7: 88 | J7: =RANK(I7,$I$3:$I$10)+COUNTIF(I$3:$I7,I7)-1 -> 4 | K7: =(E7+J7)/2 -> 4.5 | L7: =RANK(K7,$K$3:$K$10,1)+COUNTIF(K$6:$K7,K7)-1 -> 5 | U7: =P4+S4 -> 180 | V7: =Q4+T4 -> 165
B8: CL6865 | C8: 85 | D8: Low | E8: 6 | F8: 321 | G8: 47 | H8: =RANK(G8,$G$3:$G$10) -> 2 | I8: 88 | J8: =RANK(I8,$I$3:$I$10)+COUNTIF(I$3:$I8,I8)-1 -> 5 | K8: =(E8+J8)/2 -> 5.5 | L8: =RANK(K8,$K$3:$K$10,1)+COUNTIF(K$6:$K8,K8)-1 -> 7
B9: CL6866 | C9: 83 | D9: Low | E9: 7 | K9: =(E9+J9)/2 -> 3.5 | L9: =RANK(K9,$K$3:$K$10,1)+COUNTIF(K$6:$K9,K9)-1 -> 4
B11: SUNDAY | C11: WEDNESDAY
B12: L1 | C12: L2
B13: SUNDAY | C13: WEDNESDAY
C15: NO LONGER IN USE AWAITING TO BE TEASER BOARS

Sheet week 04
A1: Collector | B1: Boar | C1: TSI | D1: Genetic level | E1: Genetic Rank | F1: Last recorded raw Semen collected (mls) | G1: Last recorded Doses | H1: Dose rank | I1: Last recorded Morphology | J1: Morphology rank | K1: Overal Grading | L1: Overal Rank | O1: MULTIPLER SITE | Z1: 45677
O2: Sunday | P2: Sunday | Q2: Sunday | R2: Wed | S2: Wed | T2: Wed
A3: TA | B3: LA0499 | C3: 114 | D3: Above average | E3: 1 | F3: 321 | G3: 28 | H3: =RANK(G3,$G$3:$G$10) -> 5 | I3: 88 | J3: =RANK(I3,$I$3:$I$10)+COUNTIF(I3:$I$3,I3)-1 -> 2 | K3: =(E3+J3)/2 -> 1.5 | L3: =RANK(K3,$K$3:$K$10,1)+COUNTIF(K3:$K$6,K3)-1 -> 2 | O3: required | P3: estimate | Q3: actual | R3: required | S3: estimate | T3: actual
A4: AW | B4: LA0752 | C4: 108 | D4: Average | E4: 2 | F4: 338 | G4: 70 | H4: =RANK(G4,$G$3:$G$10) -> 1 | I4: 90 | J4: =RANK(I4,$I$3:$I$10)+COUNTIF(I$3:$I4,I4)-1 -> 1 | K4: =(E4+J4)/2 -> 1.5 | L4: =RANK(K4,$K$3:$K$10,1)+COUNTIF(K4:$K$6,K4)-1 -> 1 | O4: 50 | P4: 98 | Q4: 121 | R4: 20 | S4: 67 | T4: 97 | U4: TOTAL OF THE WEEK
A5: CM | B5: LA0724 | C5: 108 | D5: Average | E5: 3 | F5: 332 | G5: 50 | H5: =RANK(G5,$G$3:$G$10) -> 2 | I5: 88 | J5: =RANK(I5,$I$3:$I$10)+COUNTIF(I$3:$I5,I5)-1 -> 3 | K5: =(E5+J5)/2 -> 3 | L5: =RANK(K5,$K$3:$K$10,1)+COUNTIF(K5:$K$6,K5)-1 -> 3 | U5: Estimated total | V5: Actual total
A6: CM | B6: CL1114 | C6: 92 | D6: Low | E6: 4 | F6: 274 | G6: 27 | H6: =RANK(G6,$G$3:$G$10) -> 6 | I6: 87 | J6: =RANK(I6,$I$3:$I$10)+COUNTIF(I$3:$I6,I6)-1 -> 5 | K6: =(E6+J6)/2 -> 4.5 | L6: =RANK(K6,$K$3:$K$10,1)+COUNTIF(K6:$K$6,K6)-1 -> 4 | U6: =P4+S4 -> 165 | V6: =Q4+T4 -> 218
A7: AW | B7: LA0117 | C7: 85 | D7: Low | E7: 5 | F7: 330 | G7: 43 | H7: =RANK(G7,$G$3:$G$10) -> 4 | I7: 86 | J7: =RANK(I7,$I$3:$I$10)+COUNTIF(I$3:$I7,I7)-1 -> 6 | K7: =(E7+J7)/2 -> 5.5 | L7: =RANK(K7,$K$3:$K$10,1)+COUNTIF(K$6:$K7,K7)-1 -> 6
B8: CL6865 | C8: 85 | D8: Low | E8: 6 | F8: 321 | G8: 47 | H8: =RANK(G8,$G$3:$G$10) -> 3 | I8: 88 | J8: =RANK(I8,$I$3:$I$10)+COUNTIF(I$3:$I8,I8)-1 -> 4 | K8: =(E8+J8)/2 -> 5 | L8: =RANK(K8,$K$3:$K$10,1)+COUNTIF(K$6:$K8,K8)-1 -> 5
B9: CL6866 | C9: 83 | D9: Low | E9: 7
B11: SUNDAY | C11: WEDNESDAY
B12: L1 | C12: L2
B13: SUNDAY | C13: WEDNESDAY
C15: NO LONGER IN USE AWAITING TO BE TEASER BOARS

Sheet week 05
A1: Collector | B1: Boar | C1: TSI | D1: Genetic level | E1: Genetic Rank | F1: Last recorded raw Semen collected (mls) | G1: Last recorded Doses | H1: Dose rank | I1: Last recorded Morphology | J1: Morphology rank | K1: Overal Grading | L1: Overal Rank | O1: MULTIPLER SITE | Z1: 45677
O2: Sunday | P2: Sunday | Q2: Sunday | R2: Wed | S2: Wed | T2: Wed
A3: AW | B3: LA0499 | C3: 114 | D3: Above average | E3: 1 | F3: 184 | G3: 47 | H3: =RANK(G3,$G$3:$G$10) -> 1 | I3: 88 | J3: =RANK(I3,$I$3:$I$10)+COUNTIF(I3:$I$3,I3)-1 -> 2 | K3: =(E3+J3)/2 -> 1.5 | L3: =RANK(K3,$K$3:$K$10,1)+COUNTIF(K3:$K$6,K3)-1 -> 2 | O3: required | P3: estimate | Q3: actual | R3: required | S3: estimate | T3: actual
A4: AW | B4: LA0752 | C4: 108 | D4: Average | E4: 2 | F4: 234 | G4: 44 | H4: =RANK(G4,$G$3:$G$10) -> 3 | I4: 89 | J4: =RANK(I4,$I$3:$I$10)+COUNTIF(I$3:$I4,I4)-1 -> 1 | K4: =(E4+J4)/2 -> 1.5 | L4: =RANK(K4,$K$3:$K$10,1)+COUNTIF(K4:$K$6,K4)-1 -> 1 | O4: 50 | P4: 121 | Q4: 74 | R4: 20 | S4: 97 | T4: 84
A5: CM | B5: LA0724 | C5: 108 | D5: Average | E5: 3 | F5: 302 | G5: 30 | H5: =RANK(G5,$G$3:$G$10) -> 6 | I5: 88 | J5: =RANK(I5,$I$3:$I$10)+COUNTIF(I$3:$I5,I5)-1 -> 3 | K5: =(E5+J5)/2 -> 3 | L5: =RANK(K5,$K$3:$K$10,1)+COUNTIF(K5:$K$6,K5)-1 -> 3 | U5: TOTAL OF THE WEEK
A6: AW | B6: CL1114 | C6: 92 | D6: Low | E6: 4 | F6: 206 | G6: 37 | H6: =RANK(G6,$G$3:$G$10) -> 5 | I6: 88 | J6: =RANK(I6,$I$3:$I$10)+COUNTIF(I$3:$I6,I6)-1 -> 4 | K6: =(E6+J6)/2 -> 4 | L6: =RANK(K6,$K$3:$K$10,1)+COUNTIF(K6:$K$6,K6)-1 -> 4 | U6: Estimated total | V6: Actual total
B7: LA0117 | C7: 85 | D7: Low | E7: 5 | F7: 330 | G7: 43 | H7: =RANK(G7,$G$3:$G$10) -> 4 | I7: 86 | J7: =RANK(I7,$I$3:$I$10)+COUNTIF(I$3:$I7,I7)-1 -> 6 | K7: =(E7+J7)/2 -> 5.5 | L7: =RANK(K7,$K$3:$K$10,1)+COUNTIF(K$6:$K7,K7)-1 -> 5 | U7: =P4+S4 -> 218 | V7: =Q4+T4 -> 158
B8: CL6865 | C8: 85 | D8: Low | E8: 6 | F8: 321 | G8: 47 | H8: =RANK(G8,$G$3:$G$10) -> 1 | I8: 88 | J8: =RANK(I8,$I$3:$I$10)+COUNTIF(I$3:$I8,I8)-1 -> 5 | K8: =(E8+J8)/2 -> 5.5 | L8: =RANK(K8,$K$3:$K$10,1)+COUNTIF(K$6:$K8,K8)-1 -> 6
B9: CL6866 | C9: 83 | D9: Low | E9: 7
B11: SUNDAY | C11: WEDNESDAY
B12: L1 | C12: L2
B13: SUNDAY | C13: WEDNESDAY
B14: Comment
B15: LA17;CL65 rested
C17: NO LONGER IN USE AWAITING TOBE TEASER BOARS

Sheet week 06
A1: Collector | B1: Boar | C1: TSI | D1: Genetic level | E1: Genetic Rank | F1: Last recorded raw Semen collected (mls) | G1: Last recorded Doses | H1: Dose rank | I1: Last recorded Morphology | J1: Morphology rank | K1: Overal Grading | L1: Overal Rank | O1: MULTIPLER SITE | Z1: 45677
O2: Sunday | P2: Sunday | Q2: Sunday | R2: Wed | S2: Wed | T2: Wed
A3: AW | B3: LA0499 | C3: 114 | D3: Above average | E3: 1 | F3: 184 | G3: 47 | H3: =RANK(G3,$G$3:$G$10) -> 2 | I3: 87 | J3: =RANK(I3,$I$3:$I$10)+COUNTIF(I3:$I$3,I3)-1 -> 4 | K3: =(E3+J3)/2 -> 2.5 | L3: =RANK(K3,$K$3:$K$10,1)+COUNTIF(K3:$K$6,K3)-1 -> 3 | O3: required | P3: estimate | Q3: actual | R3: required | S3: estimate | T3: actual
A4: CM | B4: LA0752 | C4: 108 | D4: Average | E4: 2 | F4: 292 | G4: 51 | H4: =RANK(G4,$G$3:$G$10) -> 1 | I4: 88 | J4: =RANK(I4,$I$3:$I$10)+COUNTIF(I$3:$I4,I4)-1 -> 2 | K4: =(E4+J4)/2 -> 2 | L4: =RANK(K4,$K$3:$K$10,1)+COUNTIF(K4:$K$6,K4)-1 -> 1 | O4: 50 | P4: 74 | Q4: 88 | R4: 20 | S4: 84 | T4: 83
A5: CM | B5: LA0724 | C5: 108 | D5: Average | E5: 3 | F5: 302 | G5: 30 | H5: =RANK(G5,$G$3:$G$10) -> 5 | I5: 87 | J5: =RANK(I5,$I$3:$I$10)+COUNTIF(I$3:$I5,I5)-1 -> 5 | K5: =(E5+J5)/2 -> 4 | L5: =RANK(K5,$K$3:$K$10,1)+COUNTIF(K5:$K$6,K5)-1 -> 4 | U5: TOTAL OF THE WEEK
A6: TA | B6: CL1114 | C6: 92 | D6: Low | E6: 4 | F6: 140 | G6: 17 | H6: =RANK(G6,$G$3:$G$10) -> 6 | I6: 89 | J6: =RANK(I6,$I$3:$I$10)+COUNTIF(I$3:$I6,I6)-1 -> 1 | K6: =(E6+J6)/2 -> 2.5 | L6: =RANK(K6,$K$3:$K$10,1)+COUNTIF(K6:$K$6,K6)-1 -> 2 | U6: Estimated total | V6: Actual total
A7: CM | B7: LA0117 | C7: 85 | D7: Low | E7: 5 | F7: 296 | G7: 36 | H7: =RANK(G7,$G$3:$G$10) -> 4 | I7: 88 | J7: =RANK(I7,$I$3:$I$10)+COUNTIF(I$3:$I7,I7)-1 -> 3 | K7: =(E7+J7)/2 -> 4 | L7: =RANK(K7,$K$3:$K$10,1)+COUNTIF(K$6:$K7,K7)-1 -> 4 | U7: =P4+S4 -> 158 | V7: =Q4+T4 -> 171
A8: AW | B8: CL6865 | C8: 85 | D8: Low | E8: 6 | F8: 200 | G8: 37 | H8: =RANK(G8,$G$3:$G$10) -> 3 | I8: 87 | J8: =RANK(I8,$I$3:$I$10)+COUNTIF(I$3:$I8,I8)-1 -> 6 | K8: =(E8+J8)/2 -> 6 | L8: =RANK(K8,$K$3:$K$10,1)+COUNTIF(K$6:$K8,K8)-1 -> 6
B9: CL6866 | C9: 83 | D9: Low | E9: 7
B11: SUNDAY | C11: WEDNESDAY
B12: L1 | C12: L2
B13: SUNDAY | C13: WEDNESDAY
B15: Comment
B16: LA99 rested
C17: Nolonger in use waiting to be teaser boar

Sheet week 07
A1: Collector | B1: Boar | C1: TSI | D1: Genetic level | E1: Genetic Rank | F1: Last recorded raw Semen collected (mls) | G1: Last recorded Doses | H1: Dose rank | I1: Last recorded Morphology | J1: Morphology rank | K1: Overal Grading | L1: Overal Rank | O1: MULTIPLER SITE | Z1: 45677
O2: Sunday | P2: Sunday | Q2: Sunday | R2: Wed | S2: Wed | T2: Wed
A3: CM | B3: LA0499 | C3: 114 | D3: Above average | E3: 1 | F3: 242 | G3: 65 | H3: =RANK(G3,$G$3:$G$10) -> 1 | I3: 88 | J3: =RANK(I3,$I$3:$I$10)+COUNTIF(I3:$I$3,I3)-1 -> 3 | K3: =(E3+J3)/2 -> 2 | L3: =RANK(K3,$K$3:$K$10,1)+COUNTIF(K3:$K$6,K3)-1 -> 2 | O3: required | P3: estimate | Q3: actual | R3: required | S3: estimate | T3: actual
A4: CM | B4: LA0752 | C4: 108 | D4: Average | E4: 2 | F4: 318 | G4: 52 | H4: =RANK(G4,$G$3:$G$10) -> 2 | I4: 89 | J4: =RANK(I4,$I$3:$I$10)+COUNTIF(I$3:$I4,I4)-1 -> 1 | K4: =(E4+J4)/2 -> 1.5 | L4: =RANK(K4,$K$3:$K$10,1)+COUNTIF(K4:$K$6,K4)-1 -> 1 | O4: 50 | P4: 88 | Q4: 82 | R4: 20 | S4: 83 | T4: 107
A5: TA | B5: LA0724 | C5: 108 | D5: Average | E5: 3 | F5: 148 | G5: 30 | H5: =RANK(G5,$G$3:$G$10) -> 5 | I5: 87 | J5: =RANK(I5,$I$3:$I$10)+COUNTIF(I$3:$I5,I5)-1 -> 6 | K5: =(E5+J5)/2 -> 4.5 | L5: =RANK(K5,$K$3:$K$10,1)+COUNTIF(K5:$K$6,K5)-1 -> 5 | U5: TOTAL OF THE WEEK
B6: CL1114 | C6: 92 | D6: Low | E6: 4 | F6: 140 | G6: 17 | H6: =RANK(G6,$G$3:$G$10) -> 6 | I6: 88 | J6: =RANK(I6,$I$3:$I$10)+COUNTIF(I$3:$I6,I6)-1 -> 4 | K6: =(E6+J6)/2 -> 4 | L6: =RANK(K6,$K$3:$K$10,1)+COUNTIF(K6:$K$6,K6)-1 -> 4 | U6: Estimated total | V6: Actual total
A7: CM | B7: LA0117 | C7: 85 | D7: Low | E7: 5 | F7: 302 | G7: 42 | H7: =RANK(G7,$G$3:$G$10) -> 3 | I7: 89 | J7: =RANK(I7,$I$3:$I$10)+COUNTIF(I$3:$I7,I7)-1 -> 2 | K7: =(E7+J7)/2 -> 3.5 | L7: =RANK(K7,$K$3:$K$10,1)+COUNTIF(K$6:$K7,K7)-1 -> 3 | U7: =P4+S4 -> 171 | V7: =Q4+T4 -> 189
A8: AW | B8: CL6865 | C8: 85 | D8: Low | E8: 6 | F8: 200 | G8: 37 | H8: =RANK(G8,$G$3:$G$10) -> 4 | I8: 88 | J8: =RANK(I8,$I$3:$I$10)+COUNTIF(I$3:$I8,I8)-1 -> 5 | K8: =(E8+J8)/2 -> 5.5 | L8: =RANK(K8,$K$3:$K$10,1)+COUNTIF(K$6:$K8,K8)-1 -> 6
B9: CL6866 | C9: 83 | D9: Low | E9: 7
B11: SUNDAY | C11: WEDNESDAY
B12: L1 | C12: L2
B13: SUNDAY | C13: WEDNESDAY
B15: Comment
B16: CL14,CL65 rested
C17: Nolonger in use waiting to be teaser boar

Sheet week 08
A1: Collector | B1: Boar | C1: TSI | D1: Genetic level | E1: Genetic Rank | F1: Last recorded raw Semen collected (mls) | G1: Last recorded Doses | H1: Dose rank | I1: Last recorded Morphology | J1: Morphology rank | K1: Overal Grading | L1: Overal Rank | O1: MULTIPLER SITE | Z1: 45677
O2: Sunday | P2: Sunday | Q2: Sunday | R2: Wed | S2: Wed | T2: Wed
A3: CM | B3: LA0499 | C3: 114 | D3: Above average | E3: 1 | F3: 250 | G3: 78 | H3: =RANK(G3,$G$3:$G$10) -> 1 | I3: 88 | J3: =RANK(I3,$I$3:$I$10)+COUNTIF(I3:$I$3,I3)-1 -> 3 | K3: =(E3+J3)/2 -> 2 | L3: =RANK(K3,$K$3:$K$10,1)+COUNTIF(K3:$K$6,K3)-1 -> 1 | O3: required | P3: estimate | Q3: actual | R3: required | S3: estimate | T3: actual
A4: TA | B4: LA0752 | C4: 108 | D4: Average | E4: 2 | F4: 200 | G4: 34 | H4: =RANK(G4,$G$3:$G$10) -> 6 | I4: 87 | J4: =RANK(I4,$I$3:$I$10)+COUNTIF(I$3:$I4,I4)-1 -> 6 | K4: =(E4+J4)/2 -> 4 | L4: =RANK(K4,$K$3:$K$10,1)+COUNTIF(K4:$K$6,K4)-1 -> 4 | O4: 50 | P4: 73 | R4: 20
A5: TA | B5: LA0724 | C5: 108 | D5: Average | E5: 3 | F5: 136 | G5: 39 | H5: =RANK(G5,$G$3:$G$10) -> 5 | I5: 88 | J5: =RANK(I5,$I$3:$I$10)+COUNTIF(I$3:$I5,I5)-1 -> 4 | K5: =(E5+J5)/2 -> 3.5 | L5: =RANK(K5,$K$3:$K$10,1)+COUNTIF(K5:$K$6,K5)-1 -> 3 | U5: TOTAL OF THE WEEK
A6: CM | B6: CL1114 | C6: 92 | D6: Low | E6: 4 | F6: 105 | G6: 45 | H6: =RANK(G6,$G$3:$G$10) -> 4 | I6: 89 | J6: =RANK(I6,$I$3:$I$10)+COUNTIF(I$3:$I6,I6)-1 -> 1 | K6: =(E6+J6)/2 -> 2.5 | L6: =RANK(K6,$K$3:$K$10,1)+COUNTIF(K6:$K$6,K6)-1 -> 2 | U6: Estimated total | V6: Actual total
A7: TA | B7: LA0117 | C7: 85 | D7: Low | E7: 5 | F7: 260 | G7: 66 | H7: =RANK(G7,$G$3:$G$10) -> 2 | I7: 88 | J7: =RANK(I7,$I$3:$I$10)+COUNTIF(I$3:$I7,I7)-1 -> 5 | K7: =(E7+J7)/2 -> 5 | L7: =RANK(K7,$K$3:$K$10,1)+COUNTIF(K$6:$K7,K7)-1 -> 6 | U7: =P4+S4 -> 73 | V7: =Q4+T4 -> 0
A8: AW | B8: CL6865 | C8: 85 | D8: Low | E8: 6 | F8: 294 | G8: 64 | H8: =RANK(G8,$G$3:$G$10) -> 3 | I8: 89 | J8: =RANK(I8,$I$3:$I$10)+COUNTIF(I$3:$I8,I8)-1 -> 2 | K8: =(E8+J8)/2 -> 4 | L8: =RANK(K8,$K$3:$K$10,1)+COUNTIF(K$6:$K8,K8)-1 -> 4
B9: CL6866 | C9: 83 | D9: Low | E9: 7
B11: SUNDAY | C11: WEDNESDAY
B12: L1 | C12: L2
B13: SUNDAY | C13: WEDNESDAY
B15: Comment
B16: CL14,CL65 rested
C17: Nolonger in use waiting to be teaser boar

Sheet week 09
A1: Collector | B1: Boar | C1: TSI | D1: Genetic level | E1: Genetic Rank | F1: Last recorded raw Semen collected (mls) | G1: Last recorded Doses | H1: Dose rank | I1: Last recorded Morphology | J1: Morphology rank | K1: Overal Grading | L1: Overal Rank | O1: MULTIPLER SITE | Z1: 45677
O2: Sunday | P2: Sunday | Q2: Sunday | R2: Wed | S2: Wed | T2: Wed
A3: CM | B3: LA0499 | C3: 114 | D3: Above average | E3: 1 | F3: 274 | G3: 45 | H3: =RANK(G3,$G$3:$G$10) -> 3 | I3: 88 | J3: =RANK(I3,$I$3:$I$10)+COUNTIF(I3:$I$3,I3)-1 -> 2 | K3: =(E3+J3)/2 -> 1.5 | L3: =RANK(K3,$K$3:$K$10,1)+COUNTIF(K3:$K$6,K3)-1 -> 2 | O3: required | P3: estimate | Q3: actual | R3: required | S3: estimate | T3: actual
A4: CM | B4: LA0752 | C4: 108 | D4: Average | E4: 2 | F4: 318 | G4: 52 | H4: =RANK(G4,$G$3:$G$10) -> 1 | I4: 89 | J4: =RANK(I4,$I$3:$I$10)+COUNTIF(I$3:$I4,I4)-1 -> 1 | K4: =(E4+J4)/2 -> 1.5 | L4: =RANK(K4,$K$3:$K$10,1)+COUNTIF(K4:$K$6,K4)-1 -> 1 | O4: 50 | R4: 20
A5: TA | B5: LA0724 | C5: 108 | D5: Average | E5: 3 | F5: 148 | G5: 30 | H5: =RANK(G5,$G$3:$G$10) -> 6 | I5: 87 | J5: =RANK(I5,$I$3:$I$10)+COUNTIF(I$3:$I5,I5)-1 -> 5 | K5: =(E5+J5)/2 -> 4 | L5: =RANK(K5,$K$3:$K$10,1)+COUNTIF(K5:$K$6,K5)-1 -> 4 | U5: TOTAL OF THE WEEK
A6: TA | B6: CL1114 | C6: 92 | D6: Low | E6: 4 | F6: 118 | G6: 37 | H6: =RANK(G6,$G$3:$G$10) -> 5 | I6: 88 | J6: =RANK(I6,$I$3:$I$10)+COUNTIF(I$3:$I6,I6)-1 -> 3 | K6: =(E6+J6)/2 -> 3.5 | L6: =RANK(K6,$K$3:$K$10,1)+COUNTIF(K6:$K$6,K6)-1 -> 3 | U6: Estimated total | V6: Actual total
A7: CM | B7: LA0117 | C7: 85 | D7: Low | E7: 5 | F7: 204 | G7: 40 | H7: =RANK(G7,$G$3:$G$10) -> 4 | I7: 88 | J7: =RANK(I7,$I$3:$I$10)+COUNTIF(I$3:$I7,I7)-1 -> 4 | K7: =(E7+J7)/2 -> 4.5 | L7: =RANK(K7,$K$3:$K$10,1)+COUNTIF(K$6:$K7,K7)-1 -> 5 | U7: =P4+S4 -> 0 | V7: =Q4+T4 -> 0
A8: AW | B8: CL6865 | C8: 85 | D8: Low | E8: 6 | F8: 201 | G8: 50 | H8: =RANK(G8,$G$3:$G$10) -> 2 | I8: 87 | J8: =RANK(I8,$I$3:$I$10)+COUNTIF(I$3:$I8,I8)-1 -> 6 | K8: =(E8+J8)/2 -> 6 | L8: =RANK(K8,$K$3:$K$10,1)+COUNTIF(K$6:$K8,K8)-1 -> 6
B9: CL6866 | C9: 83 | D9: Low | E9: 7
B11: SUNDAY | C11: WEDNESDAY
B12: L1 | C12: L2
B13: SUNDAY | C13: WEDNESDAY
B15: Comment
B16: CL14,CL65 rested
C17: Nolonger in use waiting to be teaser boar

Sheet week 10
A1: Collector | B1: Boar | C1: TSI | D1: Genetic level | E1: Genetic Rank | F1: Last recorded raw Semen collected (mls) | G1: Last recorded Doses | H1: Dose rank | I1: Last recorded Morphology | J1: Morphology rank | K1: Overal Grading | L1: Overal Rank | O1: MULTIPLER SITE | Z1: 45677
O2: Sunday | P2: Sunday | Q2: Sunday | R2: Wed | S2: Wed | T2: Wed
A3: TA | B3: LA0499 | C3: 107 | D3: Average | E3: 1 | F3: 264 | G3: 48 | H3: =RANK(G3,$G$3:$G$9) -> 3 | I3: 88 | J3: =RANK(I3,$I$3:$I$9)+COUNTIF(I3:$I$3,I3)-1 -> 1 | K3: =(E3+J3)/2 -> 1 | L3: =RANK(K3,$K$3:$K$9,1)+COUNTIF(K3:$K$6,K3)-1 -> 1 | O3: required | P3: estimate | Q3: actual | R3: required | S3: estimate | T3: actual
A4: AW | B4: LA0724 | C4: 104 | D4: Average | E4: 2 | F4: 250 | G4: 73 | H4: =RANK(G4,$G$3:$G$9) -> 1 | I4: 87 | J4: =RANK(I4,$I$3:$I$9)+COUNTIF(I$3:$I4,I4)-1 -> 3 | K4: =(E4+J4)/2 -> 2.5 | L4: =RANK(K4,$K$3:$K$9,1)+COUNTIF(K4:$K$6,K4)-1 -> 3 | O4: 50 | R4: 20
A5: CM | B5: LA0752 | C5: 103 | D5: Average | E5: 3 | F5: 318 | G5: 52 | H5: =RANK(G5,$G$3:$G$9) -> 2 | I5: 88 | J5: =RANK(I5,$I$3:$I$9)+COUNTIF(I$3:$I5,I5)-1 -> 2 | K5: =(E5+J5)/2 -> 2.5 | L5: =RANK(K5,$K$3:$K$9,1)+COUNTIF(K5:$K$6,K5)-1 -> 2 | U5: TOTAL OF THE WEEK
B6: LA0946 | C6: 102 | D6: Average | E6: 4 | U6: Estimated total | V6: Actual total
A7: AW | B7: CL1114 | C7: 86 | D7: Very low | E7: 5 | F7: 320 | G7: 29 | H7: =RANK(G7,$G$3:$G$9) -> 5 | I7: 87 | J7: =RANK(I7,$I$3:$I$9)+COUNTIF(I$3:$I7,I7)-1 -> 4 | K7: =(E7+J7)/2 -> 4.5 | L7: =RANK(K7,$K$3:$K$9,1)+COUNTIF(K$6:$K7,K7)-1 -> 4 | U7: =P4+S4 -> 0 | V7: =Q4+T4 -> 0
A8: TA | B8: LA0117 | C8: 82 | D8: Very low | E8: 6 | F8: 600 | G8: 36 | H8: =RANK(G8,$G$3:$G$9) -> 4 | I8: 86 | J8: =RANK(I8,$I$3:$I$9)+COUNTIF(I$3:$I8,I8)-1 -> 5 | K8: =(E8+J8)/2 -> 5.5 | L8: =RANK(K8,$K$3:$K$9,1)+COUNTIF(K$6:$K8,K8)-1 -> 5
B12: SUNDAY | C12: WEDNESDAY
B13: L1 | C13: L2
B14: SUNDAY | C14: WEDNESDAY
B16: Comment
C17: Not yet in use

Sheet week 11
B1: Collector | C1: Boar | D1: TSI | E1: Genetic level | F1: Genetic Rank | G1: Last recorded raw Semen collected (mls) | H1: Last recorded Doses | I1: Dose rank | J1: Last recorded Morphology | K1: Morphology rank | L1: Overal Grading | M1: Overal Rank | P1: MULTIPLER SITE | AA1: 45677
P2: Sunday | Q2: Sunday | R2: Sunday | S2: Wed | T2: Wed | U2: Wed
B3: AW | C3: LA0499 | D3: 107 | E3: Average | F3: 1 | G3: 362 | H3: 75 | I3: =RANK(H3,$H$3:$H$9) -> 1 | J3: 87 | K3: =RANK(J3,$J$3:$J$9)+COUNTIF(J3:$J$3,J3)-1 -> 3 | L3: =(F3+K3)/2 -> 2 | M3: =RANK(L3,$L$3:$L$9,1)+COUNTIF(L3:$L$6,L3)-1 -> 1 | P3: required | Q3: estimate | R3: actual | S3: required | T3: estimate | U3: actual
B4: TA | C4: LA0724 | D4: 104 | E4: Average | F4: 2 | G4: 164 | H4: 64 | I4: =RANK(H4,$H$3:$H$9) -> 2 | J4: 86 | K4: =RANK(J4,$J$3:$J$9)+COUNTIF(J$3:$J4,J4)-1 -> 4 | L4: =(F4+K4)/2 -> 3 | M4: =RANK(L4,$L$3:$L$9,1)+COUNTIF(L4:$L$6,L4)-1 -> 2 | P4: 50 | S4: 20
B5: CM | C5: LA0752 | D5: 103 | E5: Average | F5: 3 | G5: 318 | H5: 52 | I5: =RANK(H5,$H$3:$H$9) -> 3 | J5: 86 | K5: =RANK(J5,$J$3:$J$9)+COUNTIF(J$3:$J5,J5)-1 -> 5 | L5: =(F5+K5)/2 -> 4 | M5: =RANK(L5,$L$3:$L$9,1)+COUNTIF(L5:$L$6,L5)-1 -> 4 | V5: TOTAL OF THE WEEK
C6: LA0946 | D6: 102 | E6: Average | F6: 4 | V6: Estimated total | W6: Actual total
B7: CM | C7: CL1114 | D7: 86 | E7: Very low | F7: 5 | G7: 246 | H7: 20 | I7: =RANK(H7,$H$3:$H$9) -> 5 | J7: 88 | K7: =RANK(J7,$J$3:$J$9)+COUNTIF(J$3:$J7,J7)-1 -> 1 | L7: =(F7+K7)/2 -> 3 | M7: =RANK(L7,$L$3:$L$9,1)+COUNTIF(L$6:$L7,L7)-1 -> 2 | V7: =Q4+T4 -> 0 | W7: =R4+U4 -> 0
A8: CULL | B8: CM | C8: LA0117 | D8: 82 | E8: Very low | F8: 6 | G8: 384 | H8: 43 | I8: =RANK(H8,$H$3:$H$9) -> 4 | J8: 88 | K8: =RANK(J8,$J$3:$J$9)+COUNTIF(J$3:$J8,J8)-1 -> 2 | L8: =(F8+K8)/2 -> 4 | M8: =RANK(L8,$L$3:$L$9,1)+COUNTIF(L$6:$L8,L8)-1 -> 4
A10: CULL | C10: cl66
A11: CULL | C11: CL65
C12: SUNDAY | D12: WEDNESDAY
C13: L1 | D13: L2
C14: SUNDAY | D14: WEDNESDAY
C16: Comment
D17: Not yet in use

Sheet week 12
A1: Collector | B1: Boar | C1: TSI | D1: Genetic level | E1: Genetic Rank | F1: Last recorded raw Semen collected (mls) | G1: Last recorded Doses | H1: Dose rank | I1: Last recorded Morphology | J1: Morphology rank | K1: Overal Grading | L1: Overal Rank | O1: MULTIPLER SITE | Z1: 45677
O2: Sunday | P2: Sunday | Q2: Sunday | R2: Wed | S2: Wed | T2: Wed
A3: TA | B3: LA0499 | C3: 107 | D3: Average | E3: 1 | F3: 266 | G3: 46 | H3: =RANK(G3,$G$3:$G$9) -> 1 | I3: 87 | J3: =RANK(I3,$I$3:$I$9)+COUNTIF(I3:$I$3,I3)-1 -> 4 | K3: =(E3+J3)/2 -> 2.5 | L3: =RANK(K3,$K$3:$K$9,1)+COUNTIF(K3:$K$6,K3)-1 -> 2 | O3: required | P3: estimate | Q3: actual | R3: required | S3: estimate | T3: actual
A4: CM | B4: LA0724 | C4: 104 | D4: Average | E4: 2 | F4: 201 | G4: 41 | H4: =RANK(G4,$G$3:$G$9) -> 3 | I4: 88 | J4: =RANK(I4,$I$3:$I$9)+COUNTIF(I$3:$I4,I4)-1 -> 2 | K4: =(E4+J4)/2 -> 2 | L4: =RANK(K4,$K$3:$K$9,1)+COUNTIF(K4:$K$6,K4)-1 -> 1 | O4: 50 | R4: 20
A5: AW | B5: LA0752 | C5: 103 | D5: Average | E5: 3 | F5: 201 | G5: 45 | H5: =RANK(G5,$G$3:$G$9) -> 2 | I5: 88 | J5: =RANK(I5,$I$3:$I$9)+COUNTIF(I$3:$I5,I5)-1 -> 3 | K5: =(E5+J5)/2 -> 3 | L5: =RANK(K5,$K$3:$K$9,1)+COUNTIF(K5:$K$6,K5)-1 -> 3 | U5: TOTAL OF THE WEEK
B6: LA0946 | C6: 102 | D6: Average | E6: 4 | I6: 87 | U6: Estimated total | V6: Actual total
A7: TA | B7: CL1114 | C7: 86 | D7: Very low | E7: 5 | F7: 210 | G7: 22 | H7: =RANK(G7,$G$3:$G$9) -> 5 | I7: 87 | J7: =RANK(I7,$I$3:$I$9)+COUNTIF(I$3:$I7,I7)-1 -> 6 | K7: =(E7+J7)/2 -> 5.5 | L7: =RANK(K7,$K$3:$K$9,1)+COUNTIF(K$6:$K7,K7)-1 -> 5 | U7: =P4+S4 -> 0 | V7: =Q4+T4 -> 0
A8: AW | B8: LA0117 | C8: 82 | D8: Very low | E8: 6 | F8: 203 | G8: 23 | H8: =RANK(G8,$G$3:$G$9) -> 4 | I8: 89 | J8: =RANK(I8,$I$3:$I$9)+COUNTIF(I$3:$I8,I8)-1 -> 1 | K8: =(E8+J8)/2 -> 3.5 | L8: =RANK(K8,$K$3:$K$9,1)+COUNTIF(K$6:$K8,K8)-1 -> 4
B13: SUNDAY | C13: WEDNESDAY
B14: L1 | C14: L2
B15: SUNDAY | C15: WEDNESDAY
B17: Comment
C18: Not yet in use

Sheet week 13
A1: Collector | B1: Boar | C1: TSI | D1: Genetic level | E1: Genetic Rank | F1: Last recorded raw Semen collected (mls) | G1: Last recorded Doses | H1: Dose rank | I1: Last recorded Morphology | J1: Morphology rank | K1: Overal Grading | L1: Overal Rank | O1: MULTIPLER SITE | Z1: 45677
O2: Sunday | P2: Sunday | Q2: Sunday | R2: Wed | S2: Wed | T2: Wed
A3: CM | B3: LA0499 | C3: 107 | D3: Average | E3: 1 | F3: 232 | G3: 42 | H3: =RANK(G3,$G$3:$G$9) -> 1 | I3: 89 | J3: =RANK(I3,$I$3:$I$9)+COUNTIF(I3:$I$3,I3)-1 -> 1 | K3: =(E3+J3)/2 -> 1 | L3: =RANK(K3,$K$3:$K$9,1)+COUNTIF(K3:$K$6,K3)-1 -> 1 | O3: required | P3: estimate | Q3: actual | R3: required | S3: estimate | T3: actual
A4: TA | B4: LA0724 | C4: 104 | D4: Average | E4: 2 | F4: 206 | G4: 26 | H4: =RANK(G4,$G$3:$G$9) -> 3 | I4: 88 | J4: =RANK(I4,$I$3:$I$9)+COUNTIF(I$3:$I4,I4)-1 -> 3 | K4: =(E4+J4)/2 -> 2.5 | L4: =RANK(K4,$K$3:$K$9,1)+COUNTIF(K4:$K$6,K4)-1 -> 2 | O4: 50 | R4: 20
A5: TA | B5: LA0752 | C5: 103 | D5: Average | E5: 3 | F5: 231 | G5: 34 | H5: =RANK(G5,$G$3:$G$9) -> 2 | I5: 87 | J5: =RANK(I5,$I$3:$I$9)+COUNTIF(I$3:$I5,I5)-1 -> 4 | K5: =(E5+J5)/2 -> 3.5 | L5: =RANK(K5,$K$3:$K$9,1)+COUNTIF(K5:$K$6,K5)-1 -> 3 | U5: TOTAL OF THE WEEK
B6: LA0946 | C6: 102 | D6: Average | E6: 4 | I6: 87 | U6: Estimated total | V6: Actual total
A7: AW | B7: CL1114 | C7: 86 | D7: Very low | E7: 5 | F7: 302 | G7: 26 | H7: =RANK(G7,$G$3:$G$9) -> 3 | I7: 87 | J7: =RANK(I7,$I$3:$I$9)+COUNTIF(I$3:$I7,I7)-1 -> 6 | K7: =(E7+J7)/2 -> 5.5 | L7: =RANK(K7,$K$3:$K$9,1)+COUNTIF(K$6:$K7,K7)-1 -> 5 | U7: =P4+S4 -> 0 | V7: =Q4+T4 -> 0
A8: CM | B8: LA0117 | C8: 82 | D8: Very low | E8: 6 | F8: 203 | G8: 23 | H8: =RANK(G8,$G$3:$G$9) -> 5 | I8: 89 | J8: =RANK(I8,$I$3:$I$9)+COUNTIF(I$3:$I8,I8)-1 -> 2 | K8: =(E8+J8)/2 -> 4 | L8: =RANK(K8,$K$3:$K$9,1)+COUNTIF(K$6:$K8,K8)-1 -> 4
B12: SUNDAY | C12: WEDNESDAY
B13: L1 | C13: L2
B14: SUNDAY | C14: WEDNESDAY
B16: Comment
C17: Not yet in use

Sheet week 14
A1: Collector | B1: Boar | C1: TSI | D1: Genetic level | E1: Genetic Rank | F1: Last recorded raw Semen collected (mls) | G1: Last recorded Doses | H1: Dose rank | I1: Last recorded Morphology | J1: Morphology rank | K1: Overal Grading | L1: Overal Rank | O1: MULTIPLER SITE | Z1: 45677
O2: Sunday | P2: Sunday | Q2: Sunday | R2: Wed | S2: Wed | T2: Wed
A3: CM | B3: LA0499 | C3: 107 | D3: Average | E3: 1 | F3: 356 | G3: 59 | H3: =RANK(G3,$G$3:$G$9) -> 1 | I3: 88 | J3: =RANK(I3,$I$3:$I$9)+COUNTIF(I3:$I$3,I3)-1 -> 2 | K3: =(E3+J3)/2 -> 1.5 | L3: =RANK(K3,$K$3:$K$9,1)+COUNTIF(K3:$K$6,K3)-1 -> 1 | O3: required | P3: estimate | Q3: actual | R3: required | S3: estimate | T3: actual
A4: TA | B4: LA0724 | C4: 104 | D4: Average | E4: 2 | F4: 201 | G4: 51 | H4: =RANK(G4,$G$3:$G$9) -> 3 | I4: 87 | J4: =RANK(I4,$I$3:$I$9)+COUNTIF(I$3:$I4,I4)-1 -> 4 | K4: =(E4+J4)/2 -> 3 | L4: =RANK(K4,$K$3:$K$9,1)+COUNTIF(K4:$K$6,K4)-1 -> 3 | O4: 50 | R4: 20
A5: AW | B5: LA0752 | C5: 103 | D5: Average | E5: 3 | F5: 149 | G5: 47 | H5: =RANK(G5,$G$3:$G$9) -> 4 | I5: 88 | J5: =RANK(I5,$I$3:$I$9)+COUNTIF(I$3:$I5,I5)-1 -> 3 | K5: =(E5+J5)/2 -> 3 | L5: =RANK(K5,$K$3:$K$9,1)+COUNTIF(K5:$K$6,K5)-1 -> 2 | U5: TOTAL OF THE WEEK
A6: TA | B6: LA0946 | C6: 102 | D6: Average | E6: 4 | I6: 87 | U6: Estimated total | V6: Actual total
A7: AW | B7: CL1114 | C7: 86 | D7: Very low | E7: 5 | F7: 354 | G7: 54 | H7: =RANK(G7,$G$3:$G$9) -> 2 | I7: 87 | J7: =RANK(I7,$I$3:$I$9)+COUNTIF(I$3:$I7,I7)-1 -> 6 | K7: =(E7+J7)/2 -> 5.5 | L7: =RANK(K7,$K$3:$K$9,1)+COUNTIF(K$6:$K7,K7)-1 -> 5 | U7: =P4+S4 -> 0 | V7: =Q4+T4 -> 0
A8: CM | B8: LA0117 | C8: 82 | D8: Very low | E8: 6 | F8: 203 | G8: 23 | H8: =RANK(G8,$G$3:$G$9) -> 5 | I8: 89 | J8: =RANK(I8,$I$3:$I$9)+COUNTIF(I$3:$I8,I8)-1 -> 1 | K8: =(E8+J8)/2 -> 3.5 | L8: =RANK(K8,$K$3:$K$9,1)+COUNTIF(K$6:$K8,K8)-1 -> 4
B12: SUNDAY | C12: WEDNESDAY
B13: L1 | C13: L2
B14: SUNDAY | C14: WEDNESDAY
B16: Comment
C17: Not yet in use

Sheet week 15
A1: Collector | B1: Boar | C1: TSI | D1: Genetic level | E1: Genetic Rank | F1: Last recorded raw Semen collected (mls) | G1: Last recorded Doses | H1: Dose rank | I1: Last recorded Morphology | J1: Morphology rank | K1: Overal Grading | L1: Overal Rank | O1: MULTIPLER SITE | Z1: 45677
O2: Sunday | P2: Sunday | Q2: Sunday | R2: Wed | S2: Wed | T2: Wed
A3: AW | B3: LA0499 | C3: 107 | D3: Average | E3: 1 | F3: 120 | G3: 51 | H3: =RANK(G3,$G$3:$G$9) -> 1 | I3: 87 | J3: =RANK(I3,$I$3:$I$9)+COUNTIF(I3:$I$3,I3)-1 -> 5 | K3: =(E3+J3)/2 -> 3 | L3: =RANK(K3,$K$3:$K$9,1)+COUNTIF(K3:$K$6,K3)-1 -> 3 | O3: required | P3: estimate | Q3: actual | R3: required | S3: estimate | T3: actual
A4: TA | B4: LA0724 | C4: 104 | D4: Average | E4: 2 | F4: 164 | G4: 21 | H4: =RANK(G4,$G$3:$G$9) -> 3 | I4: 89 | J4: =RANK(I4,$I$3:$I$9)+COUNTIF(I$3:$I4,I4)-1 -> 1 | K4: =(E4+J4)/2 -> 1.5 | L4: =RANK(K4,$K$3:$K$9,1)+COUNTIF(K4:$K$6,K4)-1 -> 1 | O4: 50 | R4: 20
A5: AW | B5: LA0752 | C5: 103 | D5: Average | E5: 3 | F5: 158 | G5: 16 | H5: =RANK(G5,$G$3:$G$9) -> 4 | I5: 88 | J5: =RANK(I5,$I$3:$I$9)+COUNTIF(I$3:$I5,I5)-1 -> 3 | K5: =(E5+J5)/2 -> 3 | L5: =RANK(K5,$K$3:$K$9,1)+COUNTIF(K5:$K$6,K5)-1 -> 2 | U5: TOTAL OF THE WEEK
B6: LA0946 | C6: 102 | D6: Average | E6: 4 | I6: 87 | U6: Estimated total | V6: Actual total
A7: TA | B7: CL1114 | C7: 86 | D7: Very low | E7: 5 | F7: 284 | G7: 10 | H7: =RANK(G7,$G$3:$G$9) -> 5 | I7: 88 | J7: =RANK(I7,$I$3:$I$9)+COUNTIF(I$3:$I7,I7)-1 -> 4 | K7: =(E7+J7)/2 -> 4.5 | L7: =RANK(K7,$K$3:$K$9,1)+COUNTIF(K$6:$K7,K7)-1 -> 5 | U7: =P4+S4 -> 0 | V7: =Q4+T4 -> 0
B8: LA0117 | C8: 82 | D8: Very low | E8: 6 | F8: 203 | G8: 23 | H8: 4 | I8: 89 | J8: =RANK(I8,$I$3:$I$9)+COUNTIF(I$3:$I8,I8)-1 -> 2 | K8: =(E8+J8)/2 -> 4 | L8: =RANK(K8,$K$3:$K$9,1)+COUNTIF(K$6:$K8,K8)-1 -> 4
B12: SUNDAY | C12: WEDNESDAY
B13: L1 | C13: L2
B14: SUNDAY | C14: WEDNESDAY
B16: Comment
C17: Not yet in use

Sheet week 16
A1: Collector | B1: Boar | C1: TSI | D1: Genetic level | E1: Genetic Rank | F1: Last recorded raw Semen collected (mls) | G1: Last recorded Doses | H1: Dose rank | I1: Last recorded Morphology | J1: Morphology rank | K1: Overal Grading | L1: Overal Rank | O1: MULTIPLER SITE | Z1: 45677
O2: Sunday | P2: Sunday | Q2: Sunday | R2: Wed | S2: Wed | T2: Wed
A3: TA | B3: LA0499 | C3: 107 | D3: Average | E3: 1 | F3: 94 | G3: 25 | H3: =RANK(G3,$G$3:$G$9) -> 2 | I3: 88 | J3: =RANK(I3,$I$3:$I$9)+COUNTIF(I3:$I$3,I3)-1 -> 3 | K3: =(E3+J3)/2 -> 2 | L3: =RANK(K3,$K$3:$K$9,1)+COUNTIF(K3:$K$6,K3)-1 -> 1 | O3: required | P3: estimate | Q3: actual | R3: required | S3: estimate | T3: actual
A4: CM | B4: LA0724 | C4: 104 | D4: Average | E4: 2 | F4: 87 | G4: 41 | H4: =RANK(G4,$G$3:$G$9) -> 1 | I4: 88 | J4: =RANK(I4,$I$3:$I$9)+COUNTIF(I$3:$I4,I4)-1 -> 4 | K4: =(E4+J4)/2 -> 3 | L4: =RANK(K4,$K$3:$K$9,1)+COUNTIF(K4:$K$6,K4)-1 -> 2 | O4: 50 | R4: 20
A5: CM | B5: LA0752 | C5: 103 | D5: Average | E5: 3 | F5: 114 | G5: 25 | H5: =RANK(G5,$G$3:$G$9) -> 2 | I5: 87 | J5: =RANK(I5,$I$3:$I$9)+COUNTIF(I$3:$I5,I5)-1 -> 6 | K5: =(E5+J5)/2 -> 4.5 | L5: =RANK(K5,$K$3:$K$9,1)+COUNTIF(K5:$K$6,K5)-1 -> 4 | U5: TOTAL OF THE WEEK
A6: AW | B6: LA0946 | C6: 102 | D6: Average | E6: 4 | I6: 89 | U6: Estimated total | V6: Actual total
A7: AW | B7: CL1114 | C7: 86 | D7: Very low | E7: 5 | F7: 310 | G7: 25 | H7: =RANK(G7,$G$3:$G$9) -> 2 | I7: 88 | J7: =RANK(I7,$I$3:$I$9)+COUNTIF(I$3:$I7,I7)-1 -> 5 | K7: =(E7+J7)/2 -> 5 | L7: =RANK(K7,$K$3:$K$9,1)+COUNTIF(K$6:$K7,K7)-1 -> 5 | U7: =P4+S4 -> 0 | V7: =Q4+T4 -> 0
B8: LA0117 | C8: 82 | D8: Very low | E8: 6 | F8: 203 | G8: 23 | H8: =RANK(G8,$G$3:$G$9) -> 5 | I8: 89 | J8: =RANK(I8,$I$3:$I$9)+COUNTIF(I$3:$I8,I8)-1 -> 2 | K8: =(E8+J8)/2 -> 4 | L8: =RANK(K8,$K$3:$K$9,1)+COUNTIF(K$6:$K8,K8)-1 -> 3
B12: SUNDAY | C12: WEDNESDAY
B13: L1 | C13: L2
B14: SUNDAY | C14: WEDNESDAY
B16: Comment
C17: Not yet in use

Sheet week 17
A1: Collector | B1: Boar | C1: TSI | D1: Genetic level | E1: Genetic Rank | F1: Last recorded raw Semen collected (mls) | G1: Last recorded Doses | H1: Dose rank | I1: Last recorded Morphology | J1: Morphology rank | K1: Overal Grading | L1: Overal Rank | O1: MULTIPLER SITE | Z1: 45677
O2: Sunday | P2: Sunday | Q2: Sunday | R2: Wed | S2: Wed | T2: Wed
A3: TA | B3: LA0499 | C3: 107 | D3: Average | E3: 1 | F3: 228 | G3: 34 | H3: =RANK(G3,$G$3:$G$9) -> 2 | I3: 89 | J3: =RANK(I3,$I$3:$I$9)+COUNTIF(I3:$I$3,I3)-1 -> 1 | K3: =(E3+J3)/2 -> 1 | L3: =RANK(K3,$K$3:$K$9,1)+COUNTIF(K3:$K$6,K3)-1 -> 1 | O3: required | P3: estimate | Q3: actual | R3: required | S3: estimate | T3: actual
A4: CM | B4: LA0724 | C4: 104 | D4: Average | E4: 2 | F4: 223 | G4: 41 | H4: =RANK(G4,$G$3:$G$9) -> 1 | I4: 88 | J4: =RANK(I4,$I$3:$I$9)+COUNTIF(I$3:$I4,I4)-1 -> 4 | K4: =(E4+J4)/2 -> 3 | L4: =RANK(K4,$K$3:$K$9,1)+COUNTIF(K4:$K$6,K4)-1 -> 2 | O4: 50 | Q4: 52 | R4: 20
A5: TA | B5: LA0752 | C5: 103 | D5: Average | E5: 3 | F5: 154 | G5: 29 | H5: =RANK(G5,$G$3:$G$9) -> 3 | I5: 87 | J5: =RANK(I5,$I$3:$I$9)+COUNTIF(I$3:$I5,I5)-1 -> 6 | K5: =(E5+J5)/2 -> 4.5 | L5: =RANK(K5,$K$3:$K$9,1)+COUNTIF(K5:$K$6,K5)-1 -> 4 | U5: TOTAL OF THE WEEK
A6: AW | B6: LA0946 | C6: 102 | D6: Average | E6: 4 | F6: 201 | G6: 11 | I6: 88 | U6: Estimated total | V6: Actual total
A7: CM | B7: CL1114 | C7: 86 | D7: Very low | E7: 5 | F7: 248 | G7: 20 | H7: =RANK(G7,$G$3:$G$9) -> 5 | I7: 89 | J7: =RANK(I7,$I$3:$I$9)+COUNTIF(I$3:$I7,I7)-1 -> 2 | K7: =(E7+J7)/2 -> 3.5 | L7: =RANK(K7,$K$3:$K$9,1)+COUNTIF(K$6:$K7,K7)-1 -> 3 | U7: =P4+S4 -> 0 | V7: =Q4+T4 -> 52
B8: LA0117 | C8: 82 | D8: Very low | E8: 6 | F8: 203 | G8: 23 | H8: =RANK(G8,$G$3:$G$9) -> 4 | I8: 89 | J8: =RANK(I8,$I$3:$I$9)+COUNTIF(I$3:$I8,I8)-1 -> 3 | K8: =(E8+J8)/2 -> 4.5 | L8: =RANK(K8,$K$3:$K$9,1)+COUNTIF(K$6:$K8,K8)-1 -> 4
B12: SUNDAY | C12: WEDNESDAY
B13: L1 | C13: L2
B14: SUNDAY | C14: WEDNESDAY
B16: Comment
C17: Not yet in use

Sheet week 18
A1: Collector | B1: Boar | C1: TSI | D1: Genetic level | E1: Genetic Rank | F1: Last recorded raw Semen collected (mls) | G1: Last recorded Doses | H1: Dose rank | I1: Last recorded Morphology | J1: Morphology rank | K1: Overal Grading | L1: Overal Rank | O1: MULTIPLER SITE | Z1: 45677
O2: Sunday | P2: Sunday | Q2: Sunday | R2: Wed | S2: Wed | T2: Wed
A3: CM | B3: LA0499 | C3: 107 | D3: Average | E3: 1 | F3: 272 | G3: 51 | H3: =RANK(G3,$G$3:$G$9) -> 2 | I3: 88 | J3: =RANK(I3,$I$3:$I$9)+COUNTIF(I3:$I$3,I3)-1 -> 3 | K3: =(E3+J3)/2 -> 2 | L3: =RANK(K3,$K$3:$K$9,1)+COUNTIF(K3:$K$6,K3)-1 -> 1 | O3: required | P3: estimate | Q3: actual | R3: required | S3: estimate | T3: actual
A4: TA | B4: LA0724 | C4: 104 | D4: Average | E4: 2 | F4: 220 | G4: 67 | H4: =RANK(G4,$G$3:$G$9) -> 1 | I4: 87 | J4: =RANK(I4,$I$3:$I$9)+COUNTIF(I$3:$I4,I4)-1 -> 6 | K4: =(E4+J4)/2 -> 4 | L4: =RANK(K4,$K$3:$K$9,1)+COUNTIF(K4:$K$6,K4)-1 -> 4 | O4: 50 | P4: 52 | Q4: 103 | R4: 20
A5: CM | B5: LA0752 | C5: 103 | D5: Average | E5: 3 | F5: 296 | G5: 36 | H5: =RANK(G5,$G$3:$G$9) -> 4 | I5: 88 | J5: =RANK(I5,$I$3:$I$9)+COUNTIF(I$3:$I5,I5)-1 -> 4 | K5: =(E5+J5)/2 -> 3.5 | L5: =RANK(K5,$K$3:$K$9,1)+COUNTIF(K5:$K$6,K5)-1 -> 3 | U5: TOTAL OF THE WEEK
A6: AW | B6: LA0946 | C6: 102 | D6: Average | E6: 4 | F6: 102 | G6: 10 | H6: =RANK(G6,$G$3:$G$9) -> 6 | I6: 89 | J6: =RANK(I6,$I$3:$I$9)+COUNTIF(I$3:$I6,I6)-1 -> 1 | K6: =(E6+J6)/2 -> 2.5 | L6: =RANK(K6,$K$3:$K$9,1)+COUNTIF(K$6:$K6,K6)-1 -> 2 | U6: Estimated total | V6: Actual total
A7: AW | B7: CL1114 | C7: 86 | D7: Very low | E7: 5 | F7: 362 | G7: 47 | H7: =RANK(G7,$G$3:$G$9) -> 3 | I7: 88 | J7: =RANK(I7,$I$3:$I$9)+COUNTIF(I$3:$I7,I7)-1 -> 5 | K7: =(E7+J7)/2 -> 5 | L7: =RANK(K7,$K$3:$K$9,1)+COUNTIF(K$6:$K7,K7)-1 -> 5 | U7: =P4+S4 -> 52 | V7: =Q4+T4 -> 103
B8: LA0117 | C8: 82 | D8: Very low | E8: 6 | F8: 203 | G8: 23 | H8: =RANK(G8,$G$3:$G$9) -> 5 | I8: 89
B12: SUNDAY | C12: WEDNESDAY
B13: L1 | C13: L2
B14: SUNDAY | C14: WEDNESDAY
B16: Comment
C17: Not yet in use

Sheet week 19
A1: Collector | B1: Boar | C1: TSI | D1: Genetic level | E1: Genetic Rank | F1: Last recorded raw Semen collected (mls) | G1: Last recorded Doses | H1: Dose rank | I1: Last recorded Morphology | J1: Morphology rank | K1: Overal Grading | L1: Overal Rank | O1: MULTIPLER SITE | Z1: 45677
O2: Sunday | P2: Sunday | Q2: Sunday | R2: Wed | S2: Wed | T2: Wed
A3: TA | B3: LA0499 | C3: 107 | D3: Average | E3: 1 | F3: 208 | G3: 10 | H3: =RANK(G3,$G$3:$G$9) -> 6 | I3: 88 | J3: =RANK(I3,$I$3:$I$9)+COUNTIF(I3:$I$3,I3)-1 -> 3 | K3: =(E3+J3)/2 -> 2 | L3: =RANK(K3,$K$3:$K$9,1)+COUNTIF(K3:$K$6,K3)-1 -> 1 | O3: required | P3: estimate | Q3: actual | R3: required | S3: estimate | T3: actual
A4: TA | B4: LA0724 | C4: 104 | D4: Average | E4: 2 | F4: 158 | G4: 50 | H4: =RANK(G4,$G$3:$G$9) -> 1 | I4: 87 | J4: =RANK(I4,$I$3:$I$9)+COUNTIF(I$3:$I4,I4)-1 -> 6 | K4: =(E4+J4)/2 -> 4 | L4: =RANK(K4,$K$3:$K$9,1)+COUNTIF(K4:$K$6,K4)-1 -> 4 | O4: 50 | P4: 103 | Q4: 74 | R4: 20
A5: CM | B5: LA0752 | C5: 103 | D5: Average | E5: 3 | F5: 296 | G5: 36 | H5: =RANK(G5,$G$3:$G$9) -> 2 | I5: 88 | J5: =RANK(I5,$I$3:$I$9)+COUNTIF(I$3:$I5,I5)-1 -> 4 | K5: =(E5+J5)/2 -> 3.5 | L5: =RANK(K5,$K$3:$K$9,1)+COUNTIF(K5:$K$6,K5)-1 -> 3 | U5: TOTAL OF THE WEEK
A6: AW | B6: LA0946 | C6: 102 | D6: Average | E6: 4 | F6: 114 | G6: 24 | H6: =RANK(G6,$G$3:$G$9) -> 4 | I6: 89 | J6: =RANK(I6,$I$3:$I$9)+COUNTIF(I$3:$I6,I6)-1 -> 1 | K6: =(E6+J6)/2 -> 2.5 | L6: =RANK(K6,$K$3:$K$9,1)+COUNTIF(K$6:$K6,K6)-1 -> 2 | U6: Estimated total | V6: Actual total
A7: CM | B7: CL1114 | C7: 86 | D7: Very low | E7: 5 | F7: 302 | G7: 31 | H7: =RANK(G7,$G$3:$G$9) -> 3 | I7: 88 | J7: =RANK(I7,$I$3:$I$9)+COUNTIF(I$3:$I7,I7)-1 -> 5 | K7: =(E7+J7)/2 -> 5 | L7: =RANK(K7,$K$3:$K$9,1)+COUNTIF(K$6:$K7,K7)-1 -> 5 | U7: =P4+S4 -> 103 | V7: =Q4+T4 -> 74
B8: LA0117 | C8: 82 | D8: Very low | E8: 6 | F8: 203 | G8: 23 | H8: =RANK(G8,$G$3:$G$9) -> 5 | I8: 89
B12: SUNDAY | C12: WEDNESDAY
B13: L1 | C13: L2
B14: SUNDAY | C14: WEDNESDAY
B16: Comment
C17: Not yet in use

Sheet week 20
A1: Collector | B1: Boar | C1: TSI | D1: Genetic level | E1: Genetic Rank | F1: Last recorded raw Semen collected (mls) | G1: Last recorded Doses | H1: Dose rank | I1: Last recorded Morphology | J1: Morphology rank | K1: Overal Grading | L1: Overal Rank | O1: MULTIPLER SITE | Z1: 45677
O2: Sunday | P2: Sunday | Q2: Sunday | R2: Wed | S2: Wed | T2: Wed
A3: CM | B3: LA0499 | C3: 107 | D3: Average | E3: 1 | F3: 182 | G3: 22 | H3: =RANK(G3,$G$3:$G$9) -> 5 | I3: 89 | J3: =RANK(I3,$I$3:$I$9)+COUNTIF(I3:$I$3,I3)-1 -> 1 | K3: =(E3+J3)/2 -> 1 | L3: =RANK(K3,$K$3:$K$9,1)+COUNTIF(K3:$K$6,K3)-1 -> 1 | O3: required | P3: estimate | Q3: actual | R3: required | S3: estimate | T3: actual
A4: TA | B4: LA0724 | C4: 104 | D4: Average | E4: 2 | F4: 242 | G4: 28 | H4: =RANK(G4,$G$3:$G$9) -> 2 | I4: 87 | J4: =RANK(I4,$I$3:$I$9)+COUNTIF(I$3:$I4,I4)-1 -> 5 | K4: =(E4+J4)/2 -> 3.5 | L4: =RANK(K4,$K$3:$K$9,1)+COUNTIF(K4:$K$6,K4)-1 -> 4 | O4: 50 | P4: 74 | Q4: 62 | R4: 20
A5: CM | B5: LA0752 | C5: 103 | D5: Average | E5: 3 | F5: 258 | G5: 34 | H5: =RANK(G5,$G$3:$G$9) -> 1 | I5: 88 | J5: =RANK(I5,$I$3:$I$9)+COUNTIF(I$3:$I5,I5)-1 -> 3 | K5: =(E5+J5)/2 -> 3 | L5: =RANK(K5,$K$3:$K$9,1)+COUNTIF(K5:$K$6,K5)-1 -> 3 | U5: TOTAL OF THE WEEK
A6: AW | B6: LA0946 | C6: 102 | D6: Average | E6: 4 | F6: 102 | G6: 23 | H6: =RANK(G6,$G$3:$G$9) -> 3 | I6: 89 | J6: =RANK(I6,$I$3:$I$9)+COUNTIF(I$3:$I6,I6)-1 -> 2 | K6: =(E6+J6)/2 -> 3 | L6: =RANK(K6,$K$3:$K$9,1)+COUNTIF(K$6:$K6,K6)-1 -> 2 | U6: Estimated total | V6: Actual total
A7: AW | B7: CL1114 | C7: 86 | D7: Very low | E7: 5 | F7: 282 | G7: 22 | H7: =RANK(G7,$G$3:$G$9) -> 5 | I7: 87 | J7: =RANK(I7,$I$3:$I$9)+COUNTIF(I$3:$I7,I7)-1 -> 6 | K7: =(E7+J7)/2 -> 5.5 | L7: =RANK(K7,$K$3:$K$9,1)+COUNTIF(K$6:$K7,K7)-1 -> 5 | U7: =P4+S4 -> 74 | V7: =Q4+T4 -> 62
B8: LA0117 | C8: 82 | D8: Very low | E8: 6 | F8: 203 | G8: 23 | H8: =RANK(G8,$G$3:$G$9) -> 3 | I8: 88
B12: SUNDAY | C12: WEDNESDAY
B13: L1 | C13: L2
B14: SUNDAY | C14: WEDNESDAY
B16: Comment
C17: Not yet in use

Sheet week 21
A1: Collector | B1: Boar | C1: AGE | D1: TSI | E1: Genetic level | F1: Genetic Rank | G1: Last recorded raw Semen collected (mls) | H1: Last recorded Doses | I1: Dose rank | J1: Last recorded Morphology | K1: Morphology rank | L1: Overal Grading | M1: Overal Rank | P1: MULTIPLER SITE | AA1: 45677
P2: Sunday | Q2: Sunday | R2: Sunday | S2: Wed | T2: Wed | U2: Wed
A3: TA | B3: LA0499 | D3: 107 | E3: Average | F3: 1 | G3: 238 | H3: 42 | I3: =RANK(H3,$H$3:$H$9) -> 4 | J3: 89 | K3: =RANK(J3,$J$3:$J$9)+COUNTIF(J3:$J$3,J3)-1 -> 1 | L3: =(F3+K3)/2 -> 1 | M3: =RANK(L3,$L$3:$L$9,1)+COUNTIF(L3:$L$6,L3)-1 -> 1 | P3: required | Q3: estimate | R3: actual | S3: required | T3: estimate | U3: actual
A4: TA | B4: LA0724 | D4: 104 | E4: Average | F4: 2 | G4: 286 | H4: 71 | I4: =RANK(H4,$H$3:$H$9) -> 1 | J4: 87 | K4: =RANK(J4,$J$3:$J$9)+COUNTIF(J$3:$J4,J4)-1 -> 5 | L4: =(F4+K4)/2 -> 3.5 | M4: =RANK(L4,$L$3:$L$9,1)+COUNTIF(L4:$L$6,L4)-1 -> 4 | P4: 50 | Q4: 62 | R4: 116 | S4: 20
A5: CM | B5: LA0752 | D5: 103 | E5: Average | F5: 3 | G5: 178 | H5: 45 | I5: =RANK(H5,$H$3:$H$9) -> 3 | J5: 89 | K5: =RANK(J5,$J$3:$J$9)+COUNTIF(J$3:$J5,J5)-1 -> 2 | L5: =(F5+K5)/2 -> 2.5 | M5: =RANK(L5,$L$3:$L$9,1)+COUNTIF(L5:$L$6,L5)-1 -> 2 | V5: TOTAL OF THE WEEK
A6: AW | B6: LA0946 | D6: 102 | E6: Average | F6: 4 | G6: 280 | H6: 71 | I6: =RANK(H6,$H$3:$H$9) -> 1 | J6: 88 | K6: =RANK(J6,$J$3:$J$9)+COUNTIF(J$3:$J6,J6)-1 -> 3 | L6: =(F6+K6)/2 -> 3.5 | M6: =RANK(L6,$L$3:$L$9,1)+COUNTIF(L$6:$L6,L6)-1 -> 3 | V6: Estimated total | W6: Actual total
B7: CL1114 | D7: 86 | E7: Very low | F7: 5 | G7: 282 | H7: 22 | I7: =RANK(H7,$H$3:$H$9) -> 5 | J7: 88 | K7: =RANK(J7,$J$3:$J$9)+COUNTIF(J$3:$J7,J7)-1 -> 4 | L7: =(F7+K7)/2 -> 4.5 | M7: =RANK(L7,$L$3:$L$9,1)+COUNTIF(L$6:$L7,L7)-1 -> 5 | V7: =Q4+T4 -> 62 | W7: =R4+U4 -> 116
B12: SUNDAY | D12: WEDNESDAY
B13: L1 | D13: L2
B14: SUNDAY | D14: WEDNESDAY
B16: Comment
D17: Not yet in use

Sheet week 22
A1: Collector | B1: Boar | C1: AGE | D1: TSI | E1: Genetic level | F1: Genetic Rank | G1: Last recorded raw Semen collected (mls) | H1: Last recorded Doses | I1: Dose rank | J1: Last recorded Morphology | K1: Morphology rank | L1: Overal Grading | M1: Overal Rank | P1: MULTIPLER SITE | AA1: 45677
P2: Sunday | Q2: Sunday | R2: Sunday | S2: Wed | T2: Wed | U2: Wed
A3: CM | B3: LA0499 | D3: 107 | E3: Average | F3: 1 | G3: 224 | H3: 40 | I3: =RANK(H3,$H$3:$H$9) -> 4 | J3: 89 | K3: =RANK(J3,$J$3:$J$9)+COUNTIF(J3:$J$3,J3)-1 -> 1 | L3: =(F3+K3)/2 -> 1 | M3: =RANK(L3,$L$3:$L$9,1)+COUNTIF(L3:$L$6,L3)-1 -> 1 | P3: required | Q3: estimate | R3: actual | S3: required | T3: estimate | U3: actual
A4: TA | B4: LA0724 | D4: 104 | E4: Average | F4: 2 | G4: 218 | H4: 42 | I4: =RANK(H4,$H$3:$H$9) -> 3 | J4: 89 | K4: =RANK(J4,$J$3:$J$9)+COUNTIF(J$3:$J4,J4)-1 -> 2 | L4: =(F4+K4)/2 -> 2 | M4: =RANK(L4,$L$3:$L$9,1)+COUNTIF(L4:$L$6,L4)-1 -> 2 | P4: 50 | Q4: 116 | R4: 97 | S4: 20
A5: CM | B5: LA0752 | D5: 103 | E5: Average | F5: 3 | G5: 386 | H5: 55 | I5: =RANK(H5,$H$3:$H$9) -> 2 | J5: 87 | K5: =RANK(J5,$J$3:$J$9)+COUNTIF(J$3:$J5,J5)-1 -> 3 | L5: =(F5+K5)/2 -> 3 | M5: =RANK(L5,$L$3:$L$9,1)+COUNTIF(L5:$L$6,L5)-1 -> 3 | V5: TOTAL OF THE WEEK
A6: AW | B6: LA0946 | D6: 102 | E6: Average | F6: 4 | G6: 306 | H6: 72 | I6: =RANK(H6,$H$3:$H$9) -> 1 | J6: 86 | K6: =RANK(J6,$J$3:$J$9)+COUNTIF(J$3:$J6,J6)-1 -> 5 | L6: =(F6+K6)/2 -> 4.5 | M6: =RANK(L6,$L$3:$L$9,1)+COUNTIF(L$6:$L6,L6)-1 -> 4 | V6: Estimated total | W6: Actual total
B7: CL1114 | D7: 86 | E7: Very low | F7: 5 | G7: 282 | H7: 22 | I7: =RANK(H7,$H$3:$H$9) -> 5 | J7: 87 | K7: =RANK(J7,$J$3:$J$9)+COUNTIF(J$3:$J7,J7)-1 -> 4 | L7: =(F7+K7)/2 -> 4.5 | M7: =RANK(L7,$L$3:$L$9,1)+COUNTIF(L$6:$L7,L7)-1 -> 5 | V7: =Q4+T4 -> 116 | W7: =R4+U4 -> 97
B12: SUNDAY | D12: WEDNESDAY
B13: L1 | D13: L2
B14: SUNDAY | D14: WEDNESDAY
B16: Comment
D17: Not yet in use

Sheet week 23
A1: Collector | B1: Boar | C1: AGE | D1: TSI | E1: Genetic level | F1: Genetic Rank | G1: Last recorded raw Semen collected (mls) | H1: Last recorded Doses | I1: Dose rank | J1: Last recorded Morphology | K1: Morphology rank | L1: Overal Grading | M1: Overal Rank | P1: MULTIPLER SITE | AA1: 45677
P2: Sunday | Q2: Sunday | R2: Sunday | S2: Wed | T2: Wed | U2: Wed
A3: AW | B3: LA0499 | D3: 107 | E3: Average | F3: 1 | G3: 174 | H3: 73 | I3: =RANK(H3,$H$3:$H$9) -> 1 | J3: 89 | K3: =RANK(J3,$J$3:$J$9)+COUNTIF(J3:$J$3,J3)-1 -> 1 | L3: =(F3+K3)/2 -> 1 | M3: =RANK(L3,$L$3:$L$9,1)+COUNTIF(L3:$L$6,L3)-1 -> 1 | P3: required | Q3: estimate | R3: actual | S3: required | T3: estimate | U3: actual
A4: CM | B4: LA0724 | D4: 104 | E4: Average | F4: 2 | G4: 262 | H4: 70 | I4: =RANK(H4,$H$3:$H$9) -> 3 | J4: 87 | K4: =RANK(J4,$J$3:$J$9)+COUNTIF(J$3:$J4,J4)-1 -> 4 | L4: =(F4+K4)/2 -> 3 | M4: =RANK(L4,$L$3:$L$9,1)+COUNTIF(L4:$L$6,L4)-1 -> 3 | P4: 50 | Q4: 97 | R4: 89 | S4: 20
A5: AW | B5: LA0752 | D5: 103 | E5: Average | F5: 3 | G5: 98 | H5: 19 | I5: =RANK(H5,$H$3:$H$9) -> 5 | J5: 88 | K5: =RANK(J5,$J$3:$J$9)+COUNTIF(J$3:$J5,J5)-1 -> 3 | L5: =(F5+K5)/2 -> 3 | M5: =RANK(L5,$L$3:$L$9,1)+COUNTIF(L5:$L$6,L5)-1 -> 2 | V5: TOTAL OF THE WEEK
A6: TA | B6: LA0946 | D6: 102 | E6: Average | F6: 4 | G6: 138 | H6: 71 | I6: =RANK(H6,$H$3:$H$9) -> 2 | J6: 87 | K6: =RANK(J6,$J$3:$J$9)+COUNTIF(J$3:$J6,J6)-1 -> 5 | L6: =(F6+K6)/2 -> 4.5 | M6: =RANK(L6,$L$3:$L$9,1)+COUNTIF(L$6:$L6,L6)-1 -> 5 | V6: Estimated total | W6: Actual total
B7: CL1114 | D7: 86 | E7: Very low | F7: 5 | G7: 282 | H7: 22 | I7: =RANK(H7,$H$3:$H$9) -> 4 | J7: 89 | K7: =RANK(J7,$J$3:$J$9)+COUNTIF(J$3:$J7,J7)-1 -> 2 | L7: =(F7+K7)/2 -> 3.5 | M7: =RANK(L7,$L$3:$L$9,1)+COUNTIF(L$6:$L7,L7)-1 -> 4 | V7: =Q4+T4 -> 97 | W7: =R4+U4 -> 89
B12: SUNDAY | D12: WEDNESDAY
B13: L1 | D13: L2
B14: SUNDAY | D14: WEDNESDAY
B16: Comment
D17: Not yet in use

Sheet week 24
A1: Collector | B1: Boar | C1: AGE | D1: TSI | E1: Genetic level | F1: Genetic Rank | G1: Last recorded raw Semen collected (mls) | H1: Last recorded Doses | I1: Dose rank | J1: Last recorded Morphology | K1: Morphology rank | L1: Overal Grading | M1: Overal Rank | P1: MULTIPLER SITE | AA1: 45677
P2: Sunday | Q2: Sunday | R2: Sunday | S2: Wed | T2: Wed | U2: Wed
A3: CM | B3: LA0499 | D3: 107 | E3: Average | F3: 1 | G3: 114 | H3: 29 | I3: =RANK(H3,$H$3:$H$9) -> 3 | J3: 87 | K3: =RANK(J3,$J$3:$J$9)+COUNTIF(J3:$J$3,J3)-1 -> 4 | L3: =(F3+K3)/2 -> 2.5 | M3: =RANK(L3,$L$3:$L$9,1)+COUNTIF(L3:$L$6,L3)-1 -> 3 | P3: required | Q3: estimate | R3: actual | S3: required | T3: estimate | U3: actual
A4: TA | B4: LA0724 | D4: 104 | E4: Average | F4: 2 | G4: 294 | H4: 90 | I4: =RANK(H4,$H$3:$H$9) -> 1 | J4: 88 | K4: =RANK(J4,$J$3:$J$9)+COUNTIF(J$3:$J4,J4)-1 -> 2 | L4: =(F4+K4)/2 -> 2 | M4: =RANK(L4,$L$3:$L$9,1)+COUNTIF(L4:$L$6,L4)-1 -> 2 | P4: 50 | Q4: 89 | R4: 140 | S4: 20
A5: AW | B5: LA0752 | D5: 103 | E5: Average | F5: 3 | G5: 302 | H5: 50 | I5: =RANK(H5,$H$3:$H$9) -> 2 | J5: 89 | K5: =RANK(J5,$J$3:$J$9)+COUNTIF(J$3:$J5,J5)-1 -> 1 | L5: =(F5+K5)/2 -> 2 | M5: =RANK(L5,$L$3:$L$9,1)+COUNTIF(L5:$L$6,L5)-1 -> 1 | V5: TOTAL OF THE WEEK
A6: AW | B6: LA0946 | D6: 102 | E6: Average | F6: 4 | G6: 166 | H6: 21 | I6: =RANK(H6,$H$3:$H$9) -> 5 | J6: 88 | K6: =RANK(J6,$J$3:$J$9)+COUNTIF(J$3:$J6,J6)-1 -> 3 | L6: =(F6+K6)/2 -> 3.5 | M6: =RANK(L6,$L$3:$L$9,1)+COUNTIF(L$6:$L6,L6)-1 -> 4 | V6: Estimated total | W6: Actual total
B7: CL1114 | D7: 86 | E7: Very low | F7: 5 | G7: 282 | H7: 22 | I7: =RANK(H7,$H$3:$H$9) -> 4 | J7: 87 | K7: =RANK(J7,$J$3:$J$9)+COUNTIF(J$3:$J7,J7)-1 -> 5 | L7: =(F7+K7)/2 -> 5 | M7: =RANK(L7,$L$3:$L$9,1)+COUNTIF(L$6:$L7,L7)-1 -> 5 | V7: =Q4+T4 -> 89 | W7: =R4+U4 -> 140
B12: SUNDAY | D12: WEDNESDAY
B13: L1 | D13: L2
B14: SUNDAY | D14: WEDNESDAY
B16: Comment
D17: Not yet in use

Sheet week 25
A1: Collector | B1: Boar | C1: AGE | D1: TSI | E1: Genetic level | F1: Genetic Rank | G1: Last recorded raw Semen collected (mls) | H1: Last recorded Doses | I1: Dose rank | J1: Last recorded Morphology | K1: Morphology rank | L1: Overal Grading | M1: Overal Rank | P1: MULTIPLER SITE | AA1: 45677
P2: Sunday | Q2: Sunday | R2: Sunday | S2: Wed | T2: Wed | U2: Wed
A3: CM | B3: LA0499 | D3: 107 | E3: Average | F3: 1 | G3: 252 | H3: 41 | I3: =RANK(H3,$H$3:$H$9) -> 3 | J3: 88 | K3: =RANK(J3,$J$3:$J$9)+COUNTIF(J3:$J$3,J3)-1 -> 2 | L3: =(F3+K3)/2 -> 1.5 | M3: =RANK(L3,$L$3:$L$9,1)+COUNTIF(L3:$L$6,L3)-1 -> 1 | P3: required | Q3: estimate | R3: actual | S3: required | T3: estimate | U3: actual
A4: TA | B4: LA0724 | D4: 104 | E4: Average | F4: 2 | G4: 160 | H4: 47 | I4: =RANK(H4,$H$3:$H$9) -> 2 | J4: 87 | K4: =RANK(J4,$J$3:$J$9)+COUNTIF(J$3:$J4,J4)-1 -> 4 | L4: =(F4+K4)/2 -> 3 | M4: =RANK(L4,$L$3:$L$9,1)+COUNTIF(L4:$L$6,L4)-1 -> 4 | P4: 50 | S4: 20
A5: CM | B5: LA0752 | D5: 103 | E5: Average | F5: 3 | G5: 170 | H5: 39 | I5: =RANK(H5,$H$3:$H$9) -> 4 | J5: 88 | K5: =RANK(J5,$J$3:$J$9)+COUNTIF(J$3:$J5,J5)-1 -> 3 | L5: =(F5+K5)/2 -> 3 | M5: =RANK(L5,$L$3:$L$9,1)+COUNTIF(L5:$L$6,L5)-1 -> 3 | V5: TOTAL OF THE WEEK
A6: TA | B6: LA0946 | D6: 102 | E6: Average | F6: 4 | G6: 200 | H6: 48 | I6: =RANK(H6,$H$3:$H$9) -> 1 | J6: 89 | K6: =RANK(J6,$J$3:$J$9)+COUNTIF(J$3:$J6,J6)-1 -> 1 | L6: =(F6+K6)/2 -> 2.5 | M6: =RANK(L6,$L$3:$L$9,1)+COUNTIF(L$6:$L6,L6)-1 -> 2 | V6: Estimated total | W6: Actual total
V7: =Q4+T4 -> 0 | W7: =R4+U4 -> 0
B12: SUNDAY | D12: WEDNESDAY
B13: L1 | D13: L2
B14: SUNDAY | D14: WEDNESDAY
B16: Comment
D17: Not yet in use

Sheet week 26 
A1: Collector | B1: Boar | C1: AGE | D1: TSI | E1: Genetic level | F1: Genetic Rank | G1: Last recorded raw Semen collected (mls) | H1: Last recorded Doses | I1: Dose rank | J1: Last recorded Morphology | K1: Morphology rank | L1: Overal Grading | M1: Overal Rank | P1: MULTIPLER SITE | AA1: 45677
P2: Sunday | Q2: Sunday | R2: Sunday | S2: Wed | T2: Wed | U2: Wed
A3: AW | B3: LA0499 | D3: 107 | E3: Average | F3: 1 | G3: 150 | H3: 50 | I3: =RANK(H3,$H$3:$H$9) -> 2 | J3: 89 | K3: =RANK(J3,$J$3:$J$9)+COUNTIF(J3:$J$3,J3)-1 -> 1 | L3: =(F3+K3)/2 -> 1 | M3: =RANK(L3,$L$3:$L$9,1)+COUNTIF(L3:$L$6,L3)-1 -> 1 | P3: required | Q3: estimate | R3: actual | S3: required | T3: estimate | U3: actual
A4: TA | B4: LA0724 | D4: 104 | E4: Average | F4: 2 | G4: 262 | H4: 29 | I4: =RANK(H4,$H$3:$H$9) -> 4 | J4: 88 | K4: =RANK(J4,$J$3:$J$9)+COUNTIF(J$3:$J4,J4)-1 -> 2 | L4: =(F4+K4)/2 -> 2 | M4: =RANK(L4,$L$3:$L$9,1)+COUNTIF(L4:$L$6,L4)-1 -> 2 | P4: 50 | S4: 20
A5: CM | B5: LA0752 | D5: 103 | E5: Average | F5: 3 | G5: 258 | H5: 41 | I5: =RANK(H5,$H$3:$H$9) -> 3 | J5: 87 | K5: =RANK(J5,$J$3:$J$9)+COUNTIF(J$3:$J5,J5)-1 -> 4 | L5: =(F5+K5)/2 -> 3.5 | M5: =RANK(L5,$L$3:$L$9,1)+COUNTIF(L5:$L$6,L5)-1 -> 4 | V5: TOTAL OF THE WEEK
A6: CM | B6: LA0946 | D6: 102 | E6: Average | F6: 4 | G6: 390 | H6: 91 | I6: =RANK(H6,$H$3:$H$9) -> 1 | J6: 88 | K6: =RANK(J6,$J$3:$J$9)+COUNTIF(J$3:$J6,J6)-1 -> 3 | L6: =(F6+K6)/2 -> 3.5 | M6: =RANK(L6,$L$3:$L$9,1)+COUNTIF(L$6:$L6,L6)-1 -> 3 | V6: Estimated total | W6: Actual total
V7: =Q4+T4 -> 0 | W7: =R4+U4 -> 0
B12: SUNDAY | D12: WEDNESDAY
B13: L1 | D13: L2
B14: SUNDAY | D14: WEDNESDAY
B16: Comment
D17: Not yet in use

Sheet week 27
A1: Collector | B1: Boar | C1: AGE | D1: TSI | E1: Genetic level | F1: Genetic Rank | G1: Last recorded raw Semen collected (mls) | H1: Last recorded Doses | I1: Dose rank | J1: Last recorded Morphology | K1: Morphology rank | L1: Overal Grading | M1: Overal Rank | P1: MULTIPLER SITE | AA1: 45677
P2: Sunday | Q2: Sunday | R2: Sunday | S2: Wed | T2: Wed | U2: Wed
A3: CM | B3: LA0499 | D3: 107 | E3: Average | F3: 1 | G3: 142 | H3: 38 | I3: =RANK(H3,$H$3:$H$9) -> 3 | J3: 87 | K3: =RANK(J3,$J$3:$J$9)+COUNTIF(J3:$J$3,J3)-1 -> 2 | L3: =(F3+K3)/2 -> 1.5 | M3: =RANK(L3,$L$3:$L$9,1)+COUNTIF(L3:$L$6,L3)-1 -> 2 | P3: required | Q3: estimate | R3: actual | S3: required | T3: estimate | U3: actual
A4: TA | B4: LA0724 | D4: 104 | E4: Average | F4: 2 | G4: 200 | H4: 76 | I4: =RANK(H4,$H$3:$H$9) -> 1 | J4: 88 | K4: =RANK(J4,$J$3:$J$9)+COUNTIF(J$3:$J4,J4)-1 -> 1 | L4: =(F4+K4)/2 -> 1.5 | M4: =RANK(L4,$L$3:$L$9,1)+COUNTIF(L4:$L$6,L4)-1 -> 1 | P4: 50 | S4: 20
A5: AW | B5: LA0752 | D5: 103 | E5: Average | F5: 3 | G5: 156 | H5: 38 | I5: =RANK(H5,$H$3:$H$9) -> 3 | J5: 87 | K5: =RANK(J5,$J$3:$J$9)+COUNTIF(J$3:$J5,J5)-1 -> 3 | L5: =(F5+K5)/2 -> 3 | M5: =RANK(L5,$L$3:$L$9,1)+COUNTIF(L5:$L$6,L5)-1 -> 3 | V5: TOTAL OF THE WEEK
A6: CM | B6: LA0946 | D6: 102 | E6: Average | F6: 4 | G6: 192 | H6: 45 | I6: =RANK(H6,$H$3:$H$9) -> 2 | J6: 87 | K6: =RANK(J6,$J$3:$J$9)+COUNTIF(J$3:$J6,J6)-1 -> 4 | L6: =(F6+K6)/2 -> 4 | M6: =RANK(L6,$L$3:$L$9,1)+COUNTIF(L$6:$L6,L6)-1 -> 4 | V6: Estimated total | W6: Actual total
V7: =Q4+T4 -> 0 | W7: =R4+U4 -> 0
B12: SUNDAY | D12: WEDNESDAY
B13: L1 | D13: L2
B14: SUNDAY | D14: WEDNESDAY
B16: Comment
D17: Not yet in use

Sheet week 28
A1: Collector | B1: Boar | C1: AGE | D1: TSI | E1: Genetic level | F1: Genetic Rank | G1: Last recorded raw Semen collected (mls) | H1: Last recorded Doses | I1: Dose rank | J1: Last recorded Morphology | K1: Morphology rank | L1: Overal Grading | M1: Overal Rank | P1: MULTIPLER SITE | AA1: 45677
P2: Sunday | Q2: Sunday | R2: Sunday | S2: Wed | T2: Wed | U2: Wed
A3: AW | B3: LA0499 | C3: 655 | D3: 107 | E3: Average | F3: 1 | G3: 206 | H3: 22 | I3: =RANK(H3,$H$3:$H$9) -> 4 | J3: 86 | K3: =RANK(J3,$J$3:$J$9)+COUNTIF(J3:$J$3,J3)-1 -> 3 | L3: =(F3+K3)/2 -> 2 | M3: =RANK(L3,$L$3:$L$9,1)+COUNTIF(L3:$L$6,L3)-1 -> 1 | P3: required | Q3: estimate | R3: actual | S3: required | T3: estimate | U3: actual
A4: TA | B4: LA0724 | C4: 492 | D4: 104 | E4: Average | F4: 2 | G4: 188 | H4: 37 | I4: =RANK(H4,$H$3:$H$9) -> 3 | J4: 85 | K4: =RANK(J4,$J$3:$J$9)+COUNTIF(J$3:$J4,J4)-1 -> 4 | L4: =(F4+K4)/2 -> 3 | M4: =RANK(L4,$L$3:$L$9,1)+COUNTIF(L4:$L$6,L4)-1 -> 4 | P4: 50 | R4: 69 | S4: 20
A5: TA | B5: LA0752 | C5: 485 | D5: 103 | E5: Average | F5: 3 | G5: 324 | H5: 47 | I5: =RANK(H5,$H$3:$H$9) -> 2 | J5: 87 | K5: =RANK(J5,$J$3:$J$9)+COUNTIF(J$3:$J5,J5)-1 -> 2 | L5: =(F5+K5)/2 -> 2.5 | M5: =RANK(L5,$L$3:$L$9,1)+COUNTIF(L5:$L$6,L5)-1 -> 3 | V5: TOTAL OF THE WEEK
A6: CM | B6: LA0946 | C6: 359 | D6: 102 | E6: Average | F6: 4 | G6: 318 | H6: 69 | I6: =RANK(H6,$H$3:$H$9) -> 1 | J6: 88 | K6: =RANK(J6,$J$3:$J$9)+COUNTIF(J$3:$J6,J6)-1 -> 1 | L6: =(F6+K6)/2 -> 2.5 | M6: =RANK(L6,$L$3:$L$9,1)+COUNTIF(L$6:$L6,L6)-1 -> 2 | V6: Estimated total | W6: Actual total
V7: =Q4+T4 -> 0 | W7: =R4+U4 -> 69
B12: SUNDAY | D12: WEDNESDAY
B13: L1 | D13: L2
B14: SUNDAY | D14: WEDNESDAY
B16: Comment
D17: Not yet in use

Sheet week 29
A1: Collector | B1: Boar | C1: AGE | D1: TSI | E1: Genetic level | F1: Genetic Rank | G1: Last recorded raw Semen collected (mls) | H1: Last recorded Doses | I1: Dose rank | J1: Last recorded Morphology | K1: Morphology rank | L1: Overal Grading | M1: Overal Rank | P1: MULTIPLER SITE | AA1: 45677
P2: Sunday | Q2: Sunday | R2: Sunday | S2: Wed | T2: Wed | U2: Wed
A3: CM | B3: LA0499 | C3: 662 | D3: 107 | E3: Average | F3: 1 | G3: 174 | H3: 23 | I3: =RANK(H3,$H$3:$H$9) -> 4 | J3: 88 | K3: =RANK(J3,$J$3:$J$9)+COUNTIF(J3:$J$3,J3)-1 -> 1 | L3: =(F3+K3)/2 -> 1 | M3: =RANK(L3,$L$3:$L$9,1)+COUNTIF(L3:$L$6,L3)-1 -> 1 | P3: required | Q3: estimate | R3: actual | S3: required | T3: estimate | U3: actual
A4: AW | B4: LA0724 | C4: 499 | D4: 104 | E4: Average | F4: 2 | G4: 350 | H4: 37 | I4: =RANK(H4,$H$3:$H$9) -> 3 | J4: 87 | K4: =RANK(J4,$J$3:$J$9)+COUNTIF(J$3:$J4,J4)-1 -> 2 | L4: =(F4+K4)/2 -> 2 | M4: =RANK(L4,$L$3:$L$9,1)+COUNTIF(L4:$L$6,L4)-1 -> 2 | P4: 50 | Q4: 69 | R4: 64 | S4: 20
A5: AW | B5: LA0752 | C5: 492 | D5: 103 | E5: Average | F5: 3 | G5: 337 | H5: 41 | I5: =RANK(H5,$H$3:$H$9) -> 2 | J5: 86 | K5: =RANK(J5,$J$3:$J$9)+COUNTIF(J$3:$J5,J5)-1 -> 4 | L5: =(F5+K5)/2 -> 3.5 | M5: =RANK(L5,$L$3:$L$9,1)+COUNTIF(L5:$L$6,L5)-1 -> 4 | V5: TOTAL OF THE WEEK
A6: TA | B6: LA0946 | C6: 366 | D6: 102 | E6: Average | F6: 4 | G6: 228 | H6: 67 | I6: =RANK(H6,$H$3:$H$9) -> 1 | J6: 87 | K6: =RANK(J6,$J$3:$J$9)+COUNTIF(J$3:$J6,J6)-1 -> 3 | L6: =(F6+K6)/2 -> 3.5 | M6: =RANK(L6,$L$3:$L$9,1)+COUNTIF(L$6:$L6,L6)-1 -> 3 | V6: Estimated total | W6: Actual total
V7: =Q4+T4 -> 69 | W7: =R4+U4 -> 64
B12: SUNDAY | D12: WEDNESDAY
B13: L1 | D13: L2
B14: SUNDAY | D14: WEDNESDAY
B16: Comment
D17: Not yet in use

Sheet week 30
A1: Collector | B1: Boar | C1: DoB | D1: Age | E1: TSI | F1: Genetic level | G1: Genetic Rank | H1: Last recorded raw Semen collected (mls) | I1: Last recorded Doses | J1: Dose rank | K1: Last recorded Morphology | L1: Morphology rank | M1: Overal Grading | N1: Overal Rank | Q1: MULTIPLER SITE | AB1: 45677
P2: 46216 | Q2: Sunday | R2: Sunday | S2: Sunday | T2: Wed | U2: Wed | V2: Wed
A3: CM | B3: LA0499 | C3: 45547 | D3: =$P$2-C3 -> 669 | E3: 107 | F3: Average | G3: 1 | H3: 280 | I3: 71 | J3: =RANK(I3,$I$3:$I$9) -> 1 | K3: 87 | L3: =RANK(K3,$K$3:$K$9)+COUNTIF(K3:$K$3,K3)-1 -> 2 | M3: =(G3+L3)/2 -> 1.5 | N3: =RANK(M3,$M$3:$M$9,1)+COUNTIF(M3:$M$6,M3)-1 -> 1 | Q3: required | R3: estimate | S3: actual | T3: required | U3: estimate | V3: actual
A4: AW | B4: LA0724 | C4: 45710 | D4: =$P$2-C4 -> 506 | E4: 104 | F4: Average | G4: 2 | H4: 256 | I4: 60 | J4: =RANK(I4,$I$3:$I$9) -> 2 | K4: 86 | L4: =RANK(K4,$K$3:$K$9)+COUNTIF(K$3:$K4,K4)-1 -> 4 | M4: =(G4+L4)/2 -> 3 | N4: =RANK(M4,$M$3:$M$9,1)+COUNTIF(M4:$M$6,M4)-1 -> 4 | Q4: 50 | T4: 20
A5: AW | B5: LA0752 | C5: 45717 | D5: =$P$2-C5 -> 499 | E5: 103 | F5: Average | G5: 3 | H5: 358 | I5: 28 | J5: =RANK(I5,$I$3:$I$9) -> 4 | K5: 87 | L5: =RANK(K5,$K$3:$K$9)+COUNTIF(K$3:$K5,K5)-1 -> 3 | M5: =(G5+L5)/2 -> 3 | N5: =RANK(M5,$M$3:$M$9,1)+COUNTIF(M5:$M$6,M5)-1 -> 3 | W5: TOTAL OF THE WEEK
A6: CM | B6: LA0946 | C6: 45843 | D6: =$P$2-C6 -> 373 | E6: 102 | F6: Average | G6: 4 | H6: 138 | I6: 40 | J6: =RANK(I6,$I$3:$I$9) -> 3 | K6: 88 | L6: =RANK(K6,$K$3:$K$9)+COUNTIF(K$3:$K6,K6)-1 -> 1 | M6: =(G6+L6)/2 -> 2.5 | N6: =RANK(M6,$M$3:$M$9,1)+COUNTIF(M$6:$M6,M6)-1 -> 2 | W6: Estimated total | X6: Actual total
W7: =R4+U4 -> 0 | X7: =S4+V4 -> 0
B12: SUNDAY | C12: WEDNESDAY
B13: L1 | C13: L2
B14: SUNDAY | C14: WEDNESDAY
B16: Comment
C17: Not yet in use

Sheet week 31
A1: Collector | B1: Boar | C1: DoB | D1: Age | E1: TSI | F1: Genetic level | G1: Genetic Rank | H1: Last recorded raw Semen collected (mls) | I1: Last recorded Doses | J1: Dose rank | K1: Last recorded Morphology | L1: Morphology rank | M1: Overal Grading | N1: Overal Rank | Q1: MULTIPLER SITE | AB1: 45677
P2: 46223 | Q2: Sunday | R2: Sunday | S2: Sunday | T2: Wed | U2: Wed | V2: Wed
A3: CM | B3: LA0499 | C3: 45547 | D3: =$P$2-C3 -> 676 | E3: 107 | F3: Average | G3: 1 | H3: 148 | I3: 24 | J3: =RANK(I3,$I$3:$I$9) -> 4 | K3: 87 | L3: =RANK(K3,$K$3:$K$9)+COUNTIF(K3:$K$3,K3)-1 -> 2 | M3: =(G3+L3)/2 -> 1.5 | N3: =RANK(M3,$M$3:$M$9,1)+COUNTIF(M3:$M$6,M3)-1 -> 2 | Q3: required | R3: estimate | S3: actual | T3: required | U3: estimate | V3: actual
A4: AW | B4: LA0724 | C4: 45710 | D4: =$P$2-C4 -> 513 | E4: 104 | F4: Average | G4: 2 | H4: 374 | I4: 54 | J4: =RANK(I4,$I$3:$I$9) -> 3 | K4: 88 | L4: =RANK(K4,$K$3:$K$9)+COUNTIF(K$3:$K4,K4)-1 -> 1 | M4: =(G4+L4)/2 -> 1.5 | N4: =RANK(M4,$M$3:$M$9,1)+COUNTIF(M4:$M$6,M4)-1 -> 1 | Q4: 50 | T4: 20
A5: AW | B5: LA0752 | C5: 45717 | D5: =$P$2-C5 -> 506 | E5: 103 | F5: Average | G5: 3 | H5: 376 | I5: 72 | J5: =RANK(I5,$I$3:$I$9) -> 1 | K5: 87 | L5: =RANK(K5,$K$3:$K$9)+COUNTIF(K$3:$K5,K5)-1 -> 3 | M5: =(G5+L5)/2 -> 3 | N5: =RANK(M5,$M$3:$M$9,1)+COUNTIF(M5:$M$6,M5)-1 -> 3 | W5: TOTAL OF THE WEEK
A6: CM | B6: LA0946 | C6: 45843 | D6: =$P$2-C6 -> 380 | E6: 102 | F6: Average | G6: 4 | H6: 238 | I6: 68 | J6: =RANK(I6,$I$3:$I$9) -> 2 | K6: 87 | L6: =RANK(K6,$K$3:$K$9)+COUNTIF(K$3:$K6,K6)-1 -> 4 | M6: =(G6+L6)/2 -> 4 | N6: =RANK(M6,$M$3:$M$9,1)+COUNTIF(M$6:$M6,M6)-1 -> 4 | W6: Estimated total | X6: Actual total
U7: =R4+U4 -> 0 | V7: =S4+V4 -> 0
B12: SUNDAY | C12: WEDNESDAY
B13: L1 | C13: L2
B14: SUNDAY | C14: WEDNESDAY
B16: Comment
C17: Not yet in use

Sheet week 32
A1: Collector | B1: Boar | C1: DoB | D1: Age | E1: TSI | F1: Genetic level | G1: Genetic Rank | H1: Last recorded raw Semen collected (mls) | I1: Last recorded Doses | J1: Dose rank | K1: Last recorded Morphology | L1: Morphology rank | M1: Overal Grading | N1: Overal Rank | Q1: MULTIPLER SITE | AB1: 45677
P2: 46230 | Q2: Sunday | R2: Sunday | S2: Sunday | T2: Wed | U2: Wed | V2: Wed
A3: AW | B3: LA0499 | C3: 45547 | D3: =$P$2-C3 -> 683 | E3: 107 | F3: Average | G3: 1 | H3: 226 | I3: 42 | J3: =RANK(I3,$I$3:$I$9) -> 3 | K3: 87 | L3: =RANK(K3,$K$3:$K$9)+COUNTIF(K3:$K$3,K3)-1 -> 2 | M3: =(G3+L3)/2 -> 1.5 | N3: =RANK(M3,$M$3:$M$9,1)+COUNTIF(M3:$M$6,M3)-1 -> 2 | Q3: required | R3: estimate | S3: actual | T3: required | U3: estimate | V3: actual
A4: AW | B4: LA0724 | C4: 45710 | D4: =$P$2-C4 -> 520 | E4: 104 | F4: Average | G4: 2 | H4: 218 | I4: 48 | J4: =RANK(I4,$I$3:$I$9) -> 2 | K4: 88 | L4: =RANK(K4,$K$3:$K$9)+COUNTIF(K$3:$K4,K4)-1 -> 1 | M4: =(G4+L4)/2 -> 1.5 | N4: =RANK(M4,$M$3:$M$9,1)+COUNTIF(M4:$M$6,M4)-1 -> 1 | Q4: 50 | T4: 20
A5: CM | B5: LA0752 | C5: 45717 | D5: =$P$2-C5 -> 513 | E5: 103 | F5: Average | G5: 3 | H5: 272 | I5: 42 | J5: =RANK(I5,$I$3:$I$9) -> 3 | K5: 86 | L5: =RANK(K5,$K$3:$K$9)+COUNTIF(K$3:$K5,K5)-1 -> 4 | M5: =(G5+L5)/2 -> 3.5 | N5: =RANK(M5,$M$3:$M$9,1)+COUNTIF(M5:$M$6,M5)-1 -> 4 | W5: TOTAL OF THE WEEK
A6: CM | B6: LA0946 | C6: 45843 | D6: =$P$2-C6 -> 387 | E6: 102 | F6: Average | G6: 4 | H6: 278 | I6: 84 | J6: =RANK(I6,$I$3:$I$9) -> 1 | K6: 87 | L6: =RANK(K6,$K$3:$K$9)+COUNTIF(K$3:$K6,K6)-1 -> 3 | M6: =(G6+L6)/2 -> 3.5 | N6: =RANK(M6,$M$3:$M$9,1)+COUNTIF(M6:$M$6,M6)-1 -> 3 | W6: Estimated total | X6: Actual total
U7: =R4+U4 -> 0 | V7: =S4+V4 -> 0
B12: SUNDAY | C12: WEDNESDAY
B13: L1 | C13: L2
B14: SUNDAY | C14: WEDNESDAY
B16: Comment
C17: Not yet in use

Sheet week 33
A1: Collector | B1: Boar | C1: DoB | D1: Age | E1: TSI | F1: Genetic level | G1: Genetic Rank | H1: Last recorded raw Semen collected (mls) | I1: Last recorded Doses | J1: Dose rank | K1: Last recorded Morphology | L1: Morphology rank | M1: Overal Grading | N1: Overal Rank | Q1: MULTIPLER SITE | AB1: 45677
P2: 46237 | Q2: Sunday | R2: Sunday | S2: Sunday | T2: Wed | U2: Wed | V2: Wed
A3: CM | B3: LA0499 | C3: 45547 | D3: =$P$2-C3 -> 690 | E3: 107 | F3: Average | G3: 1 | H3: 188 | I3: 47 | J3: =RANK(I3,$I$3:$I$9) -> 2 | K3: 87 | L3: =RANK(K3,$K$3:$K$9)+COUNTIF(K3:$K$3,K3)-1 -> 1 | M3: =(G3+L3)/2 -> 1 | N3: =RANK(M3,$M$3:$M$9,1)+COUNTIF(M3:$M$6,M3)-1 -> 1 | Q3: required | R3: estimate | S3: actual | T3: required | U3: estimate | V3: actual
A4: AW | B4: LA0724 | C4: 45710 | D4: =$P$2-C4 -> 527 | E4: 104 | F4: Average | G4: 2 | H4: 154 | I4: 32 | J4: =RANK(I4,$I$3:$I$9) -> 3 | K4: 86 | L4: =RANK(K4,$K$3:$K$9)+COUNTIF(K$3:$K4,K4)-1 -> 4 | M4: =(G4+L4)/2 -> 3 | N4: =RANK(M4,$M$3:$M$9,1)+COUNTIF(M4:$M$6,M4)-1 -> 3 | Q4: 50 | T4: 20
A5: CM | B5: LA0752 | C5: 45717 | D5: =$P$2-C5 -> 520 | E5: 103 | F5: Average | G5: 3 | H5: 342 | I5: 28 | J5: =RANK(I5,$I$3:$I$9) -> 4 | K5: 87 | L5: =RANK(K5,$K$3:$K$9)+COUNTIF(K$3:$K5,K5)-1 -> 2 | M5: =(G5+L5)/2 -> 2.5 | N5: =RANK(M5,$M$3:$M$9,1)+COUNTIF(M5:$M$6,M5)-1 -> 2 | W5: TOTAL OF THE WEEK
A6: CM | B6: LA0946 | C6: 45843 | D6: =$P$2-C6 -> 394 | E6: 102 | F6: Average | G6: 4 | H6: 201 | I6: 51 | J6: =RANK(I6,$I$3:$I$9) -> 1 | K6: 87 | L6: =RANK(K6,$K$3:$K$9)+COUNTIF(K$3:$K6,K6)-1 -> 3 | M6: =(G6+L6)/2 -> 3.5 | N6: =RANK(M6,$M$3:$M$9,1)+COUNTIF(M6:$M$6,M6)-1 -> 4 | W6: Estimated total | X6: Actual total
U7: =R4+U4 -> 0 | V7: =S4+V4 -> 0
B12: SUNDAY | C12: WEDNESDAY
B13: L1 | C13: L2
B14: SUNDAY | C14: WEDNESDAY
B16: Comment
C17: Not yet in use

Sheet week 34
A1: Collector | B1: Boar | C1: DoB | D1: Age | E1: TSI | F1: Genetic level | G1: Genetic Rank | H1: Last recorded raw Semen collected (mls) | I1: Last recorded Doses | J1: Dose rank | K1: Last recorded Morphology | L1: Morphology rank | M1: Overal Grading | N1: Overal Rank | Q1: MULTIPLER SITE | AB1: 45677
P2: 46237 | Q2: Sunday | R2: Sunday | S2: Sunday | T2: Wed | U2: Wed | V2: Wed
A3: TA | B3: LA0499 | C3: 45547 | D3: =$P$2-C3 -> 690 | E3: 107 | F3: Average | G3: 1 | H3: 224 | I3: 40 | J3: =RANK(I3,$I$3:$I$9) -> 3 | K3: 87 | L3: =RANK(K3,$K$3:$K$9)+COUNTIF(K3:$K$3,K3)-1 -> 1 | M3: =(G3+L3)/2 -> 1 | N3: =RANK(M3,$M$3:$M$9,1)+COUNTIF(M3:$M$6,M3)-1 -> 1 | Q3: required | R3: estimate | S3: actual | T3: required | U3: estimate | V3: actual
A4: AW | B4: LA0724 | C4: 45710 | D4: =$P$2-C4 -> 527 | E4: 104 | F4: Average | G4: 2 | H4: 198 | I4: 27 | J4: =RANK(I4,$I$3:$I$9) -> 4 | K4: 86 | L4: =RANK(K4,$K$3:$K$9)+COUNTIF(K$3:$K4,K4)-1 -> 3 | M4: =(G4+L4)/2 -> 2.5 | N4: =RANK(M4,$M$3:$M$9,1)+COUNTIF(M4:$M$6,M4)-1 -> 2 | Q4: 50 | T4: 20
A5: AW | B5: LA0752 | C5: 45717 | D5: =$P$2-C5 -> 520 | E5: 103 | F5: Average | G5: 3 | H5: 232 | I5: 53 | J5: =RANK(I5,$I$3:$I$9) -> 1 | K5: 86 | L5: =RANK(K5,$K$3:$K$9)+COUNTIF(K$3:$K5,K5)-1 -> 4 | M5: =(G5+L5)/2 -> 3.5 | N5: =RANK(M5,$M$3:$M$9,1)+COUNTIF(M5:$M$6,M5)-1 -> 4 | W5: TOTAL OF THE WEEK
A6: CM | B6: LA0946 | C6: 45843 | D6: =$P$2-C6 -> 394 | E6: 102 | F6: Average | G6: 4 | H6: 190 | I6: 51 | J6: =RANK(I6,$I$3:$I$9) -> 2 | K6: 87 | L6: =RANK(K6,$K$3:$K$9)+COUNTIF(K$3:$K6,K6)-1 -> 2 | M6: =(G6+L6)/2 -> 3 | N6: =RANK(M6,$M$3:$M$9,1)+COUNTIF(M6:$M$6,M6)-1 -> 3 | W6: Estimated total | X6: Actual total
U7: =R4+U4 -> 0 | V7: =S4+V4 -> 0
B12: SUNDAY | C12: WEDNESDAY
B13: L1 | C13: L2
B14: SUNDAY | C14: WEDNESDAY
B16: Comment
C17: Not yet in use

Sheet week 35
A1: Collector | B1: Boar | C1: DoB | D1: Age | E1: TSI | F1: Genetic level | G1: Genetic Rank | H1: Last recorded raw Semen collected (mls) | I1: Last recorded Doses | J1: Dose rank | K1: Last recorded Morphology | L1: Morphology rank | M1: Overal Grading | N1: Overal Rank | Q1: MULTIPLER SITE | AB1: 45677
P2: 46250 | Q2: Sunday | R2: Sunday | S2: Sunday | T2: Wed | U2: Wed | V2: Wed
B3: LA1342 | C3: 46027 | D3: =$P$2-C3 -> 223 | E3: 103 | F3: Average | G3: 1 | J3: =RANK(I3,$G$3:$G$9) -> #N/A | L3: =RANK(K3,$I$3:$I$9)+COUNTIF(K3:$K$3,K3)-1 -> #N/A | M3: =(G3+L3)/2 -> #N/A | N3: =RANK(M3,$K$3:$K$9,1)+COUNTIF(M3:$M$6,M3)-1 -> #N/A | Q3: required | R3: estimate | S3: actual | T3: required | U3: estimate | V3: actual
B4: LA0499 | C4: 45542 | D4: =$P$2-C4 -> 708 | E4: 100 | F4: Below average | G4: 2 | J4: =RANK(I4,$I$3:$I$9) -> #N/A | L4: =RANK(K4,$I$3:$I$9)+COUNTIF(K$3:$K4,K4)-1 -> #N/A | M4: =(G4+L4)/2 -> #N/A | N4: =RANK(M4,$K$3:$K$9,1)+COUNTIF(M4:$M$6,M4)-1 -> #N/A | Q4: 50 | T4: 20
A5: AW | B5: LA0724 | C5: 45705 | D5: =$P$2-C5 -> 545 | E5: 97 | F5: Below average | G5: 3 | H5: 336 | I5: 41 | J5: =RANK(I5,$I$3:$I$9) -> 1 | K5: 87 | L5: =RANK(K5,$I$3:$I$9)+COUNTIF(K$3:$K5,K5)-1 -> #N/A | M5: =(G5+L5)/2 -> #N/A | N5: =RANK(M5,$K$3:$K$9,1)+COUNTIF(M5:$M$6,M5)-1 -> #N/A | W5: TOTAL OF THE WEEK
B6: LA0752 | C6: 45712 | D6: =$P$2-C6 -> 538 | E6: 97 | F6: Below average | G6: 4 | J6: =RANK(I6,$I$3:$I$9) -> #N/A | L6: =RANK(K6,$I$3:$I$9)+COUNTIF(K$3:$K6,K6)-1 -> #N/A | M6: =(G6+L6)/2 -> #N/A | N6: =RANK(M6,$K$3:$K$9,1)+COUNTIF(M$6:$M6,M6)-1 -> #N/A | W6: Estimated total | X6: Actual total
A7: CM | B7: LA0946 | C7: 45838 | D7: =$P$2-C7 -> 412 | E7: 97 | F7: Below average | G7: 5 | H7: 139 | I7: 21 | J7: =RANK(I7,$I$3:$I$9) -> 2 | K7: 86 | L7: =RANK(K7,$I$3:$I$9)+COUNTIF(K$3:$K7,K7)-1 -> #N/A | M7: =(G7+L7)/2 -> #N/A | N7: =RANK(M7,$K$3:$K$9,1)+COUNTIF(M$6:$M7,M7)-1 -> #N/A | U7: =R4+U4 -> 0 | V7: =S4+V4 -> 0
B12: SUNDAY | C12: WEDNESDAY
B13: L1 | C13: L2
B14: SUNDAY | C14: WEDNESDAY
B16: Comment
C17: Not yet in use

Sheet L line boars manual
A2: Boar | B2: Rank | C2: level
A3: LA1342 | B3: 1 | C3: AVERAGE
A4: week | B4: 1 | C4: 2 | D4: 3 | E4: 4 | F4: 5 | G4: 6 | H4: 7 | I4: 8 | J4: 9 | K4: 10 | L4: 11 | M4: 12 | N4: 13 | O4: 14 | P4: 15 | Q4: 16 | R4: 17 | S4: 18 | T4: 19 | U4: 20 | V4: 21 | W4: 22 | X4: 23 | Y4: 24 | Z4: 25 | AA4: 26 | AB4: 27 | AC4: 28 | AD4: 29 | AE4: 30 | AF4: 31 | AG4: 32 | AH4: 33 | AI4: 34 | AJ4: 35 | AK4: 36 | AL4: 37 | AM4: 38 | AN4: 39 | AO4: 40 | AP4: 41 | AQ4: 42 | AR4: 43 | AS4: 44 | AT4: 45 | AU4: 46 | AV4: 47 | AW4: 48 | AX4: 49 | AY4: 50 | AZ4: 51 | BA4: 52
A5: morphology target top | B5: 85 | C5: 85 | D5: 85 | E5: 85 | F5: 85 | G5: 85 | H5: 85 | I5: 85 | J5: 85 | K5: 85 | L5: 85 | M5: 85 | N5: 85 | O5: 85 | P5: 85 | Q5: 85 | R5: 85 | S5: 85 | T5: 85 | U5: 85 | V5: 85 | W5: 85 | X5: 85 | Y5: 85 | Z5: 85 | AA5: 85 | AB5: 85 | AC5: 85 | AD5: 85 | AE5: 85 | AF5: 85 | AG5: 85 | AH5: 85 | AI5: 85 | AJ5: 85 | AK5: 85 | AL5: 85 | AM5: 85 | AN5: 85 | AO5: 85 | AP5: 85 | AQ5: 85 | AR5: 85 | AS5: 85 | AT5: 85 | AU5: 85 | AV5: 85 | AW5: 85 | AX5: 85 | AY5: 85 | AZ5: 85 | BA5: 85
A6: Actual
A7: week | B7: 1 | C7: 2 | D7: 3 | E7: 4 | F7: 5 | G7: 6 | H7: 7 | I7: 8 | J7: 9 | K7: 10 | L7: 11 | M7: 12 | N7: 13 | O7: 14 | P7: 15 | Q7: 16 | R7: 17 | S7: 18 | T7: 19 | U7: 20 | V7: 21 | W7: 22 | X7: 23 | Y7: 24 | Z7: 25 | AA7: 26 | AB7: 27 | AC7: 28 | AD7: 29 | AE7: 30 | AF7: 31 | AG7: 32 | AH7: 33 | AI7: 34 | AJ7: 35 | AK7: 36 | AL7: 37 | AM7: 38 | AN7: 39 | AO7: 40 | AP7: 41 | AQ7: 42 | AR7: 43 | AS7: 44 | AT7: 45 | AU7: 46 | AV7: 47 | AW7: 48 | AX7: 49 | AY7: 50 | AZ7: 51 | BA7: 52
A8: boars avg # of doses | B8: 68 | C8: 68 | D8: 68 | E8: 68 | F8: 68 | G8: 68 | H8: 68 | I8: 68 | J8: 68 | K8: 68 | L8: 68 | M8: 68 | N8: 68 | O8: 68 | P8: 68 | Q8: 68 | R8: 68 | S8: 68 | T8: 68 | U8: 68 | V8: 68 | W8: 68 | X8: 68 | Y8: 68 | Z8: 68 | AA8: 68 | AB8: 68 | AC8: 68 | AD8: 68 | AE8: 68 | AF8: 68 | AG8: 68 | AH8: 68 | AI8: 68 | AJ8: 68 | AK8: 68 | AL8: 68 | AM8: 68 | AN8: 68 | AO8: 68 | AP8: 68 | AQ8: 68 | AR8: 68 | AS8: 68 | AT8: 68 | AU8: 68 | AV8: 68 | AW8: 68 | AX8: 68 | AY8: 68 | AZ8: 68 | BA8: 68 | BC8: 68
A9: doses actual
A10: comment
A11: Tenability - Day 1
A12: tenability - Day 2
A13: tenability - Day 3
A18: Boar | B18: Rank | C18: level
A19: LA0499 | B19: 2 | C19: Below average
A20: week | B20: 1 | C20: 2 | D20: 3 | E20: 4 | F20: 5 | G20: 6 | H20: 7 | I20: 8 | J20: 9 | K20: 10 | L20: 11 | M20: 12 | N20: 13 | O20: 14 | P20: 15 | Q20: 16 | R20: 17 | S20: 18 | T20: 19 | U20: 20 | V20: 21 | W20: 22 | X20: 23 | Y20: 24 | Z20: 25 | AA20: 26 | AB20: 27 | AC20: 28 | AD20: 29 | AE20: 30 | AF20: 31 | AG20: 32 | AH20: 33 | AI20: 34 | AJ20: 35 | AK20: 36 | AL20: 37 | AM20: 38 | AN20: 39 | AO20: 40 | AP20: 41 | AQ20: 42 | AR20: 43 | AS20: 44 | AT20: 45 | AU20: 46 | AV20: 47 | AW20: 48 | AX20: 49 | AY20: 50 | AZ20: 51 | BA20: 52
A21: morphology target top | B21: 85 | C21: 85 | D21: 85 | E21: 85 | F21: 85 | G21: 85 | H21: 85 | I21: 85 | J21: 85 | K21: 85 | L21: 85 | M21: 85 | N21: 85 | O21: 85 | P21: 85 | Q21: 85 | R21: 85 | S21: 85 | T21: 85 | U21: 85 | V21: 85 | W21: 85 | X21: 85 | Y21: 85 | Z21: 85 | AA21: 85 | AB21: 85 | AC21: 85 | AD21: 85 | AE21: 85 | AF21: 85 | AG21: 85 | AH21: 85 | AI21: 85 | AJ21: 85 | AK21: 85 | AL21: 85 | AM21: 85 | AN21: 85 | AO21: 85 | AP21: 85 | AQ21: 85 | AR21: 85 | AS21: 85 | AT21: 85 | AU21: 85 | AV21: 85 | AW21: 85 | AX21: 85 | AY21: 85 | AZ21: 85 | BA21: 85
A22: Actual | B22: ='week 02'!I3 -> 89 | C22: ='week 03'!I3 -> 89 | D22: ='week 04'!I3 -> 88 | E22: ='week 05'!I3 -> 88 | F22: ='week 06'!I3 -> 87 | G22: ='week 07'!I3 -> 88 | H22: ='week 08'!I3 -> 88 | I22: ='week 09'!I3 -> 88 | J22: ='week 10'!I3 -> 88 | K22: ='week 11'!J3 -> 87 | L22: ='week 12'!I3 -> 87 | M22: ='week 13'!I3 -> 89 | N22: ='week 14'!I3 -> 88 | O22: ='week 15'!I3 -> 87 | P22: ='week 16'!I3 -> 88 | Q22: ='week 17'!I3 -> 89 | R22: ='week 18'!I3 -> 88 | S22: ='week 19'!I3 -> 88 | T22: ='week 20'!I3 -> 89 | U22: ='week 21'!J3 -> 89 | V22: ='week 22'!J3 -> 89 | W22: ='week 23'!J3 -> 89 | X22: ='week 24'!J3 -> 87 | Y22: ='week 25'!J3 -> 88 | Z22: ='week 26 '!J3 -> 89 | AA22: 87 | AB22: 86 | AC22: 88 | AD22: 87 | AE22: 87 | AF22: 87 | AG22: 87 | AH22: 87
A23: week | B23: 1 | C23: 2 | D23: 3 | E23: 4 | F23: 5 | G23: 6 | H23: 7 | I23: 8 | J23: 9 | K23: 10 | L23: 11 | M23: 12 | N23: 13 | O23: 14 | P23: 15 | Q23: 16 | R23: 17 | S23: 18 | T23: 19 | U23: 20 | V23: 21 | W23: 22 | X23: 23 | Y23: 24 | Z23: 25 | AA23: 26 | AB23: 27 | AC23: 28 | AD23: 29 | AE23: 30 | AF23: 31 | AG23: 32 | AH23: 33 | AI23: 34 | AJ23: 35 | AK23: 36 | AL23: 37 | AM23: 38 | AN23: 39 | AO23: 40 | AP23: 41 | AQ23: 42 | AR23: 43 | AS23: 44 | AT23: 45 | AU23: 46 | AV23: 47 | AW23: 48 | AX23: 49 | AY23: 50 | AZ23: 51 | BA23: 52
A24: boars avg # of doses | B24: 68 | C24: 68 | D24: 68 | E24: 68 | F24: 68 | G24: 68 | H24: 68 | I24: 68 | J24: 68 | K24: 68 | L24: 68 | M24: 68 | N24: 68 | O24: 68 | P24: 68 | Q24: 68 | R24: 68 | S24: 68 | T24: 68 | U24: 68 | V24: 68 | W24: 68 | X24: 68 | Y24: 68 | Z24: 68 | AA24: 68 | AB24: 68 | AC24: 68 | AD24: 68 | AE24: 68 | AF24: 68 | AG24: 68 | AH24: 68 | AI24: 68 | AJ24: 68 | AK24: 68 | AL24: 68 | AM24: 68 | AN24: 68 | AO24: 68 | AP24: 68 | AQ24: 68 | AR24: 68 | AS24: 68 | AT24: 68 | AU24: 68 | AV24: 68 | AW24: 68 | AX24: 68 | AY24: 68 | AZ24: 68 | BA24: 68
A25: doses actual | B25: ='week 02'!G3 -> 39 | C25: ='week 03'!G3 -> 30 | D25: ='week 04'!G3 -> 28 | E25: ='week 05'!G3 -> 47 | F25: ='week 06'!G3 -> 47 | G25: ='week 07'!G3 -> 65 | H25: ='week 08'!G3 -> 78 | I25: ='week 09'!G3 -> 45 | J25: ='week 10'!G3 -> 48 | K25: ='week 11'!H3 -> 75 | L25: ='week 12'!G3 -> 46 | M25: ='week 13'!G3 -> 42 | N25: ='week 14'!G3 -> 59 | O25: ='week 15'!G3 -> 51 | P25: ='week 16'!G3 -> 25 | Q25: ='week 17'!G3 -> 34 | R25: ='week 18'!G3 -> 51 | S25: 20 | T25: ='week 20'!G3 -> 22 | U25: ='week 21'!H3 -> 42 | V25: ='week 22'!H3 -> 40 | W25: ='week 23'!H3 -> 73 | X25: ='week 24'!H3 -> 29 | Y25: ='week 25'!H3 -> 41 | Z25: ='week 26 '!H3 -> 50 | AA25: 38 | AB25: 22 | AC25: 23 | AD25: 71 | AE25: 54 | AF25: 42 | AG25: 47 | AH25: 46
A26: comment
A27: Tenability - Day 1 | B27: 9 | C27: 9 | D27: 9 | E27: 9 | F27: 9 | G27: 9 | H27: 9 | I27: 9 | J27: 9 | K27: 9 | L27: 9 | M27: 9 | N27: 9 | O27: 9 | P27: 9 | Q27: 9 | R27: 9 | S27: 9 | T27: 9 | U27: 9 | V27: 9 | W27: 9 | X27: 9 | Y27: 9 | Z27: 9 | AA27: 9 | AB27: 9 | AC27: 9 | AD27: 9 | AE27: 9 | AF27: 9 | AG27: 9 | AH27: 9
A28: tenability - Day 2 | B28: 9 | C28: 9 | D28: 9 | E28: 9 | F28: 9 | G28: 9 | H28: 9 | I28: 9 | J28: 9 | K28: 9 | L28: 9 | M28: 9 | N28: 9 | O28: 9 | P28: 9 | Q28: 9 | R28: 9 | S28: 9 | T28: 9 | U28: 9 | V28: 9 | W28: 9 | X28: 9 | Y28: 9 | Z28: 9 | AA28: 9 | AB28: 9 | AC28: 9 | AD28: 9 | AE28: 9 | AF28: 9 | AG28: 9 | AH28: 9
A29: tenability - Day 3 | B29: 8 | C29: 8 | D29: 8 | E29: 8 | F29: 8 | G29: 8 | H29: 8 | I29: 8 | J29: 8 | K29: 8 | L29: 8 | M29: 8 | N29: 8 | O29: 8 | P29: 8 | Q29: 8 | R29: 8 | S29: 8 | T29: 8 | U29: 8 | V29: 8 | W29: 8 | X29: 8 | Y29: 8 | Z29: 8 | AA29: 8 | AB29: 8 | AC29: 8 | AD29: 8 | AE29: 8 | AF29: 8 | AG29: 8 | AH29: 8
A34: Boar | B34: Rank | C34: level
A35: LA0724 | B35: 3 | C35: Below average
A36: week | B36: 1 | C36: 2 | D36: 3 | E36: 4 | F36: 5 | G36: 6 | H36: 7 | I36: 8 | J36: 9 | K36: 10 | L36: 11 | M36: 12 | N36: 13 | O36: 14 | P36: 15 | Q36: 16 | R36: 17 | S36: 18 | T36: 19 | U36: 20 | V36: 21 | W36: 22 | X36: 23 | Y36: 24 | Z36: 25 | AA36: 26 | AB36: 27 | AC36: 28 | AD36: 29 | AE36: 30 | AF36: 31 | AG36: 32 | AH36: 33 | AI36: 34 | AJ36: 35 | AK36: 36 | AL36: 37 | AM36: 38 | AN36: 39 | AO36: 40 | AP36: 41 | AQ36: 42 | AR36: 43 | AS36: 44 | AT36: 45 | AU36: 46 | AV36: 47 | AW36: 48 | AX36: 49 | AY36: 50 | AZ36: 51 | BA36: 52
A37: morphology target top | B37: 85 | C37: 85 | D37: 85 | E37: 85 | F37: 85 | G37: 85 | H37: 85 | I37: 85 | J37: 85 | K37: 85 | L37: 85 | M37: 85 | N37: 85 | O37: 85 | P37: 85 | Q37: 85 | R37: 85 | S37: 85 | T37: 85 | U37: 85 | V37: 85 | W37: 85 | X37: 85 | Y37: 85 | Z37: 85 | AA37: 85 | AB37: 85 | AC37: 85 | AD37: 85 | AE37: 85 | AF37: 85 | AG37: 85 | AH37: 85 | AI37: 85 | AJ37: 85 | AK37: 85 | AL37: 85 | AM37: 85 | AN37: 85 | AO37: 85 | AP37: 85 | AQ37: 85 | AR37: 85 | AS37: 85 | AT37: 85 | AU37: 85 | AV37: 85 | AW37: 85 | AX37: 85 | AY37: 85 | AZ37: 85 | BA37: 85
A38: Actual | B38: ='week 02'!I5 -> 88 | C38: ='week 03'!I5 -> 89 | D38: ='week 04'!I5 -> 88 | E38: ='week 05'!I5 -> 88 | F38: ='week 06'!I5 -> 87 | G38: ='week 07'!I5 -> 87 | H38: ='week 08'!I5 -> 88 | I38: ='week 09'!I5 -> 87 | J38: ='week 10'!I5 -> 88 | K38: ='week 11'!J5 -> 86 | L38: ='week 12'!I5 -> 88 | M38: ='week 13'!I5 -> 87 | N38: ='week 14'!I5 -> 88 | O38: ='week 15'!I5 -> 88 | P38: ='week 16'!I5 -> 87 | Q38: ='week 17'!I5 -> 87 | R38: ='week 18'!I5 -> 88 | S38: ='week 19'!I5 -> 88 | T38: ='week 20'!I5 -> 88 | U38: ='week 21'!J5 -> 89 | V38: ='week 22'!J5 -> 87 | W38: ='week 23'!J5 -> 88 | X38: ='week 24'!J5 -> 89 | Y38: ='week 25'!J5 -> 88 | Z38: ='week 26 '!J4 -> 88 | AA38: 88 | AB38: 85 | AC38: 87 | AD38: 86 | AE38: 88 | AF38: 88 | AG38: 86 | AH38: 86 | AI38: 87
A39: week | B39: 1 | C39: 2 | D39: 3 | E39: 4 | F39: 5 | G39: 6 | H39: 7 | I39: 8 | J39: 9 | K39: 10 | L39: 11 | M39: 12 | N39: 13 | O39: 14 | P39: 15 | Q39: 16 | R39: 17 | S39: 18 | T39: 19 | U39: 20 | V39: 21 | W39: 22 | X39: 23 | Y39: 24 | Z39: 25 | AA39: 26 | AB39: 27 | AC39: 28 | AD39: 29 | AE39: 30 | AF39: 31 | AG39: 32 | AH39: 33 | AI39: 34 | AJ39: 35 | AK39: 36 | AL39: 37 | AM39: 38 | AN39: 39 | AO39: 40 | AP39: 41 | AQ39: 42 | AR39: 43 | AS39: 44 | AT39: 45 | AU39: 46 | AV39: 47 | AW39: 48 | AX39: 49 | AY39: 50 | AZ39: 51 | BA39: 52
A40: boars avg # of doses | B40: 68 | C40: =B40 -> 68 | D40: =C40 -> 68 | E40: =D40 -> 68 | F40: =E40 -> 68 | G40: =F40 -> 68 | H40: =G40 -> 68 | I40: =H40 -> 68 | J40: =I40 -> 68 | ... BA40: =AZ40 -> 68
A41: doses actual | B41: ='week 02'!G4 -> 30 | C41: ='week 03'!G4 -> 39 | D41: ='week 04'!G4 -> 70 | E41: ='week 05'!G4 -> 44 | F41: ='week 06'!G4 -> 51 | G41: ='week 07'!G4 -> 52 | H41: ='week 08'!G4 -> 34 | I41: ='week 09'!G4 -> 52 | J41: ='week 10'!G4 -> 73 | K41: ='week 11'!H4 -> 64 | L41: ='week 12'!G4 -> 41 | M41: ='week 13'!G4 -> 26 | N41: ='week 14'!G4 -> 51 | O41: ='week 15'!G4 -> 21 | P41: ='week 16'!G4 -> 41 | Q41: ='week 17'!G4 -> 41 | R41: ='week 18'!G4 -> 67 | S41: ='week 19'!G4 -> 50 | T41: ='week 20'!G4 -> 28 | U41: ='week 21'!H4 -> 71 | V41: ='week 22'!H4 -> 42 | W41: ='week 23'!H4 -> 70 | X41: ='week 24'!H4 -> 90 | Y41: ='week 25'!H4 -> 47 | Z41: ='week 26 '!H4 -> 29 | AA41: 76 | AB41: 37 | AC41: 37 | AD41: 60 | AE41: 24 | AF41: 42 | AG41: 32 | AH41: 27 | AI41: 41
A42: comment
A43: Tenability - Day 1 | B43: 9 | C43: 9 | D43: 9 | E43: 9 | F43: 9 | G43: 9 | H43: 9 | I43: 9 | J43: 9 | K43: 9 | L43: 9 | M43: 9 | N43: 9 | O43: 9 | P43: 9 | Q43: 9 | R43: 9 | S43: 9 | T43: 9 | U43: 9 | V43: 9 | W43: 9 | X43: 9 | Y43: 9 | Z43: 9 | AA43: 9 | AB43: 9 | AC43: 9 | AD43: 9 | AE43: 9 | AF43: 9 | AG43: 9 | AH43: 9
A44: tenability - Day 2 | B44: 9 | C44: 9 | D44: 9 | E44: 9 | F44: 9 | G44: 9 | H44: 9 | I44: 9 | J44: 9 | K44: 9 | L44: 9 | M44: 9 | N44: 9 | O44: 9 | P44: 9 | Q44: 9 | R44: 9 | S44: 9 | T44: 9 | U44: 9 | V44: 9 | W44: 9 | X44: 9 | Y44: 9 | Z44: 9 | AA44: 9 | AB44: 9 | AC44: 9 | AD44: 9 | AE44: 9 | AF44: 9 | AG44: 9 | AH44: 9
A45: tenability - Day 3 | B45: 8 | C45: 8 | D45: 8 | E45: 8 | F45: 8 | G45: 8 | H45: 8 | I45: 8 | J45: 8 | K45: 8 | L45: 8 | M45: 8 | N45: 8 | O45: 8 | P45: 8 | Q45: 8 | R45: 8 | S45: 8 | T45: 8 | U45: 8 | V45: 8 | W45: 8 | X45: 8 | Y45: 8 | Z45: 8 | AA45: 8 | AB45: 8 | AC45: 8 | AD45: 8 | AE45: 8 | AF45: 8 | AG45: 8 | AH45: 8
A50: Boar | B50: Rank | C50: level
A51: LA0752 | B51: 4 | C51: Below average
A52: week | B52: 1 | C52: 2 | D52: 3 | E52: 4 | F52: 5 | G52: 6 | H52: 7 | I52: 8 | J52: 9 | K52: 10 | L52: 11 | M52: 12 | N52: 13 | O52: 14 | P52: 15 | Q52: 16 | R52: 17 | S52: 18 | T52: 19 | U52: 20 | V52: 21 | W52: 22 | X52: 23 | Y52: 24 | Z52: 25 | AA52: 26 | AB52: 27 | AC52: 28 | AD52: 29 | AE52: 30 | AF52: 31 | AG52: 32 | AH52: 33 | AI52: 34 | AJ52: 35 | AK52: 36 | AL52: 37 | AM52: 38 | AN52: 39 | AO52: 40 | AP52: 41 | AQ52: 42 | AR52: 43 | AS52: 44 | AT52: 45 | AU52: 46 | AV52: 47 | AW52: 48 | AX52: 49 | AY52: 50 | AZ52: 51 | BA52: 52
A53: morphology target top | B53: 85 | C53: 85 | D53: 85 | E53: 85 | F53: 85 | G53: 85 | H53: 85 | I53: 85 | J53: 85 | K53: 85 | L53: 85 | M53: 85 | N53: 85 | O53: 85 | P53: 85 | Q53: 85 | R53: 85 | S53: 85 | T53: 85 | U53: 85 | V53: 85 | W53: 85 | X53: 85 | Y53: 85 | Z53: 85 | AA53: 85 | AB53: 85 | AC53: 85 | AD53: 85 | AE53: 85 | AF53: 85 | AG53: 85 | AH53: 85 | AI53: 85 | AJ53: 85 | AK53: 85 | AL53: 85 | AM53: 85 | AN53: 85 | AO53: 85 | AP53: 85 | AQ53: 85 | AR53: 85 | AS53: 85 | AT53: 85 | AU53: 85 | AV53: 85 | AW53: 85 | AX53: 85 | AY53: 85 | AZ53: 85 | BA53: 85
A54: Actual | B54: ='week 02'!I4 -> 87 | C54: ='week 03'!I4 -> 88 | D54: ='week 04'!I4 -> 90 | E54: ='week 05'!I4 -> 89 | F54: ='week 06'!I4 -> 88 | G54: ='week 07'!I4 -> 89 | H54: ='week 08'!I4 -> 87 | I54: ='week 09'!I4 -> 89 | J54: ='week 10'!I4 -> 87 | K54: ='week 11'!J4 -> 86 | L54: ='week 12'!I4 -> 88 | M54: ='week 13'!I4 -> 88 | N54: ='week 14'!I4 -> 87 | O54: ='week 15'!I4 -> 89 | P54: ='week 16'!I4 -> 88 | Q54: ='week 17'!I4 -> 88 | R54: ='week 18'!I4 -> 87 | S54: ='week 19'!I4 -> 87 | T54: ='week 20'!I4 -> 87 | U54: ='week 21'!J4 -> 87 | V54: ='week 22'!J4 -> 89 | W54: ='week 23'!J4 -> 87 | X54: ='week 24'!J4 -> 88 | Y54: ='week 25'!J4 -> 87 | Z54: ='week 26 '!J5 -> 87 | AA54: 87 | AB54: 87 | AC54: 86 | AD54: 87 | AE54: 87 | AF54: 86 | AG54: 87 | AH54: 86
A55: week | B55: 1 | C55: 2 | D55: 3 | E55: 4 | F55: 5 | G55: 6 | H55: 7 | I55: 8 | J55: 9 | K55: 10 | L55: 11 | M55: 12 | N55: 13 | O55: 14 | P55: 15 | Q55: 16 | R55: 17 | S55: 18 | T55: 19 | U55: 20 | V55: 21 | W55: 22 | X55: 23 | Y55: 24 | Z55: 25 | AA55: 26 | AB55: 27 | AC55: 28 | AD55: 29 | AE55: 30 | AF55: 31 | AG55: 32 | AH55: 33 | AI55: 34 | AJ55: 35 | AK55: 36 | AL55: 37 | AM55: 38 | AN55: 39 | AO55: 40 | AP55: 41 | AQ55: 42 | AR55: 43 | AS55: 44 | AT55: 45 | AU55: 46 | AV55: 47 | AW55: 48 | AX55: 49 | AY55: 50 | AZ55: 51 | BA55: 52
A56: boars avg # of doses | B56: 68 | C56: =B56 -> 68 | D56: =C56 -> 68 | E56: =D56 -> 68 | F56: =E56 -> 68 | G56: =F56 -> 68 | H56: =G56 -> 68 | I56: =H56 -> 68 | J56: =I56 -> 68 | ... BA56: =AZ56 -> 68
A57: doses actual | B57: ='week 02'!G5 -> 66 | C57: ='week 03'!G5 -> 37 | D57: ='week 04'!G5 -> 50 | E57: ='week 05'!G5 -> 30 | F57: ='week 06'!G5 -> 30 | G57: ='week 07'!G5 -> 30 | H57: ='week 08'!G5 -> 39 | I57: ='week 09'!G5 -> 30 | J57: ='week 10'!G5 -> 52 | K57: ='week 11'!H5 -> 52 | L57: ='week 12'!G5 -> 45 | M57: ='week 13'!G5 -> 34 | N57: ='week 14'!G5 -> 47 | O57: ='week 15'!G5 -> 16 | P57: ='week 16'!G5 -> 25 | Q57: ='week 17'!G5 -> 29 | R57: ='week 18'!G5 -> 36 | S57: ='week 19'!G5 -> 36 | T57: ='week 20'!G5 -> 34 | U57: ='week 21'!H5 -> 45 | V57: ='week 22'!H5 -> 55 | W57: ='week 23'!H5 -> 19 | X57: ='week 24'!H5 -> 50 | Y57: ='week 25'!H5 -> 39 | Z57: ='week 26 '!H5 -> 41 | AA57: 38 | AB57: 47 | AC57: 41 | AD57: 28 | AE57: 72 | AF57: 42 | AG57: 28 | AH57: 53
A58: comment | E58: Vaccinated and recovered well
A59: Tenability - Day 1 | B59: 9 | C59: 9 | D59: 9 | E59: 9 | F59: 9 | G59: 9 | H59: 9 | I59: 9 | J59: 9 | K59: 9 | L59: 9 | M59: 9 | N59: 9 | O59: 9 | P59: 9 | Q59: 9 | R59: 9 | S59: 9 | T59: 9 | U59: 9 | V59: 9 | W59: 9 | X59: 9 | Y59: 9 | Z59: 9 | AA59: 9 | AB59: 9 | AC59: 9 | AD59: 9 | AE59: 9 | AF59: 9 | AG59: 9 | AH59: 9
A60: tenability - Day 2 | B60: 9 | C60: 9 | D60: 9 | E60: 9 | F60: 9 | G60: 9 | H60: 9 | I60: 9 | J60: 9 | K60: 9 | L60: 9 | M60: 9 | N60: 9 | O60: 9 | P60: 9 | Q60: 9 | R60: 9 | S60: 9 | T60: 9 | U60: 9 | V60: 9 | W60: 9 | X60: 9 | Y60: 9 | Z60: 9 | AA60: 9 | AB60: 9 | AC60: 9 | AD60: 9 | AE60: 9 | AF60: 9 | AG60: 9 | AH60: 9
A61: tenability - Day 3 | B61: 8 | C61: 8 | D61: 8 | E61: 8 | F61: 8 | G61: 8 | H61: 8 | I61: 8 | J61: 8 | K61: 8 | L61: 8 | M61: 8 | N61: 8 | O61: 8 | P61: 8 | Q61: 8 | R61: 8 | S61: 8 | T61: 8 | U61: 8 | V61: 8 | W61: 8 | X61: 8 | Y61: 8 | Z61: 8 | AA61: 8 | AB61: 8 | AC61: 8 | AD61: 8 | AE61: 8 | AF61: 8 | AG61: 8 | AH61: 8
A66: Boar | B66: Rank | C66: level
A67: LA0946 | B67: 5 | C67: Below average
A68: week | B68: 1 | C68: 2 | D68: 3 | E68: 4 | F68: 5 | G68: 6 | H68: 7 | I68: 8 | J68: 9 | K68: 10 | L68: 11 | M68: 12 | N68: 13 | O68: 14 | P68: 15 | Q68: 16 | R68: 17 | S68: 18 | T68: 19 | U68: 20 | V68: 21 | W68: 22 | X68: 23 | Y68: 24 | Z68: 25 | AA68: 26 | AB68: 27 | AC68: 28 | AD68: 29 | AE68: 30 | AF68: 31 | AG68: 32 | AH68: 33 | AI68: 34 | AJ68: 35 | AK68: 36 | AL68: 37 | AM68: 38 | AN68: 39 | AO68: 40 | AP68: 41 | AQ68: 42 | AR68: 43 | AS68: 44 | AT68: 45 | AU68: 46 | AV68: 47 | AW68: 48 | AX68: 49 | AY68: 50 | AZ68: 51 | BA68: 52
A69: morphology target top | B69: 85 | C69: 85 | D69: 85 | E69: 85 | F69: 85 | G69: 85 | H69: 85 | I69: 85 | J69: 85 | K69: 85 | L69: 85 | M69: 85 | N69: 85 | O69: 85 | P69: 85 | Q69: 85 | R69: 85 | S69: 85 | T69: 85 | U69: 85 | V69: 85 | W69: 85 | X69: 85 | Y69: 85 | Z69: 85 | AA69: 85 | AB69: 85 | AC69: 85 | AD69: 85 | AE69: 85 | AF69: 85 | AG69: 85 | AH69: 85 | AI69: 85 | AJ69: 85 | AK69: 85 | AL69: 85 | AM69: 85 | AN69: 85 | AO69: 85 | AP69: 85 | AQ69: 85 | AR69: 85 | AS69: 85 | AT69: 85 | AU69: 85 | AV69: 85 | AW69: 85 | AX69: 85 | AY69: 85 | AZ69: 85 | BA69: 85
A70: Actual | G70: ='week 07'!I5 -> 87 | H70: ='week 08'!I5 -> 88 | I70: ='week 09'!I5 -> 87 | J70: ='week 10'!I5 -> 88 | K70: ='week 11'!J5 -> 86 | L70: ='week 12'!I5 -> 88 | M70: ='week 13'!I5 -> 87 | N70: ='week 14'!I5 -> 88 | O70: ='week 15'!I5 -> 88 | P70: ='week 16'!I5 -> 87 | Q70: ='week 17'!I5 -> 87 | R70: ='week 18'!I5 -> 88 | S70: ='week 19'!I5 -> 88 | T70: ='week 20'!I5 -> 88 | U70: ='week 21'!J5 -> 89 | V70: ='week 22'!J5 -> 87 | W70: ='week 23'!J5 -> 88 | X70: ='week 24'!J5 -> 89 | Y70: ='week 25'!J5 -> 88 | Z70: ='week 26 '!J6 -> 88 | AA70: 87 | AB70: 88 | AC70: 87 | AD70: 88 | AE70: 87 | AF70: 87 | AG70: 87 | AH70: 87 | AI70: 86
A71: week | B71: 1 | C71: 2 | D71: 3 | E71: 4 | F71: 5 | G71: 6 | H71: 7 | I71: 8 | J71: 9 | K71: 10 | L71: 11 | M71: 12 | N71: 13 | O71: 14 | P71: 15 | Q71: 16 | R71: 17 | S71: 18 | T71: 19 | U71: 20 | V71: 21 | W71: 22 | X71: 23 | Y71: 24 | Z71: 25 | AA71: 26 | AB71: 27 | AC71: 28 | AD71: 29 | AE71: 30 | AF71: 31 | AG71: 32 | AH71: 33 | AI71: 34 | AJ71: 35 | AK71: 36 | AL71: 37 | AM71: 38 | AN71: 39 | AO71: 40 | AP71: 41 | AQ71: 42 | AR71: 43 | AS71: 44 | AT71: 45 | AU71: 46 | AV71: 47 | AW71: 48 | AX71: 49 | AY71: 50 | AZ71: 51 | BA71: 52
A72: boars avg # of doses | B72: 68 | C72: 68 | D72: 68 | E72: 68 | F72: 68 | G72: 68 | H72: 68 | I72: 68 | J72: 68 | K72: 68 | L72: 68 | M72: 68 | N72: 68 | O72: 68 | P72: 68 | Q72: 68 | R72: 68 | S72: 68 | T72: 68 | U72: 68 | V72: 68 | W72: 68 | X72: 68 | Y72: 68 | Z72: 68 | AA72: 68 | AB72: 68 | AC72: 68 | AD72: 68 | AE72: 68 | AF72: 68 | AG72: 68 | AH72: 68 | AI72: 68 | AJ72: 68 | AK72: 68 | AL72: 68 | AM72: 68 | AN72: 68 | AO72: 68 | AP72: 68 | AQ72: 68 | AR72: 68 | AS72: 68 | AT72: 68 | AU72: 68 | AV72: 68 | AW72: 68 | AX72: 68 | AY72: 68 | AZ72: 68 | BA72: 68 | BC72: 68
A73: doses actual | Q73: ='week 17'!G6 -> 11 | R73: ='week 18'!G6 -> 10 | S73: ='week 19'!G6 -> 24 | T73: ='week 20'!G6 -> 23 | U73: ='week 21'!H6 -> 71 | V73: ='week 22'!H6 -> 72 | W73: ='week 23'!H6 -> 71 | X73: ='week 24'!H6 -> 21 | Y73: ='week 25'!H6 -> 48 | Z73: ='week 26 '!H6 -> 91 | AA73: 45 | AB73: 64 | AC73: 67 | AD73: 40 | AE73: 68 | AF73: 84 | AG73: 51 | AH73: 51 | AI73: 21
A74: comment
A75: Tenability - Day 1 | G75: 9 | H75: 9 | I75: 9 | J75: 9 | K75: 9 | L75: 9 | M75: 9 | N75: 9 | O75: 9 | P75: 9 | Q75: 9 | R75: 9 | S75: 9 | T75: 9 | U75: 9 | V75: 9 | W75: 9 | X75: 9 | Y75: 9 | Z75: 9 | AA75: 9 | AB75: 9 | AC75: 9 | AD75: 9 | AE75: 9 | AF75: 9 | AG75: 9 | AH75: 9 | AI75: 9
A76: tenability - Day 2 | G76: 9 | H76: 9 | I76: 9 | J76: 9 | K76: 9 | L76: 9 | M76: 9 | N76: 9 | O76: 9 | P76: 9 | Q76: 9 | R76: 9 | S76: 9 | T76: 9 | U76: 9 | V76: 9 | W76: 9 | X76: 9 | Y76: 9 | Z76: 9 | AA76: 9 | AB76: 9 | AC76: 9 | AD76: 9 | AE76: 9 | AF76: 9 | AG76: 9 | AH76: 9 | AI76: 9
A77: tenability - Day 3 | G77: 8 | H77: 8 | I77: 8 | J77: 8 | K77: 8 | L77: 8 | M77: 8 | N77: 8 | O77: 8 | P77: 8 | Q77: 8 | R77: 8 | S77: 8 | T77: 8 | U77: 8 | V77: 8 | W77: 8 | X77: 8 | Y77: 8 | Z77: 8 | AA77: 8 | AB77: 8 | AC77: 8 | AD77: 8 | AE77: 8 | AF77: 8 | AG77: 8 | AH77: 8 | AI77: 8
A82: Boar | B82: Rank | C82: level
A84: week | B84: 1 | C84: 2 | D84: 3 | E84: 4 | F84: 5 | G84: 6 | H84: 7 | I84: 8 | J84: 9 | K84: 10 | L84: 11 | M84: 12 | N84: 13 | O84: 14 | P84: 15 | Q84: 16 | R84: 17 | S84: 18 | T84: 19 | U84: 20 | V84: 21 | W84: 22 | X84: 23 | Y84: 24 | Z84: 25 | AA84: 26 | AB84: 27 | AC84: 28 | AD84: 29 | AE84: 30 | AF84: 31 | AG84: 32 | AH84: 33 | AI84: 34 | AJ84: 35 | AK84: 36 | AL84: 37 | AM84: 38 | AN84: 39 | AO84: 40 | AP84: 41 | AQ84: 42 | AR84: 43 | AS84: 44 | AT84: 45 | AU84: 46 | AV84: 47 | AW84: 48 | AX84: 49 | AY84: 50 | AZ84: 51 | BA84: 52
A85: morphology target top | B85: 85 | C85: 85 | D85: 85 | E85: 85 | F85: 85 | G85: 85 | H85: 85 | I85: 85 | J85: 85 | K85: 85 | L85: 85 | M85: 85 | N85: 85 | O85: 85 | P85: 85 | Q85: 85 | R85: 85 | S85: 85 | T85: 85 | U85: 85 | V85: 85 | W85: 85 | X85: 85 | Y85: 85 | Z85: 85 | AA85: 85 | AB85: 85 | AC85: 85 | AD85: 85 | AE85: 85 | AF85: 85 | AG85: 85 | AH85: 85 | AI85: 85 | AJ85: 85 | AK85: 85 | AL85: 85 | AM85: 85 | AN85: 85 | AO85: 85 | AP85: 85 | AQ85: 85 | AR85: 85 | AS85: 85 | AT85: 85 | AU85: 85 | AV85: 85 | AW85: 85 | AX85: 85 | AY85: 85 | AZ85: 85 | BA85: 85
A86: Actual
A87: week | B87: 1 | C87: 2 | D87: 3 | E87: 4 | F87: 5 | G87: 6 | H87: 7 | I87: 8 | J87: 9 | K87: 10 | L87: 11 | M87: 12 | N87: 13 | O87: 14 | P87: 15 | Q87: 16 | R87: 17 | S87: 18 | T87: 19 | U87: 20 | V87: 21 | W87: 22 | X87: 23 | Y87: 24 | Z87: 25 | AA87: 26 | AB87: 27 | AC87: 28 | AD87: 29 | AE87: 30 | AF87: 31 | AG87: 32 | AH87: 33 | AI87: 34 | AJ87: 35 | AK87: 36 | AL87: 37 | AM87: 38 | AN87: 39 | AO87: 40 | AP87: 41 | AQ87: 42 | AR87: 43 | AS87: 44 | AT87: 45 | AU87: 46 | AV87: 47 | AW87: 48 | AX87: 49 | AY87: 50 | AZ87: 51 | BA87: 52
A88: boars avg # of doses | B88: 68 | C88: 68 | D88: 68 | E88: 68 | F88: 68 | G88: 68 | H88: 68 | I88: 68 | J88: 68 | K88: 68 | L88: 68 | M88: 68 | N88: 68 | O88: 68 | P88: 68 | Q88: 68 | R88: 68 | S88: 68 | T88: 68 | U88: 68 | V88: 68 | W88: 68 | X88: 68 | Y88: 68 | Z88: 68 | AA88: 68 | AB88: 68 | AC88: 68 | AD88: 68 | AE88: 68 | AF88: 68 | AG88: 68 | AH88: 68 | AI88: 68 | AJ88: 68 | AK88: 68 | AL88: 68 | AM88: 68 | AN88: 68 | AO88: 68 | AP88: 68 | AQ88: 68 | AR88: 68 | AS88: 68 | AT88: 68 | AU88: 68 | AV88: 68 | AW88: 68 | AX88: 68 | AY88: 68 | AZ88: 68 | BA88: 68 | BC88: 68
A89: doses actual
A90: comment
A91: Tenability - Day 1
A92: tenability - Day 2
A93: tenability - Day 3
A97: Boar | B97: Rank | C97: level
A99: week | B99: 1 | C99: 2 | D99: 3 | E99: 4 | F99: 5 | G99: 6 | H99: 7 | I99: 8 | J99: 9 | K99: 10 | L99: 11 | M99: 12 | N99: 13 | O99: 14 | P99: 15 | Q99: 16 | R99: 17 | S99: 18 | T99: 19 | U99: 20 | V99: 21 | W99: 22 | X99: 23 | Y99: 24 | Z99: 25 | AA99: 26 | AB99: 27 | AC99: 28 | AD99: 29 | AE99: 30 | AF99: 31 | AG99: 32 | AH99: 33 | AI99: 34 | AJ99: 35 | AK99: 36 | AL99: 37 | AM99: 38 | AN99: 39 | AO99: 40 | AP99: 41 | AQ99: 42 | AR99: 43 | AS99: 44 | AT99: 45 | AU99: 46 | AV99: 47 | AW99: 48 | AX99: 49 | AY99: 50 | AZ99: 51 | BA99: 52
A100: morphology target top | B100: 85 | C100: 85 | D100: 85 | E100: 85 | F100: 85 | G100: 85 | H100: 85 | I100: 85 | J100: 85 | K100: 85 | L100: 85 | M100: 85 | N100: 85 | O100: 85 | P100: 85 | Q100: 85 | R100: 85 | S100: 85 | T100: 85 | U100: 85 | V100: 85 | W100: 85 | X100: 85 | Y100: 85 | Z100: 85 | AA100: 85 | AB100: 85 | AC100: 85 | AD100: 85 | AE100: 85 | AF100: 85 | AG100: 85 | AH100: 85 | AI100: 85 | AJ100: 85 | AK100: 85 | AL100: 85 | AM100: 85 | AN100: 85 | AO100: 85 | AP100: 85 | AQ100: 85 | AR100: 85 | AS100: 85 | AT100: 85 | AU100: 85 | AV100: 85 | AW100: 85 | AX100: 85 | AY100: 85 | AZ100: 85 | BA100: 85
A101: Actual
A102: week | B102: 1 | C102: 2 | D102: 3 | E102: 4 | F102: 5 | G102: 6 | H102: 7 | I102: 8 | J102: 9 | K102: 10 | L102: 11 | M102: 12 | N102: 13 | O102: 14 | P102: 15 | Q102: 16 | R102: 17 | S102: 18 | T102: 19 | U102: 20 | V102: 21 | W102: 22 | X102: 23 | Y102: 24 | Z102: 25 | AA102: 26 | AB102: 27 | AC102: 28 | AD102: 29 | AE102: 30 | AF102: 31 | AG102: 32 | AH102: 33 | AI102: 34 | AJ102: 35 | AK102: 36 | AL102: 37 | AM102: 38 | AN102: 39 | AO102: 40 | AP102: 41 | AQ102: 42 | AR102: 43 | AS102: 44 | AT102: 45 | AU102: 46 | AV102: 47 | AW102: 48 | AX102: 49 | AY102: 50 | AZ102: 51 | BA102: 52
A103: boars avg # of doses | B103: 68 | C103: 68 | D103: 68 | E103: 68 | F103: 68 | G103: 68 | H103: 68 | I103: 68 | J103: 68 | K103: 68 | L103: 68 | M103: 68 | N103: 68 | O103: 68 | P103: 68 | Q103: 68 | R103: 68 | S103: 68 | T103: 68 | U103: 68 | V103: 68 | W103: 68 | X103: 68 | Y103: 68 | Z103: 68 | AA103: 68 | AB103: 68 | AC103: 68 | AD103: 68 | AE103: 68 | AF103: 68 | AG103: 68 | AH103: 68 | AI103: 68 | AJ103: 68 | AK103: 68 | AL103: 68 | AM103: 68 | AN103: 68 | AO103: 68 | AP103: 68 | AQ103: 68 | AR103: 68 | AS103: 68 | AT103: 68 | AU103: 68 | AV103: 68 | AW103: 68 | AX103: 68 | AY103: 68 | AZ103: 68 | BA103: 68
A104: doses actual
A105: comment
A106: Tenability - Day 1
A107: tenability - Day 2
A108: tenability - Day 3
A113: Boar | B113: Rank | C113: level
A115: week | B115: 1 | C115: 2 | D115: 3 | E115: 4 | F115: 5 | G115: 6 | H115: 7 | I115: 8 | J115: 9 | K115: 10 | L115: 11 | M115: 12 | N115: 13 | O115: 14 | P115: 15 | Q115: 16 | R115: 17 | S115: 18 | T115: 19 | U115: 20 | V115: 21 | W115: 22 | X115: 23 | Y115: 24 | Z115: 25 | AA115: 26 | AB115: 27 | AC115: 28 | AD115: 29 | AE115: 30 | AF115: 31 | AG115: 32 | AH115: 33 | AI115: 34 | AJ115: 35 | AK115: 36 | AL115: 37 | AM115: 38 | AN115: 39 | AO115: 40 | AP115: 41 | AQ115: 42 | AR115: 43 | AS115: 44 | AT115: 45 | AU115: 46 | AV115: 47 | AW115: 48 | AX115: 49 | AY115: 50 | AZ115: 51 | BA115: 52
A116: morphology target top | B116: 85 | C116: 85 | D116: 85 | E116: 85 | F116: 85 | G116: 85 | H116: 85 | I116: 85 | J116: 85 | K116: 85 | L116: 85 | M116: 85 | N116: 85 | O116: 85 | P116: 85 | Q116: 85 | R116: 85 | S116: 85 | T116: 85 | U116: 85 | V116: 85 | W116: 85 | X116: 85 | Y116: 85 | Z116: 85 | AA116: 85 | AB116: 85 | AC116: 85 | AD116: 85 | AE116: 85 | AF116: 85 | AG116: 85 | AH116: 85 | AI116: 85 | AJ116: 85 | AK116: 85 | AL116: 85 | AM116: 85 | AN116: 85 | AO116: 85 | AP116: 85 | AQ116: 85 | AR116: 85 | AS116: 85 | AT116: 85 | AU116: 85 | AV116: 85 | AW116: 85 | AX116: 85 | AY116: 85 | AZ116: 85 | BA116: 85
A117: Actual
A118: week | B118: 1 | C118: 2 | D118: 3 | E118: 4 | F118: 5 | G118: 6 | H118: 7 | I118: 8 | J118: 9 | K118: 10 | L118: 11 | M118: 12 | N118: 13 | O118: 14 | P118: 15 | Q118: 16 | R118: 17 | S118: 18 | T118: 19 | U118: 20 | V118: 21 | W118: 22 | X118: 23 | Y118: 24 | Z118: 25 | AA118: 26 | AB118: 27 | AC118: 28 | AD118: 29 | AE118: 30 | AF118: 31 | AG118: 32 | AH118: 33 | AI118: 34 | AJ118: 35 | AK118: 36 | AL118: 37 | AM118: 38 | AN118: 39 | AO118: 40 | AP118: 41 | AQ118: 42 | AR118: 43 | AS118: 44 | AT118: 45 | AU118: 46 | AV118: 47 | AW118: 48 | AX118: 49 | AY118: 50 | AZ118: 51 | BA118: 52
A119: boars avg # of doses | B119: 68 | C119: =B119 -> 68 | D119: =C119 -> 68 | E119: =D119 -> 68 | F119: =E119 -> 68 | G119: =F119 -> 68 | H119: =G119 -> 68 | I119: =H119 -> 68 | J119: =I119 -> 68 | ... BA119: =AZ119 -> 68
A120: doses actual
A121: comment
A122: Tenability - Day 1
A123: tenability - Day 2
A124: tenability - Day 3
AG313: `

Sheet TSI ranking
A1: Boar | B1: Genetic level | C1: Genetic Rank | D1: Date of Birth | E1: AGE | F1: TSI
A3: LA0499 | B3: Average | C3: 1 | F3: 107
A4: LA0724 | B4: Average | C4: 2 | F4: 104
A5: LA0752 | B5: Average | C5: 3 | F5: 103
A6: LA0946 | B6: Average | C6: 4 | D6: 45838 | F6: 102
A7: CL1114 | B7: Very low | C7: 5 | F7: 86
A8: LA0117 | B8: Very low | C8: 6 | F8: 82
A9: CL6865 | B9: Very low | C9: 7 | F9: 80

Sheet Collection Analysis Report
A1: COLLECTOR PERFORMANCE ANALYSIS DASHBOARD
A3: SUMMARY STATISTICS BY COLLECTOR
A5: Collector | B5: Total Collections | C5: Total Volume (mls) | D5: Average (mls) | E5: Std Deviation | F5: CV % | G5: Min | H5: Max | I5: Range | J5: Consistency Rank
A6: AW | B6: =COUNTIF('Raw data and pivot tables '!$B$4:$B$38,A6) -> 15 | C6: =SUMIF('Raw data and pivot tables '!$B$4:$B$38,A6,'Raw data and pivot tables '!$D$4:$D$38) -> 4035 | D6: =AVERAGEIF('Raw data and pivot tables '!$B$4:$B$38,A6,'Raw data and pivot tables '!$D$4:$D$38) -> 269 | E6: 107.2 | F6: =E6/D6*100 -> 39.851301 | G6: =_xlfn.MINIFS('Raw data and pivot tables '!$D$4:$D$38,'Raw data and pivot tables '!$B$4:$B$38,A6) -> 152 | H6: =_xlfn.MAXIFS('Raw data and pivot tables '!$D$4:$D$38,'Raw data and pivot tables '!$B$4:$B$38,A6) -> 546 | I6: =H6-G6 -> 394 | J6: =RANK(F6,$F$6:$F$8,1) -> 3
A7: CM | B7: =COUNTIF('Raw data and pivot tables '!$B$4:$B$38,A7) -> 15 | C7: =SUMIF('Raw data and pivot tables '!$B$4:$B$38,A7,'Raw data and pivot tables '!$D$4:$D$38) -> 4310 | D7: =AVERAGEIF('Raw data and pivot tables '!$B$4:$B$38,A7,'Raw data and pivot tables '!$D$4:$D$38) -> 287.33333 | E7: 63.8 | F7: =E7/D7*100 -> 22.204176 | G7: =_xlfn.MINIFS('Raw data and pivot tables '!$D$4:$D$38,'Raw data and pivot tables '!$B$4:$B$38,A7) -> 142 | H7: =_xlfn.MAXIFS('Raw data and pivot tables '!$D$4:$D$38,'Raw data and pivot tables '!$B$4:$B$38,A7) -> 434 | I7: =H7-G7 -> 292 | J7: =RANK(F7,$F$6:$F$8,1) -> 1
A8: TA | B8: =COUNTIF('Raw data and pivot tables '!$B$4:$B$38,A8) -> 5 | C8: =SUMIF('Raw data and pivot tables '!$B$4:$B$38,A8,'Raw data and pivot tables '!$D$4:$D$38) -> 978 | D8: =AVERAGEIF('Raw data and pivot tables '!$B$4:$B$38,A8,'Raw data and pivot tables '!$D$4:$D$38) -> 195.6 | E8: 66.3 | F8: =E8/D8*100 -> 33.895706 | G8: =_xlfn.MINIFS('Raw data and pivot tables '!$D$4:$D$38,'Raw data and pivot tables '!$B$4:$B$38,A8) -> 140 | H8: =_xlfn.MAXIFS('Raw data and pivot tables '!$D$4:$D$38,'Raw data and pivot tables '!$B$4:$B$38,A8) -> 321 | I8: =H8-G8 -> 181 | J8: =RANK(F8,$F$6:$F$8,1) -> 2
A13: BOAR COLLECTION ANALYSIS
A15: Boar | B15: Collections | C15: Total Vol (mls) | D15: Average (mls) | E15: Std Dev | F15: CV % | G15: Min | H15: Max | I15: Range | J15: Consistency Rank
A16: LA0499 | B16: =COUNTIF('Raw data and pivot tables '!$C$4:$C$38,A16) -> 7 | C16: =SUMIF('Raw data and pivot tables '!$C$4:$C$38,A16,'Raw data and pivot tables '!$D$4:$D$38) -> 1930 | D16: =AVERAGEIF('Raw data and pivot tables '!$C$4:$C$38,A16,'Raw data and pivot tables '!$D$4:$D$38) -> 275.71429 | E16: 130.9 | F16: =E16/D16*100 -> 47.476684 | G16: =_xlfn.MINIFS('Raw data and pivot tables '!$D$4:$D$38,'Raw data and pivot tables '!$C$4:$C$38,A16) -> 184 | H16: =_xlfn.MAXIFS('Raw data and pivot tables '!$D$4:$D$38,'Raw data and pivot tables '!$C$4:$C$38,A16) -> 546 | I16: =H16-G16 -> 362 | J16: =RANK(F16,$F$16:$F$21,1) -> 6
A17: LA0752 | B17: =COUNTIF('Raw data and pivot tables '!$C$4:$C$38,A17) -> 7 | C17: =SUMIF('Raw data and pivot tables '!$C$4:$C$38,A17,'Raw data and pivot tables '!$D$4:$D$38) -> 1766 | D17: =AVERAGEIF('Raw data and pivot tables '!$C$4:$C$38,A17,'Raw data and pivot tables '!$D$4:$D$38) -> 252.28571 | E17: 68.6 | F17: =E17/D17*100 -> 27.191393 | G17: =_xlfn.MINIFS('Raw data and pivot tables '!$D$4:$D$38,'Raw data and pivot tables '!$C$4:$C$38,A17) -> 152 | H17: =_xlfn.MAXIFS('Raw data and pivot tables '!$D$4:$D$38,'Raw data and pivot tables '!$C$4:$C$38,A17) -> 338 | I17: =H17-G17 -> 186 | J17: =RANK(F17,$F$16:$F$21,1) -> 3
A18: LA0724 | B18: =COUNTIF('Raw data and pivot tables '!$C$4:$C$38,A18) -> 7 | C18: =SUMIF('Raw data and pivot tables '!$C$4:$C$38,A18,'Raw data and pivot tables '!$D$4:$D$38) -> 1966 | D18: =AVERAGEIF('Raw data and pivot tables '!$C$4:$C$38,A18,'Raw data and pivot tables '!$D$4:$D$38) -> 280.85714 | E18: 58.9 | F18: =E18/D18*100 -> 20.971516 | G18: =_xlfn.MINIFS('Raw data and pivot tables '!$D$4:$D$38,'Raw data and pivot tables '!$C$4:$C$38,A18) -> 148 | H18: =_xlfn.MAXIFS('Raw data and pivot tables '!$D$4:$D$38,'Raw data and pivot tables '!$C$4:$C$38,A18) -> 332 | I18: =H18-G18 -> 184 | J18: =RANK(F18,$F$16:$F$21,1) -> 2
A19: CL1114 | B19: =COUNTIF('Raw data and pivot tables '!$C$4:$C$38,A19) -> 6 | C19: =SUMIF('Raw data and pivot tables '!$C$4:$C$38,A19,'Raw data and pivot tables '!$D$4:$D$38) -> 1289 | D19: =AVERAGEIF('Raw data and pivot tables '!$C$4:$C$38,A19,'Raw data and pivot tables '!$D$4:$D$38) -> 214.83333 | E19: 70.9 | F19: =E19/D19*100 -> 33.002327 | G19: =_xlfn.MINIFS('Raw data and pivot tables '!$D$4:$D$38,'Raw data and pivot tables '!$C$4:$C$38,A19) -> 140 | H19: =_xlfn.MAXIFS('Raw data and pivot tables '!$D$4:$D$38,'Raw data and pivot tables '!$C$4:$C$38,A19) -> 326 | I19: =H19-G19 -> 186 | J19: =RANK(F19,$F$16:$F$21,1) -> 5
A20: LA0117 | B20: =COUNTIF('Raw data and pivot tables '!$C$4:$C$38,A20) -> 6 | C20: =SUMIF('Raw data and pivot tables '!$C$4:$C$38,A20,'Raw data and pivot tables '!$D$4:$D$38) -> 1972 | D20: =AVERAGEIF('Raw data and pivot tables '!$C$4:$C$38,A20,'Raw data and pivot tables '!$D$4:$D$38) -> 328.66667 | E20: 89.7 | F20: =E20/D20*100 -> 27.292089 | G20: =_xlfn.MINIFS('Raw data and pivot tables '!$D$4:$D$38,'Raw data and pivot tables '!$C$4:$C$38,A20) -> 176 | H20: =_xlfn.MAXIFS('Raw data and pivot tables '!$D$4:$D$38,'Raw data and pivot tables '!$C$4:$C$38,A20) -> 434 | I20: =H20-G20 -> 258 | J20: =RANK(F20,$F$16:$F$21,1) -> 4
A21: CL6865 | B21: =COUNTIF('Raw data and pivot tables '!$C$4:$C$38,A21) -> 2 | C21: =SUMIF('Raw data and pivot tables '!$C$4:$C$38,A21,'Raw data and pivot tables '!$D$4:$D$38) -> 400 | D21: =AVERAGEIF('Raw data and pivot tables '!$C$4:$C$38,A21,'Raw data and pivot tables '!$D$4:$D$38) -> 200 | E21: 0 | F21: =IF(E21=0,0,E21/D21*100) -> 0 | G21: =_xlfn.MINIFS('Raw data and pivot tables '!$D$4:$D$38,'Raw data and pivot tables '!$C$4:$C$38,A21) -> 200 | H21: =_xlfn.MAXIFS('Raw data and pivot tables '!$D$4:$D$38,'Raw data and pivot tables '!$C$4:$C$38,A21) -> 200 | I21: =H21-G21 -> 0 | J21: =RANK(F21,$F$16:$F$21,1) -> 1
A28: WEEKLY VOLUME BY COLLECTOR
A30: Collector | B30: Wk 1 | C30: Wk 2 | D30: Wk 3 | E30: Wk 4 | F30: Wk 5 | G30: Wk 6 | H30: Wk 7 | I30: Total | J30: Avg/Week
A31: AW | B31: =SUMIFS('Raw data and pivot tables '!$D$4:$D$38,'Raw data and pivot tables '!$B$4:$B$38,A31,'Raw data and pivot tables '!$A$4:$A$38,1) -> 712 | C31: =SUMIFS('Raw data and pivot tables '!$D$4:$D$38,'Raw data and pivot tables '!$B$4:$B$38,A31,'Raw data and pivot tables '!$A$4:$A$38,2) -> 810 | D31: =SUMIFS('Raw data and pivot tables '!$D$4:$D$38,'Raw data and pivot tables '!$B$4:$B$38,A31,'Raw data and pivot tables '!$A$4:$A$38,3) -> 637 | E31: =SUMIFS('Raw data and pivot tables '!$D$4:$D$38,'Raw data and pivot tables '!$B$4:$B$38,A31,'Raw data and pivot tables '!$A$4:$A$38,4) -> 668 | F31: =SUMIFS('Raw data and pivot tables '!$D$4:$D$38,'Raw data and pivot tables '!$B$4:$B$38,A31,'Raw data and pivot tables '!$A$4:$A$38,5) -> 624 | G31: =SUMIFS('Raw data and pivot tables '!$D$4:$D$38,'Raw data and pivot tables '!$B$4:$B$38,A31,'Raw data and pivot tables '!$A$4:$A$38,6) -> 384 | H31: =SUMIFS('Raw data and pivot tables '!$D$4:$D$38,'Raw data and pivot tables '!$B$4:$B$38,A31,'Raw data and pivot tables '!$A$4:$A$38,7) -> 200 | I31: =SUM(B31:H31) -> 4035 | J31: =I31/COUNTIF(B31:H31,">0") -> 576.42857
A32: CM | B32: =SUMIFS('Raw data and pivot tables '!$D$4:$D$38,'Raw data and pivot tables '!$B$4:$B$38,A32,'Raw data and pivot tables '!$A$4:$A$38,1) -> 760 | C32: =SUMIFS('Raw data and pivot tables '!$D$4:$D$38,'Raw data and pivot tables '!$B$4:$B$38,A32,'Raw data and pivot tables '!$A$4:$A$38,2) -> 438 | D32: =SUMIFS('Raw data and pivot tables '!$D$4:$D$38,'Raw data and pivot tables '!$B$4:$B$38,A32,'Raw data and pivot tables '!$A$4:$A$38,3) -> 452 | E32: =SUMIFS('Raw data and pivot tables '!$D$4:$D$38,'Raw data and pivot tables '!$B$4:$B$38,A32,'Raw data and pivot tables '!$A$4:$A$38,4) -> 606 | F32: =SUMIFS('Raw data and pivot tables '!$D$4:$D$38,'Raw data and pivot tables '!$B$4:$B$38,A32,'Raw data and pivot tables '!$A$4:$A$38,5) -> 302 | G32: =SUMIFS('Raw data and pivot tables '!$D$4:$D$38,'Raw data and pivot tables '!$B$4:$B$38,A32,'Raw data and pivot tables '!$A$4:$A$38,6) -> 890 | H32: =SUMIFS('Raw data and pivot tables '!$D$4:$D$38,'Raw data and pivot tables '!$B$4:$B$38,A32,'Raw data and pivot tables '!$A$4:$A$38,7) -> 862 | I32: =SUM(B32:H32) -> 4310 | J32: =I32/COUNTIF(B32:H32,">0") -> 615.71429
A33: TA | B33: =SUMIFS('Raw data and pivot tables '!$D$4:$D$38,'Raw data and pivot tables '!$B$4:$B$38,A33,'Raw data and pivot tables '!$A$4:$A$38,1) -> 0 | C33: =SUMIFS('Raw data and pivot tables '!$D$4:$D$38,'Raw data and pivot tables '!$B$4:$B$38,A33,'Raw data and pivot tables '!$A$4:$A$38,2) -> 201 | D33: =SUMIFS('Raw data and pivot tables '!$D$4:$D$38,'Raw data and pivot tables '!$B$4:$B$38,A33,'Raw data and pivot tables '!$A$4:$A$38,3) -> 168 | E33: =SUMIFS('Raw data and pivot tables '!$D$4:$D$38,'Raw data and pivot tables '!$B$4:$B$38,A33,'Raw data and pivot tables '!$A$4:$A$38,4) -> 321 | F33: =SUMIFS('Raw data and pivot tables '!$D$4:$D$38,'Raw data and pivot tables '!$B$4:$B$38,A33,'Raw data and pivot tables '!$A$4:$A$38,5) -> 0 | G33: =SUMIFS('Raw data and pivot tables '!$D$4:$D$38,'Raw data and pivot tables '!$B$4:$B$38,A33,'Raw data and pivot tables '!$A$4:$A$38,6) -> 140 | H33: =SUMIFS('Raw data and pivot tables '!$D$4:$D$38,'Raw data and pivot tables '!$B$4:$B$38,A33,'Raw data and pivot tables '!$A$4:$A$38,7) -> 148 | I33: =SUM(B33:H33) -> 978 | J33: =I33/COUNTIF(B33:H33,">0") -> 195.6
A34: Total | B34: =SUM(B31:B33) -> 1472 | C34: =SUM(C31:C33) -> 1449 | D34: =SUM(D31:D33) -> 1257 | E34: =SUM(E31:E33) -> 1595 | F34: =SUM(F31:F33) -> 926 | G34: =SUM(G31:G33) -> 1414 | H34: =SUM(H31:H33) -> 1210 | I34: =SUM(I31:I33) -> 9323
A37: COLLECTOR-BOAR CROSS REFERENCE (Collections Count)
A39: Boar | B39: AW | C39: CM | D39: TA | E39: Total
A40: LA0499 | B40: =COUNTIFS('Raw data and pivot tables '!$C$4:$C$38,A40,'Raw data and pivot tables '!$B$4:$B$38,B$39) -> 5 | C40: =COUNTIFS('Raw data and pivot tables '!$C$4:$C$38,A40,'Raw data and pivot tables '!$B$4:$B$38,C$39) -> 1 | D40: =COUNTIFS('Raw data and pivot tables '!$C$4:$C$38,A40,'Raw data and pivot tables '!$B$4:$B$38,D$39) -> 1 | E40: =SUM(B40:D40) -> 7
A41: LA0752 | B41: =COUNTIFS('Raw data and pivot tables '!$C$4:$C$38,A41,'Raw data and pivot tables '!$B$4:$B$38,B$39) -> 4 | C41: =COUNTIFS('Raw data and pivot tables '!$C$4:$C$38,A41,'Raw data and pivot tables '!$B$4:$B$38,C$39) -> 2 | D41: =COUNTIFS('Raw data and pivot tables '!$C$4:$C$38,A41,'Raw data and pivot tables '!$B$4:$B$38,D$39) -> 1 | E41: =SUM(B41:D41) -> 7
A42: LA0724 | B42: =COUNTIFS('Raw data and pivot tables '!$C$4:$C$38,A42,'Raw data and pivot tables '!$B$4:$B$38,B$39) -> 1 | C42: =COUNTIFS('Raw data and pivot tables '!$C$4:$C$38,A42,'Raw data and pivot tables '!$B$4:$B$38,C$39) -> 5 | D42: =COUNTIFS('Raw data and pivot tables '!$C$4:$C$38,A42,'Raw data and pivot tables '!$B$4:$B$38,D$39) -> 1 | E42: =SUM(B42:D42) -> 7
A43: CL1114 | B43: =COUNTIFS('Raw data and pivot tables '!$C$4:$C$38,A43,'Raw data and pivot tables '!$B$4:$B$38,B$39) -> 1 | C43: =COUNTIFS('Raw data and pivot tables '!$C$4:$C$38,A43,'Raw data and pivot tables '!$B$4:$B$38,C$39) -> 3 | D43: =COUNTIFS('Raw data and pivot tables '!$C$4:$C$38,A43,'Raw data and pivot tables '!$B$4:$B$38,D$39) -> 2 | E43: =SUM(B43:D43) -> 6
A44: LA0117 | B44: =COUNTIFS('Raw data and pivot tables '!$C$4:$C$38,A44,'Raw data and pivot tables '!$B$4:$B$38,B$39) -> 2 | C44: =COUNTIFS('Raw data and pivot tables '!$C$4:$C$38,A44,'Raw data and pivot tables '!$B$4:$B$38,C$39) -> 4 | D44: =COUNTIFS('Raw data and pivot tables '!$C$4:$C$38,A44,'Raw data and pivot tables '!$B$4:$B$38,D$39) -> 0 | E44: =SUM(B44:D44) -> 6
A45: CL6865 | B45: =COUNTIFS('Raw data and pivot tables '!$C$4:$C$38,A45,'Raw data and pivot tables '!$B$4:$B$38,B$39) -> 2 | C45: =COUNTIFS('Raw data and pivot tables '!$C$4:$C$38,A45,'Raw data and pivot tables '!$B$4:$B$38,C$39) -> 0 | D45: =COUNTIFS('Raw data and pivot tables '!$C$4:$C$38,A45,'Raw data and pivot tables '!$B$4:$B$38,D$39) -> 0 | E45: =SUM(B45:D45) -> 2
A46: Total | B46: =SUM(B40:B45) -> 15 | C46: =SUM(C40:C45) -> 15 | D46: =SUM(D40:D45) -> 5 | E46: =SUM(E40:E45) -> 35
A49: KEY FINDINGS & CONCLUSIONS
A51: COLLECTOR ANALYSIS:
A52: Most Consistent Collector: | B52: =INDEX($A$6:$A$8,MATCH(MIN($F$6:$F$8),$F$6:$F$8,0)) -> CM | C52: (lowest CV%)
A53: Highest Volume Collector: | B53: =INDEX($A$6:$A$8,MATCH(MAX($C$6:$C$8),$C$6:$C$8,0)) -> CM
A54: Highest Avg per Collection: | B54: =INDEX($A$6:$A$8,MATCH(MAX($D$6:$D$8),$D$6:$D$8,0)) -> CM
A56: BOAR ANALYSIS:
A57: Most Consistent Boar: | B57: =INDEX($A$16:$A$21,MATCH(MIN($F$16:$F$20),$F$16:$F$21,0)) -> LA0724 | C57: (lowest CV%)
A58: Least Consistent Boar: | B58: =INDEX($A$16:$A$21,MATCH(MAX($F$16:$F$20),$F$16:$F$21,0)) -> LA0499 | C58: (highest CV%)
A59: Most Collected Boar: | B59: =INDEX($A$16:$A$21,MATCH(MAX($B$16:$B$21),$B$16:$B$21,0)) -> LA0499
A60: Highest Yield Boar: | B60: =INDEX($A$16:$A$21,MATCH(MAX($D$16:$D$21),$D$16:$D$21,0)) -> LA0117

Sheet Raw data and pivot tables 
H1: Week | I1: (All)
A2: RAW DATA - ALL COLLECTIONS
A3: Week | B3: Collector | C3: Boar | D3: Raw Semen (mls) | H3: Sum of Raw Semen (mls) | I3: Boar
A4: 1 | B4: AW | C4: LA0499 | D4: 250 | H4: Collector | I4: CL1114 | J4: CL6865 | K4: LA0117 | L4: LA0499 | M4: LA0724 | N4: LA0752 | O4: Grand Total
A5: 1 | B5: AW | C5: LA0752 | D5: 152 | H5: AW | I5: 206 | J5: 400 | K5: 764 | L5: 1367 | M5: 310 | N5: 988 | O5: 4035
A6: 1 | B6: AW | C6: LA0724 | D6: 310 | H6: CM | I6: 742 | K6: 1208 | L6: 242 | M6: 1508 | N6: 610 | O6: 4310
A7: 1 | B7: CM | C7: CL1114 | D7: 326 | H7: TA | I7: 341 | L7: 321 | M7: 148 | N7: 168 | O7: 978
A8: 1 | B8: CM | C8: LA0117 | D8: 434 | H8: Grand Total | I8: 1289 | J8: 400 | K8: 1972 | L8: 1930 | M8: 1966 | N8: 1766 | O8: 9323
A9: 2 | B9: AW | C9: LA0499 | D9: 546
A10: 2 | B10: AW | C10: LA0752 | D10: 264
A11: 2 | B11: CM | C11: LA0724 | D11: 262
A12: 2 | B12: TA | C12: CL1114 | D12: 201
A13: 2 | B13: CM | C13: LA0117 | D13: 176 | H13: Boar | I13: (All)
A14: 3 | B14: AW | C14: LA0499 | D14: 203
A15: 3 | B15: TA | C15: LA0752 | D15: 168 | H15: Sum of Raw Semen (mls) | I15: Week number
A16: 3 | B16: CM | C16: LA0724 | D16: 310 | H16: Collector | I16: 1 | J16: 2 | K16: 3 | L16: 4 | M16: 5 | N16: 6 | O16: 7 | P16: Grand Total
A17: 3 | B17: CM | C17: CL1114 | D17: 142 | H17: AW | I17: 712 | J17: 810 | K17: 637 | L17: 668 | M17: 624 | N17: 384 | O17: 200 | P17: 4035
A18: 3 | B18: AW | C18: LA0117 | D18: 434 | H18: CM | I18: 760 | J18: 438 | K18: 452 | L18: 606 | M18: 302 | N18: 890 | O18: 862 | P18: 4310
A19: 4 | B19: TA | C19: LA0499 | D19: 321 | H19: TA | J19: 201 | K19: 168 | L19: 321 | N19: 140 | O19: 148 | P19: 978
A20: 4 | B20: AW | C20: LA0752 | D20: 338 | H20: Grand Total | I20: 1472 | J20: 1449 | K20: 1257 | L20: 1595 | M20: 926 | N20: 1414 | O20: 1210 | P20: 9323
A21: 4 | B21: CM | C21: LA0724 | D21: 332
A22: 4 | B22: CM | C22: CL1114 | D22: 274
A23: 4 | B23: AW | C23: LA0117 | D23: 330
A24: 5 | B24: AW | C24: LA0499 | D24: 184 | H24: Collector | I24: (All)
A25: 5 | B25: AW | C25: LA0752 | D25: 234
A26: 5 | B26: CM | C26: LA0724 | D26: 302 | H26: Sum of Raw Semen (mls) | I26: Column Labels
A27: 5 | B27: AW | C27: CL1114 | D27: 206 | H27: Row Labels | I27: 1 | J27: 2 | K27: 3 | L27: 4 | M27: 5 | N27: 6 | O27: 7 | P27: Grand Total
A28: 6 | B28: AW | C28: LA0499 | D28: 184 | H28: CL1114 | I28: 326 | J28: 201 | K28: 142 | L28: 274 | M28: 206 | N28: 140 | P28: 1289
A29: 6 | B29: CM | C29: LA0752 | D29: 292 | H29: CL6865 | N29: 200 | O29: 200 | P29: 400
A30: 6 | B30: CM | C30: LA0724 | D30: 302 | H30: LA0117 | I30: 434 | J30: 176 | K30: 434 | L30: 330 | N30: 296 | O30: 302 | P30: 1972
A31: 6 | B31: TA | C31: CL1114 | D31: 140 | H31: LA0499 | I31: 250 | J31: 546 | K31: 203 | L31: 321 | M31: 184 | N31: 184 | O31: 242 | P31: 1930
A32: 6 | B32: CM | C32: LA0117 | D32: 296 | H32: LA0724 | I32: 310 | J32: 262 | K32: 310 | L32: 332 | M32: 302 | N32: 302 | O32: 148 | P32: 1966
A33: 6 | B33: AW | C33: CL6865 | D33: 200 | H33: LA0752 | I33: 152 | J33: 264 | K33: 168 | L33: 338 | M33: 234 | N33: 292 | O33: 318 | P33: 1766
A34: 7 | B34: CM | C34: LA0499 | D34: 242 | H34: Grand Total | I34: 1472 | J34: 1449 | K34: 1257 | L34: 1595 | M34: 926 | N34: 1414 | O34: 1210 | P34: 9323
A35: 7 | B35: CM | C35: LA0752 | D35: 318
A36: 7 | B36: TA | C36: LA0724 | D36: 148
A37: 7 | B37: CM | C37: LA0117 | D37: 302
A38: 7 | B38: AW | C38: CL6865 | D38: 200

Sheet Predictive Model
A1: PREDICTIVE OPTIMIZATION MODEL
A3: BASELINE (Weeks 1-7) | B3: Column1 | C3: Column2 | D3: Column3
A4: Total Collections | B4: 35
A5: Total Volume | B5: 9,323 mL
A6: Avg per Collection | B6: 266.4 mL
A7: Weekly Average | B7: 1,332 mL
A9: OPTIMIZATION SCENARIOS
A10: Scenario | B10: Collections | C10: Total Gain | D10: % Improvement
A11: Top 3 Priority | B11: 13 | C11: +790 mL | D11: +8.47%
A12: Full Optimization | B12: 24 | C12: +1,405 mL | D12: +15.07%
A14: ANNUAL PROJECTION
A15: Current Annual | C15: 69,257 mL
A16: Optimized Annual | C16: 79,694 mL
A17: Annual Gain | C17: +10,437 mL | D17: +15.07%
A19: CONFIDENCE INTERVALS
A20: Conservative (80%) | C20: +1,124 mL
A21: Most Likely (100%) | C21: +1,405 mL
A22: Optimistic (110%) | C22: +1,545 mL
