Workbook

Sheet week 01
A1: Collector ID | B1: Boar | C1: TSI | D1: Genetic level | E1: Genetic Rank | F1: Last recorded raw Semen collected (mls) | G1: Last recorded Doses | H1: Dose rank | I1: Last recorded Morphology | J1: Morphology Rank | K1: Overal Grading | L1: Overal Rank | Y1: 45677
O2: Sunday | P2: Sunday | Q2: Sunday | R2: Wed | S2: Wed | T2: Wed
A3: TA | B3: DA2338 | C3: 114 | D3: Average | E3: 1 | F3: 134 | G3: 30 | H3: =RANK(G3,$G$3:$G$17)+COUNTIF(G3:$G$3,G3)-1 -> 13 | I3: 88 | J3: =RANK(I3,$I$3:$I$17)+COUNTIF(I3:$I$3,I3)-1 -> 5 | K3: =(E3+J3)/2 -> 3 | L3: =RANK(K3,$K$3:$K$17,1)+COUNTIF(K3:$K$3,K3)-1 -> 2 | O3: required | P3: estimate | Q3: actual | R3: required | S3: estimate | T3: actual
A4: AW | B4: DA1669 | C4: 111 | D4: Average | E4: 2 | F4: 360 | G4: 80 | H4: =RANK(G4,$G$3:$G$17)+COUNTIF(G$3:$G4,G4)-1 -> 6 | I4: 87 | J4: =RANK(I4,$I$3:$I$17)+COUNTIF(I$3:$I4,I4)-1 -> 10 | K4: =(E4+J4)/2 -> 6 | L4: =RANK(K4,$K$3:$K$17,1)+COUNTIF(K$3:$K4,K4)-1 -> 4 | N4: total | O4: =SUM(O5:O9) -> 480 | P4: 495 | Q4: 502 | R4: =SUM(R5:R9) -> 180 | S4: 214 | T4: 291
B5: DA2470 | C5: 111 | D5: Average | E5: 3 | F5: 100 | G5: 5 | H5: =RANK(G5,$G$3:$G$17)+COUNTIF(G$3:$G5,G5)-1 -> 14 | I5: 89 | J5: =RANK(I5,$I$3:$I$17)+COUNTIF(I$3:$I5,I5)-1 -> 1 | K5: =(E5+J5)/2 -> 2 | L5: =RANK(K5,$K$3:$K$17,1)+COUNTIF(K$3:$K5,K5)-1 -> 1 | N5: grasmere | O5: 180 | R5: 60
A6: AW | B6: DA1130 | C6: 107 | D6: Average | E6: 4 | F6: 358 | G6: 48 | H6: =RANK(G6,$G$3:$G$17)+COUNTIF(G$3:$G6,G6)-1 -> 10 | I6: 87 | J6: =RANK(I6,$I$3:$I$17)+COUNTIF(I$3:$I6,I6)-1 -> 11 | K6: =(E6+J6)/2 -> 7.5 | L6: =RANK(K6,$K$3:$K$17,1)+COUNTIF(K$3:$K6,K6)-1 -> 7 | N6: richlands | O6: 85 | R6: 35
A7: TA | B7: DA1721 | C7: 107 | D7: Average | E7: 5 | F7: 145 | G7: 154 | H7: =RANK(G7,$G$3:$G$17)+COUNTIF(G$3:$G7,G7)-1 -> 1 | I7: 86 | J7: =RANK(I7,$I$3:$I$17)+COUNTIF(I$3:$I7,I7)-1 -> 15 | K7: =(E7+J7)/2 -> 10 | L7: =RANK(K7,$K$3:$K$17,1)+COUNTIF(K$3:$K7,K7)-1 -> 11 | N7: Villa | O7: 40 | R7: 10 | U7: Actual total | V7: estimated
A8: TA | B8: DA1627 | C8: 106 | D8: Average | E8: 6 | F8: 338 | G8: 83 | H8: =RANK(G8,$G$3:$G$17)+COUNTIF(G$3:$G8,G8)-1 -> 5 | I8: 87 | J8: =RANK(I8,$I$3:$I$17)+COUNTIF(I$3:$I8,I8)-1 -> 12 | K8: =(E8+J8)/2 -> 9 | L8: =RANK(K8,$K$3:$K$17,1)+COUNTIF(K$3:$K8,K8)-1 -> 9 | N8: Lions Head | O8: 95 | R8: 40 | U8: =Q4+T4 -> 793 | V8: =P4+S4 -> 709
B9: DA2477 | C9: 105 | D9: Average | E9: 7 | F9: 0 | G9: 0 | H9: =RANK(G9,$G$3:$G$17)+COUNTIF(G$3:$G9,G9)-1 -> 15 | I9: 87 | J9: =RANK(I9,$I$3:$I$17)+COUNTIF(I$3:$I9,I9)-1 -> 13 | K9: xd | L9: =RANK(K9,$K$3:$K$17,1)+COUNTIF(K$3:$K9,K9)-1 -> #VALUE! | N9: Porta | O9: 80 | R9: 35 | V9: =U8-V8 -> 84
A10: TA | B10: DA2568 | C10: 104 | D10: Average | E10: 8 | F10: 170 | G10: 41 | H10: =RANK(G10,$G$3:$G$17)+COUNTIF(G$3:$G10,G10)-1 -> 11 | I10: 88 | J10: =RANK(I10,$I$3:$I$17)+COUNTIF(I$3:$I10,I10)-1 -> 6 | K10: =(E10+J10)/2 -> 7 | L10: =RANK(K10,$K$3:$K$17,1)+COUNTIF(K$3:$K10,K10)-1 -> 5
A11: TA | B11: CL7180 | C11: 102 | D11: Below average | E11: 9 | F11: 278 | G11: 61 | H11: =RANK(G11,$G$3:$G$17)+COUNTIF(G$3:$G11,G11)-1 -> 9 | I11: 89 | J11: =RANK(I11,$I$3:$I$17)+COUNTIF(I$3:$I11,I11)-1 -> 2 | K11: =(E11+J11)/2 -> 5.5 | L11: =RANK(K11,$K$3:$K$17,1)+COUNTIF(K$3:$K11,K11)-1 -> 3
A12: AW | B12: CJ0211 | C12: 101 | D12: Below average | E12: 10 | F12: 638 | G12: 91 | H12: =RANK(G12,$G$3:$G$17)+COUNTIF(G$3:$G12,G12)-1 -> 3 | I12: 88 | J12: =RANK(I12,$I$3:$I$17)+COUNTIF(I$3:$I12,I12)-1 -> 7 | K12: =(E12+J12)/2 -> 8.5 | L12: =RANK(K12,$K$3:$K$17,1)+COUNTIF(K$3:$K12,K12)-1 -> 8
A13: AW | B13: CL5312 | C13: 98 | D13: Low | E13: 11 | F13: 278 | G13: 71 | H13: =RANK(G13,$G$3:$G$17)+COUNTIF(G$3:$G13,G13)-1 -> 7 | I13: 89 | J13: =RANK(I13,$I$3:$I$17)+COUNTIF(I$3:$I13,I13)-1 -> 3 | K13: =(E13+J13)/2 -> 7 | L13: =RANK(K13,$K$3:$K$17,1)+COUNTIF(K$3:$K13,K13)-1 -> 6
A14: AW | B14: CL3033 | C14: 97 | D14: Low | E14: 12 | F14: 372 | G14: 85 | H14: =RANK(G14,$G$3:$G$17)+COUNTIF(G$3:$G14,G14)-1 -> 4 | I14: 88 | J14: =RANK(I14,$I$3:$I$17)+COUNTIF(I$3:$I14,I14)-1 -> 8 | K14: =(E14+J14)/2 -> 10 | L14: =RANK(K14,$K$3:$K$17,1)+COUNTIF(K$3:$K14,K14)-1 -> 12
A15: CM | B15: DA0379 | C15: 95 | D15: Low | E15: 13 | F15: 318 | G15: 92 | H15: =RANK(G15,$G$3:$G$17)+COUNTIF(G$3:$G15,G15)-1 -> 2 | I15: 87 | J15: =RANK(I15,$I$3:$I$17)+COUNTIF(I$3:$I15,I15)-1 -> 14 | K15: =(E15+J15)/2 -> 13.5 | L15: =RANK(K15,$K$3:$K$17,1)+COUNTIF(K$3:$K15,K15)-1 -> 14
B16: CJ2150 | C16: 91 | D16: Low | E16: 14 | F16: 201 | G16: 41 | H16: =RANK(G16,$G$3:$G$17)+COUNTIF(G$3:$G16,G16)-1 -> 12 | I16: 89 | J16: =RANK(I16,$I$3:$I$17)+COUNTIF(I$3:$I16,I16)-1 -> 4 | K16: =(E16+J16)/2 -> 9 | L16: =RANK(K16,$K$3:$K$17,1)+COUNTIF(K$3:$K16,K16)-1 -> 10
A17: AW | B17: CE6835 | C17: 90 | D17: Low | E17: 15 | F17: 214 | G17: 63 | H17: =RANK(G17,$G$3:$G$17)+COUNTIF(G$3:$G17,G17)-1 -> 8 | I17: 88 | J17: =RANK(I17,$I$3:$I$17)+COUNTIF(I$3:$I17,I17)-1 -> 9 | K17: =(E17+J17)/2 -> 12 | L17: =RANK(K17,$K$3:$K$17,1)+COUNTIF(K$3:$K17,K17)-1 -> 13
B20: Sunday | C20: Wednesday
B21: T1 | C21: T2
B24: COMMENT
B25: DA2477 and DA2470 are still not mounting the dummy and we are currently working on them
B26: CJ50 RESTED IN WEEK 1

Sheet week 02
A1: Collector ID | B1: Boar | C1: TSI | D1: Genetic level | E1: Genetic Rank | F1: Last recorded raw Semen collected (mls) | G1: Last recorded Doses | H1: Dose rank | I1: Last recorded Morphology | J1: Morphology Rank | K1: Overal Grading | L1: Overal Rank | Y1: 45677
O2: Sunday | P2: Sunday | Q2: Sunday | R2: Wed | S2: Wed | T2: Wed
A3: CM | B3: DA2338 | C3: 114 | D3: Average | E3: 1 | F3: 112 | G3: 48 | H3: =RANK(G3,$G$3:$G$17)+COUNTIF(G3:$G$3,G3)-1 -> 8 | I3: 87 | J3: =RANK(I3,$I$3:$I$17)+COUNTIF(I3:$I$3,I3)-1 -> 10 | K3: =(E3+J3)/2 -> 5.5 | L3: =RANK(K3,$K$3:$K$17,1)+COUNTIF(K3:$K$3,K3)-1 -> 3 | O3: required | P3: estimate | Q3: actual | R3: required | S3: estimate | T3: actual
A4: CM | B4: DA1669 | C4: 111 | D4: Average | E4: 2 | F4: 250 | G4: 65 | H4: =RANK(G4,$G$3:$G$17)+COUNTIF(G$3:$G4,G4)-1 -> 5 | I4: 88 | J4: =RANK(I4,$I$3:$I$17)+COUNTIF(I$3:$I4,I4)-1 -> 4 | K4: =(E4+J4)/2 -> 3 | L4: =RANK(K4,$K$3:$K$17,1)+COUNTIF(K$3:$K4,K4)-1 -> 1 | N4: total | O4: =SUM(O5:O9) -> 480 | P4: 509 | Q4: 490 | R4: =SUM(R5:R9) -> 180 | S4: 291 | T4: 211
B5: DA2470 | C5: 111 | D5: Average | E5: 3 | F5: 0 | G5: 0 | H5: =RANK(G5,$G$3:$G$17)+COUNTIF(G$3:$G5,G5)-1 -> 14 | I5: 0 | J5: =RANK(I5,$I$3:$I$17)+COUNTIF(I$3:$I5,I5)-1 -> 14 | K5: =(E5+J5)/2 -> 8.5 | L5: =RANK(K5,$K$3:$K$17,1)+COUNTIF(K$3:$K5,K5)-1 -> 10 | N5: grasmere | O5: 180 | R5: 60
A6: AW | B6: DA1130 | C6: 107 | D6: Average | E6: 4 | F6: 550 | G6: 120 | H6: =RANK(G6,$G$3:$G$17)+COUNTIF(G$3:$G6,G6)-1 -> 1 | I6: 87 | J6: =RANK(I6,$I$3:$I$17)+COUNTIF(I$3:$I6,I6)-1 -> 11 | K6: =(E6+J6)/2 -> 7.5 | L6: =RANK(K6,$K$3:$K$17,1)+COUNTIF(K$3:$K6,K6)-1 -> 6 | N6: richlands | O6: 85 | R6: 35
A7: CM | B7: DA1721 | C7: 107 | D7: Average | E7: 5 | F7: 215 | G7: 45 | H7: =RANK(G7,$G$3:$G$17)+COUNTIF(G$3:$G7,G7)-1 -> 9 | I7: 89 | J7: =RANK(I7,$I$3:$I$17)+COUNTIF(I$3:$I7,I7)-1 -> 2 | K7: =(E7+J7)/2 -> 3.5 | L7: =RANK(K7,$K$3:$K$17,1)+COUNTIF(K$3:$K7,K7)-1 -> 2 | N7: Villa | O7: 40 | R7: 10 | U7: Actual total | V7: estimated
A8: AW | B8: DA1627 | C8: 106 | D8: Average | E8: 6 | F8: 328 | G8: 57 | H8: =RANK(G8,$G$3:$G$17)+COUNTIF(G$3:$G8,G8)-1 -> 7 | I8: 88 | J8: =RANK(I8,$I$3:$I$17)+COUNTIF(I$3:$I8,I8)-1 -> 5 | K8: =(E8+J8)/2 -> 5.5 | L8: =RANK(K8,$K$3:$K$17,1)+COUNTIF(K$3:$K8,K8)-1 -> 4 | N8: Lions Head | O8: 95 | R8: 40 | U8: =Q4+T4 -> 701 | V8: =P4+S4 -> 800
B9: DA2477 | C9: 105 | D9: Average | E9: 7 | F9: 0 | G9: 0 | H9: =RANK(G9,$G$3:$G$17)+COUNTIF(G$3:$G9,G9)-1 -> 15 | I9: 0 | J9: =RANK(I9,$I$3:$I$17)+COUNTIF(I$3:$I9,I9)-1 -> 15 | K9: =(E9+J9)/2 -> 11 | L9: =RANK(K9,$K$3:$K$17,1)+COUNTIF(K$3:$K9,K9)-1 -> 13 | N9: Porta | O9: 80 | R9: 35 | V9: =U8-V8 -> -99
A10: CM | B10: DA2568 | C10: 104 | D10: Average | E10: 8 | F10: 252 | G10: 44 | H10: =RANK(G10,$G$3:$G$17)+COUNTIF(G$3:$G10,G10)-1 -> 10 | I10: 88 | J10: =RANK(I10,$I$3:$I$17)+COUNTIF(I$3:$I10,I10)-1 -> 6 | K10: =(E10+J10)/2 -> 7 | L10: =RANK(K10,$K$3:$K$17,1)+COUNTIF(K$3:$K10,K10)-1 -> 5
A11: CM | B11: CL7180 | C11: 102 | D11: Below average | E11: 9 | F11: 172 | G11: 58 | H11: =RANK(G11,$G$3:$G$17)+COUNTIF(G$3:$G11,G11)-1 -> 6 | I11: 88 | J11: =RANK(I11,$I$3:$I$17)+COUNTIF(I$3:$I11,I11)-1 -> 7 | K11: =(E11+J11)/2 -> 8 | L11: =RANK(K11,$K$3:$K$17,1)+COUNTIF(K$3:$K11,K11)-1 -> 8
A12: CM | B12: CJ0211 | C12: 101 | D12: Below average | E12: 10 | F12: 514 | G12: 94 | H12: =RANK(G12,$G$3:$G$17)+COUNTIF(G$3:$G12,G12)-1 -> 2 | I12: 88 | J12: =RANK(I12,$I$3:$I$17)+COUNTIF(I$3:$I12,I12)-1 -> 8 | K12: =(E12+J12)/2 -> 9 | L12: =RANK(K12,$K$3:$K$17,1)+COUNTIF(K$3:$K12,K12)-1 -> 11
A13: AW | B13: CL5312 | C13: 98 | D13: Low | E13: 11 | F13: 346 | G13: 67 | H13: =RANK(G13,$G$3:$G$17)+COUNTIF(G$3:$G13,G13)-1 -> 4 | I13: 88 | J13: =RANK(I13,$I$3:$I$17)+COUNTIF(I$3:$I13,I13)-1 -> 9 | K13: =(E13+J13)/2 -> 10 | L13: =RANK(K13,$K$3:$K$17,1)+COUNTIF(K$3:$K13,K13)-1 -> 12
A14: AW | B14: CL3033 | C14: 97 | D14: Low | E14: 12 | F14: 372 | G14: 90 | H14: =RANK(G14,$G$3:$G$17)+COUNTIF(G$3:$G14,G14)-1 -> 3 | I14: 87 | J14: =RANK(I14,$I$3:$I$17)+COUNTIF(I$3:$I14,I14)-1 -> 12 | K14: =(E14+J14)/2 -> 12 | L14: =RANK(K14,$K$3:$K$17,1)+COUNTIF(K$3:$K14,K14)-1 -> 14
A15: CM | B15: DA0379 | C15: 95 | D15: Low | E15: 13 | F15: 212 | G15: 34 | H15: =RANK(G15,$G$3:$G$17)+COUNTIF(G$3:$G15,G15)-1 -> 11 | I15: 89 | J15: =RANK(I15,$I$3:$I$17)+COUNTIF(I$3:$I15,I15)-1 -> 3 | K15: =(E15+J15)/2 -> 8 | L15: =RANK(K15,$K$3:$K$17,1)+COUNTIF(K$3:$K15,K15)-1 -> 9
B16: CJ2150 | C16: 91 | D16: Low | E16: 14 | F16: 145 | G16: 26 | H16: =RANK(G16,$G$3:$G$17)+COUNTIF(G$3:$G16,G16)-1 -> 13 | I16: 90 | J16: =RANK(I16,$I$3:$I$17)+COUNTIF(I$3:$I16,I16)-1 -> 1 | K16: =(E16+J16)/2 -> 7.5 | L16: =RANK(K16,$K$3:$K$17,1)+COUNTIF(K$3:$K16,K16)-1 -> 7
A17: CM | B17: CE6835 | C17: 90 | D17: Low | E17: 15 | F17: 226 | G17: 27 | H17: =RANK(G17,$G$3:$G$17)+COUNTIF(G$3:$G17,G17)-1 -> 12 | I17: 87 | J17: =RANK(I17,$I$3:$I$17)+COUNTIF(I$3:$I17,I17)-1 -> 13 | K17: =(E17+J17)/2 -> 14 | L17: =RANK(K17,$K$3:$K$17,1)+COUNTIF(K$3:$K17,K17)-1 -> 15
B20: Sunday | C20: Wednesday
B21: T1 | C21: T2
B24: COMMENT
B25: DA38, CJ50, rested in week 02
B26: DA2477 and DA2470 are still not mounting the dummy and we are currently working on them

Sheet week 03
A1: Collector ID | B1: Boar | C1: TSI | D1: Genetic level | E1: Genetic Rank | F1: Last recorded raw Semen collected (mls) | G1: Last recorded Doses | H1: Dose rank | I1: Last recorded Morphology | J1: Morphology Rank | K1: Overal Grading | L1: Overal Rank | Y1: 45677
O2: Sunday | P2: Sunday | Q2: Sunday | R2: Wed | S2: Wed | T2: Wed
A3: AW | B3: DA2338 | C3: 114 | D3: Average | E3: 1 | F3: 186 | G3: 32 | H3: =RANK(G3,$G$3:$G$17)+COUNTIF(G3:$G$3,G3)-1 -> 12 | I3: 87 | J3: =RANK(I3,$I$3:$I$17)+COUNTIF(I3:$I$3,I3)-1 -> 9 | K3: =(E3+J3)/2 -> 5 | L3: =RANK(K3,$K$3:$K$17,1)+COUNTIF(K3:$K$3,K3)-1 -> 3 | O3: required | P3: estimate | Q3: actual | R3: required | S3: estimate | T3: actual
A4: AW | B4: DA1669 | C4: 111 | D4: Average | E4: 2 | F4: 318 | G4: 45 | H4: =RANK(G4,$G$3:$G$17)+COUNTIF(G$3:$G4,G4)-1 -> 8 | I4: 89 | J4: =RANK(I4,$I$3:$I$17)+COUNTIF(I$3:$I4,I4)-1 -> 3 | K4: =(E4+J4)/2 -> 2.5 | L4: =RANK(K4,$K$3:$K$17,1)+COUNTIF(K$3:$K4,K4)-1 -> 1 | N4: total | O4: =SUM(O5:O9) -> 480 | P4: 490 | Q4: 507 | R4: =SUM(R5:R9) -> 180 | S4: 211 | T4: 217
B5: DA2470 | C5: 111 | D5: Average | E5: 3 | F5: 0 | G5: 0 | H5: =RANK(G5,$G$3:$G$17)+COUNTIF(G$3:$G5,G5)-1 -> 14 | I5: 0 | J5: =RANK(I5,$I$3:$I$17)+COUNTIF(I$3:$I5,I5)-1 -> 14 | K5: =(E5+J5)/2 -> 8.5 | L5: =RANK(K5,$K$3:$K$17,1)+COUNTIF(K$3:$K5,K5)-1 -> 6 | N5: grasmere | O5: 180 | R5: 60
A6: CM | B6: DA1130 | C6: 107 | D6: Average | E6: 4 | F6: 566 | G6: 113 | H6: =RANK(G6,$G$3:$G$17)+COUNTIF(G$3:$G6,G6)-1 -> 1 | I6: 90 | J6: =RANK(I6,$I$3:$I$17)+COUNTIF(I$3:$I6,I6)-1 -> 1 | K6: =(E6+J6)/2 -> 2.5 | L6: =RANK(K6,$K$3:$K$17,1)+COUNTIF(K$3:$K6,K6)-1 -> 2 | N6: richlands | O6: 85 | R6: 35
A7: AW | B7: DA1721 | C7: 107 | D7: Average | E7: 5 | F7: 134 | G7: 37 | H7: =RANK(G7,$G$3:$G$17)+COUNTIF(G$3:$G7,G7)-1 -> 11 | I7: 88 | J7: =RANK(I7,$I$3:$I$17)+COUNTIF(I$3:$I7,I7)-1 -> 6 | K7: =(E7+J7)/2 -> 5.5 | L7: =RANK(K7,$K$3:$K$17,1)+COUNTIF(K$3:$K7,K7)-1 -> 5 | N7: Villa | O7: 40 | R7: 10 | U7: Actual total | V7: estimated
A8: CM | B8: DA1627 | C8: 106 | D8: Average | E8: 6 | F8: 346 | G8: 67 | H8: =RANK(G8,$G$3:$G$17)+COUNTIF(G$3:$G8,G8)-1 -> 5 | I8: 89 | J8: =RANK(I8,$I$3:$I$17)+COUNTIF(I$3:$I8,I8)-1 -> 4 | K8: =(E8+J8)/2 -> 5 | L8: =RANK(K8,$K$3:$K$17,1)+COUNTIF(K$3:$K8,K8)-1 -> 4 | N8: Lions Head | O8: 95 | R8: 40 | U8: =Q4+T4 -> 724 | V8: =P4+S4 -> 701
B9: DA2477 | C9: 105 | D9: Average | E9: 7 | F9: 0 | G9: 0 | H9: =RANK(G9,$G$3:$G$17)+COUNTIF(G$3:$G9,G9)-1 -> 15 | I9: 0 | J9: =RANK(I9,$I$3:$I$17)+COUNTIF(I$3:$I9,I9)-1 -> 15 | K9: =(E9+J9)/2 -> 11 | L9: =RANK(K9,$K$3:$K$17,1)+COUNTIF(K$3:$K9,K9)-1 -> 13 | N9: Porta | O9: 80 | R9: 35 | V9: =U8-V8 -> 23
A10: TA | B10: DA2568 | C10: 104 | D10: Average | E10: 8 | F10: 194 | G10: 43 | H10: =RANK(G10,$G$3:$G$17)+COUNTIF(G$3:$G10,G10)-1 -> 9 | I10: 86 | J10: =RANK(I10,$I$3:$I$17)+COUNTIF(I$3:$I10,I10)-1 -> 12 | K10: =(E10+J10)/2 -> 10 | L10: =RANK(K10,$K$3:$K$17,1)+COUNTIF(K$3:$K10,K10)-1 -> 10
A11: CM | B11: CL7180 | C11: 102 | D11: Below average | E11: 9 | F11: 266 | G11: 55 | H11: =RANK(G11,$G$3:$G$17)+COUNTIF(G$3:$G11,G11)-1 -> 7 | I11: 85 | J11: =RANK(I11,$I$3:$I$17)+COUNTIF(I$3:$I11,I11)-1 -> 13 | K11: =(E11+J11)/2 -> 11 | L11: =RANK(K11,$K$3:$K$17,1)+COUNTIF(K$3:$K11,K11)-1 -> 14
A12: AW | B12: CJ0211 | C12: 101 | D12: Below average | E12: 10 | F12: 406 | G12: 82 | H12: =RANK(G12,$G$3:$G$17)+COUNTIF(G$3:$G12,G12)-1 -> 3 | I12: 88 | J12: =RANK(I12,$I$3:$I$17)+COUNTIF(I$3:$I12,I12)-1 -> 7 | K12: =(E12+J12)/2 -> 8.5 | L12: =RANK(K12,$K$3:$K$17,1)+COUNTIF(K$3:$K12,K12)-1 -> 7
A13: CM | B13: CL5312 | C13: 98 | D13: Low | E13: 11 | F13: 282 | G13: 66 | H13: =RANK(G13,$G$3:$G$17)+COUNTIF(G$3:$G13,G13)-1 -> 6 | I13: 87 | J13: =RANK(I13,$I$3:$I$17)+COUNTIF(I$3:$I13,I13)-1 -> 10 | K13: =(E13+J13)/2 -> 10.5 | L13: =RANK(K13,$K$3:$K$17,1)+COUNTIF(K$3:$K13,K13)-1 -> 12
A14: CM | B14: CL3033 | C14: 97 | D14: Low | E14: 12 | F14: 328 | G14: 92 | H14: =RANK(G14,$G$3:$G$17)+COUNTIF(G$3:$G14,G14)-1 -> 2 | I14: 88 | J14: =RANK(I14,$I$3:$I$17)+COUNTIF(I$3:$I14,I14)-1 -> 8 | K14: =(E14+J14)/2 -> 10 | L14: =RANK(K14,$K$3:$K$17,1)+COUNTIF(K$3:$K14,K14)-1 -> 11
A15: TA | B15: DA0379 | C15: 95 | D15: Low | E15: 13 | F15: 252 | G15: 69 | H15: =RANK(G15,$G$3:$G$17)+COUNTIF(G$3:$G15,G15)-1 -> 4 | I15: 89 | J15: =RANK(I15,$I$3:$I$17)+COUNTIF(I$3:$I15,I15)-1 -> 5 | K15: =(E15+J15)/2 -> 9 | L15: =RANK(K15,$K$3:$K$17,1)+COUNTIF(K$3:$K15,K15)-1 -> 9
B16: CJ2150 | C16: 91 | D16: Low | E16: 14 | F16: 240 | G16: 41 | H16: =RANK(G16,$G$3:$G$17)+COUNTIF(G$3:$G16,G16)-1 -> 10 | I16: 87 | J16: =RANK(I16,$I$3:$I$17)+COUNTIF(I$3:$I16,I16)-1 -> 11 | K16: =(E16+J16)/2 -> 12.5 | L16: =RANK(K16,$K$3:$K$17,1)+COUNTIF(K$3:$K16,K16)-1 -> 15
A17: AW | B17: CE6835 | C17: 90 | D17: Low | E17: 15 | F17: 246 | G17: 23 | H17: =RANK(G17,$G$3:$G$17)+COUNTIF(G$3:$G17,G17)-1 -> 13 | I17: 90 | J17: =RANK(I17,$I$3:$I$17)+COUNTIF(I$3:$I17,I17)-1 -> 2 | K17: =(E17+J17)/2 -> 8.5 | L17: =RANK(K17,$K$3:$K$17,1)+COUNTIF(K$3:$K17,K17)-1 -> 8
B20: Sunday | C20: Wednesday
B21: T1 | C21: T2
B24: COMMENT
B25: CJ50 Rested
B26: DA2477 and DA2470 are still not mounting the dummy and we are currently working on them

Sheet week 04
A1: Collector ID | B1: Boar | C1: TSI | D1: Genetic level | E1: Genetic Rank | F1: Last recorded raw Semen collected (mls) | G1: Last recorded Doses | H1: Dose rank | I1: Last recorded Morphology | J1: Morphology Rank | K1: Overal Grading | L1: Overal Rank | Y1: 45677
O2: Sunday | P2: Sunday | Q2: Sunday | R2: Wed | S2: Wed | T2: Wed
A3: CM | B3: DA2338 | C3: 114 | D3: Average | E3: 1 | F3: 208 | G3: 38 | H3: =RANK(G3,$G$3:$G$17)+COUNTIF(G3:$G$3,G3)-1 -> 12 | I3: 89 | J3: =RANK(I3,$I$3:$I$17)+COUNTIF(I3:$I$3,I3)-1 -> 1 | K3: =(E3+J3)/2 -> 1 | L3: =RANK(K3,$K$3:$K$17,1)+COUNTIF(K3:$K$3,K3)-1 -> 1 | O3: required | P3: estimate | Q3: actual | R3: required | S3: estimate | T3: actual
A4: AW | B4: DA1669 | C4: 111 | D4: Average | E4: 2 | F4: 328 | G4: 83 | H4: =RANK(G4,$G$3:$G$17)+COUNTIF(G$3:$G4,G4)-1 -> 4 | I4: 87 | J4: =RANK(I4,$I$3:$I$17)+COUNTIF(I$3:$I4,I4)-1 -> 6 | K4: =(E4+J4)/2 -> 4 | L4: =RANK(K4,$K$3:$K$17,1)+COUNTIF(K$3:$K4,K4)-1 -> 3 | N4: total | O4: =SUM(O5:O9) -> 485 | P4: 507 | Q4: 488 | R4: =SUM(R5:R9) -> 180 | S4: 217 | T4: 174
B5: DA2470 | C5: 111 | D5: Average | E5: 3 | F5: 0 | G5: 0 | H5: =RANK(G5,$G$3:$G$17)+COUNTIF(G$3:$G5,G5)-1 -> 14 | I5: 0 | J5: =RANK(I5,$I$3:$I$17)+COUNTIF(I$3:$I5,I5)-1 -> 14 | K5: =(E5+J5)/2 -> 8.5 | L5: =RANK(K5,$K$3:$K$17,1)+COUNTIF(K$3:$K5,K5)-1 -> 8 | N5: grasmere | O5: 180 | R5: 60
A6: TA | B6: DA1130 | C6: 107 | D6: Average | E6: 4 | F6: 466 | G6: 95 | H6: =RANK(G6,$G$3:$G$17)+COUNTIF(G$3:$G6,G6)-1 -> 1 | I6: 87 | J6: =RANK(I6,$I$3:$I$17)+COUNTIF(I$3:$I6,I6)-1 -> 7 | K6: =(E6+J6)/2 -> 5.5 | L6: =RANK(K6,$K$3:$K$17,1)+COUNTIF(K$3:$K6,K6)-1 -> 5 | N6: richlands | O6: 85 | R6: 35
A7: CM | B7: DA1721 | C7: 107 | D7: Average | E7: 5 | F7: 238 | G7: 42 | H7: =RANK(G7,$G$3:$G$17)+COUNTIF(G$3:$G7,G7)-1 -> 9 | I7: 89 | J7: =RANK(I7,$I$3:$I$17)+COUNTIF(I$3:$I7,I7)-1 -> 2 | K7: =(E7+J7)/2 -> 3.5 | L7: =RANK(K7,$K$3:$K$17,1)+COUNTIF(K$3:$K7,K7)-1 -> 2 | N7: Villa | O7: 40 | R7: 10 | U7: Actual total | V7: estimated
A8: TA | B8: DA1627 | C8: 106 | D8: Average | E8: 6 | F8: 308 | G8: 45 | H8: =RANK(G8,$G$3:$G$17)+COUNTIF(G$3:$G8,G8)-1 -> 8 | I8: 88 | J8: =RANK(I8,$I$3:$I$17)+COUNTIF(I$3:$I8,I8)-1 -> 3 | K8: =(E8+J8)/2 -> 4.5 | L8: =RANK(K8,$K$3:$K$17,1)+COUNTIF(K$3:$K8,K8)-1 -> 4 | N8: Lions Head | O8: 95 | R8: 40 | U8: =Q4+T4 -> 662 | V8: =P4+S4 -> 724
B9: DA2477 | C9: 105 | D9: Average | E9: 7 | F9: 0 | G9: 0 | H9: =RANK(G9,$G$3:$G$17)+COUNTIF(G$3:$G9,G9)-1 -> 15 | I9: 0 | J9: =RANK(I9,$I$3:$I$17)+COUNTIF(I$3:$I9,I9)-1 -> 15 | K9: =(E9+J9)/2 -> 11 | L9: =RANK(K9,$K$3:$K$17,1)+COUNTIF(K$3:$K9,K9)-1 -> 12 | N9: Porta | O9: 85 | R9: 35 | V9: =U8-V8 -> -62
A10: CM | B10: DA2568 | C10: 104 | D10: Average | E10: 8 | F10: 252 | G10: 34 | H10: =RANK(G10,$G$3:$G$17)+COUNTIF(G$3:$G10,G10)-1 -> 13 | I10: 87 | J10: =RANK(I10,$I$3:$I$17)+COUNTIF(I$3:$I10,I10)-1 -> 8 | K10: =(E10+J10)/2 -> 8 | L10: =RANK(K10,$K$3:$K$17,1)+COUNTIF(K$3:$K10,K10)-1 -> 6
B11: CL7180 | C11: 102 | D11: Below average | E11: 9 | F11: 266 | G11: 55 | H11: =RANK(G11,$G$3:$G$17)+COUNTIF(G$3:$G11,G11)-1 -> 6 | I11: 86 | J11: =RANK(I11,$I$3:$I$17)+COUNTIF(I$3:$I11,I11)-1 -> 13 | K11: =(E11+J11)/2 -> 11 | L11: =RANK(K11,$K$3:$K$17,1)+COUNTIF(K$3:$K11,K11)-1 -> 13
A12: CM | B12: CJ0211 | C12: 101 | D12: Below average | E12: 10 | F12: 566 | G12: 87 | H12: =RANK(G12,$G$3:$G$17)+COUNTIF(G$3:$G12,G12)-1 -> 3 | I12: 87 | J12: =RANK(I12,$I$3:$I$17)+COUNTIF(I$3:$I12,I12)-1 -> 9 | K12: =(E12+J12)/2 -> 9.5 | L12: =RANK(K12,$K$3:$K$17,1)+COUNTIF(K$3:$K12,K12)-1 -> 10
A13: CM | B13: CL5312 | C13: 98 | D13: Low | E13: 11 | F13: 300 | G13: 56 | H13: =RANK(G13,$G$3:$G$17)+COUNTIF(G$3:$G13,G13)-1 -> 5 | I13: 87 | J13: =RANK(I13,$I$3:$I$17)+COUNTIF(I$3:$I13,I13)-1 -> 10 | K13: =(E13+J13)/2 -> 10.5 | L13: =RANK(K13,$K$3:$K$17,1)+COUNTIF(K$3:$K13,K13)-1 -> 11
A14: TA | B14: CL3033 | C14: 97 | D14: Low | E14: 12 | F14: 268 | G14: 93 | H14: =RANK(G14,$G$3:$G$17)+COUNTIF(G$3:$G14,G14)-1 -> 2 | I14: 88 | J14: =RANK(I14,$I$3:$I$17)+COUNTIF(I$3:$I14,I14)-1 -> 4 | K14: =(E14+J14)/2 -> 8 | L14: =RANK(K14,$K$3:$K$17,1)+COUNTIF(K$3:$K14,K14)-1 -> 7
A15: CM | B15: DA0379 | C15: 95 | D15: Low | E15: 13 | F15: 274 | G15: 49 | H15: =RANK(G15,$G$3:$G$17)+COUNTIF(G$3:$G15,G15)-1 -> 7 | I15: 88 | J15: =RANK(I15,$I$3:$I$17)+COUNTIF(I$3:$I15,I15)-1 -> 5 | K15: =(E15+J15)/2 -> 9 | L15: =RANK(K15,$K$3:$K$17,1)+COUNTIF(K$3:$K15,K15)-1 -> 9
B16: CJ2150 | C16: 91 | D16: Low | E16: 14 | F16: 240 | G16: 41 | H16: =RANK(G16,$G$3:$G$17)+COUNTIF(G$3:$G16,G16)-1 -> 10 | I16: 87 | J16: =RANK(I16,$I$3:$I$17)+COUNTIF(I$3:$I16,I16)-1 -> 11 | K16: =(E16+J16)/2 -> 12.5 | L16: =RANK(K16,$K$3:$K$17,1)+COUNTIF(K$3:$K16,K16)-1 -> 14
A17: CM | B17: CE6835 | C17: 90 | D17: Low | E17: 15 | F17: 220 | G17: 40 | H17: =RANK(G17,$G$3:$G$17)+COUNTIF(G$3:$G17,G17)-1 -> 11 | I17: 87 | J17: =RANK(I17,$I$3:$I$17)+COUNTIF(I$3:$I17,I17)-1 -> 12 | K17: =(E17+J17)/2 -> 13.5 | L17: =RANK(K17,$K$3:$K$17,1)+COUNTIF(K$3:$K17,K17)-1 -> 15
B20: Sunday | C20: Wednesday
B21: T1 | C21: T2
B24: COMMENT
B25: DA2477 and DA2470 are still not mounting the dummy and we are currently working on them
B26: CL80, CJ50,DA27 rested in week 03

Sheet week 05
A1: Collector ID | B1: Boar | C1: TSI | D1: Genetic level | E1: Genetic Rank | F1: Last recorded raw Semen collected (mls) | G1: Last recorded Doses | H1: Dose rank | I1: Last recorded Morphology | J1: Morphology Rank | K1: Overal Grading | L1: Overal Rank | Y1: 45677
O2: Sunday | P2: Sunday | Q2: Sunday | R2: Wed | S2: Wed | T2: Wed
B3: DA2338 | C3: 114 | D3: Average | E3: 1 | F3: 208 | G3: 38 | H3: =RANK(G3,$G$3:$G$17)+COUNTIF(G3:$G$3,G3)-1 -> 11 | I3: 89 | J3: =RANK(I3,$I$3:$I$17)+COUNTIF(I3:$I$3,I3)-1 -> 1 | K3: =(E3+J3)/2 -> 1 | L3: =RANK(K3,$K$3:$K$17,1)+COUNTIF(K3:$K$3,K3)-1 -> 1 | O3: required | P3: estimate | Q3: actual | R3: required | S3: estimate | T3: actual
A4: CM | B4: DA1669 | C4: 111 | D4: Average | E4: 2 | F4: 362 | G4: 70 | H4: =RANK(G4,$G$3:$G$17)+COUNTIF(G$3:$G4,G4)-1 -> 5 | I4: 88 | J4: =RANK(I4,$I$3:$I$17)+COUNTIF(I$3:$I4,I4)-1 -> 4 | K4: =(E4+J4)/2 -> 3 | L4: =RANK(K4,$K$3:$K$17,1)+COUNTIF(K$3:$K4,K4)-1 -> 2 | N4: total | O4: =SUM(O5:O9) -> 480 | P4: 488 | Q4: 525 | R4: =SUM(R5:R9) -> 180 | S4: 174 | T4: 185
B5: DA2470 | C5: 111 | D5: Average | E5: 3 | F5: 0 | G5: 0 | H5: =RANK(G5,$G$3:$G$17)+COUNTIF(G$3:$G5,G5)-1 -> 14 | I5: 0 | J5: =RANK(I5,$I$3:$I$17)+COUNTIF(I$3:$I5,I5)-1 -> 14 | K5: =(E5+J5)/2 -> 8.5 | L5: =RANK(K5,$K$3:$K$17,1)+COUNTIF(K$3:$K5,K5)-1 -> 8 | N5: grasmere | O5: 180 | R5: 60
A6: AW | B6: DA1130 | C6: 107 | D6: Average | E6: 4 | F6: 558 | G6: 102 | H6: =RANK(G6,$G$3:$G$17)+COUNTIF(G$3:$G6,G6)-1 -> 1 | I6: 87 | J6: =RANK(I6,$I$3:$I$17)+COUNTIF(I$3:$I6,I6)-1 -> 9 | K6: =(E6+J6)/2 -> 6.5 | L6: =RANK(K6,$K$3:$K$17,1)+COUNTIF(K$3:$K6,K6)-1 -> 6 | N6: richlands | O6: 85 | R6: 35
A7: AW | B7: DA1721 | C7: 107 | D7: Average | E7: 5 | F7: 146 | G7: 35 | H7: =RANK(G7,$G$3:$G$17)+COUNTIF(G$3:$G7,G7)-1 -> 13 | I7: 89 | J7: =RANK(I7,$I$3:$I$17)+COUNTIF(I$3:$I7,I7)-1 -> 2 | K7: =(E7+J7)/2 -> 3.5 | L7: =RANK(K7,$K$3:$K$17,1)+COUNTIF(K$3:$K7,K7)-1 -> 3 | N7: Villa | O7: 40 | R7: 10 | U7: Actual total | V7: estimated
A8: AW | B8: DA1627 | C8: 106 | D8: Average | E8: 6 | F8: 304 | G8: 68 | H8: =RANK(G8,$G$3:$G$17)+COUNTIF(G$3:$G8,G8)-1 -> 6 | I8: 88 | J8: =RANK(I8,$I$3:$I$17)+COUNTIF(I$3:$I8,I8)-1 -> 5 | K8: =(E8+J8)/2 -> 5.5 | L8: =RANK(K8,$K$3:$K$17,1)+COUNTIF(K$3:$K8,K8)-1 -> 4 | N8: Lions Head | O8: 95 | R8: 40 | U8: =Q4+T4 -> 710 | V8: =P4+S4 -> 662
B9: DA2477 | C9: 105 | D9: Average | E9: 7 | F9: 0 | G9: 0 | H9: =RANK(G9,$G$3:$G$17)+COUNTIF(G$3:$G9,G9)-1 -> 15 | I9: 0 | J9: =RANK(I9,$I$3:$I$17)+COUNTIF(I$3:$I9,I9)-1 -> 15 | K9: =(E9+J9)/2 -> 11 | L9: =RANK(K9,$K$3:$K$17,1)+COUNTIF(K$3:$K9,K9)-1 -> 12 | N9: Porta | O9: 80 | R9: 35 | V9: =U8-V8 -> 48
A10: CM | B10: DA2568 | C10: 104 | D10: Average | E10: 8 | F10: 206 | G10: 38 | H10: =RANK(G10,$G$3:$G$17)+COUNTIF(G$3:$G10,G10)-1 -> 12 | I10: 89 | J10: =RANK(I10,$I$3:$I$17)+COUNTIF(I$3:$I10,I10)-1 -> 3 | K10: =(E10+J10)/2 -> 5.5 | L10: =RANK(K10,$K$3:$K$17,1)+COUNTIF(K$3:$K10,K10)-1 -> 5
B11: CL7180 | C11: 102 | D11: Below average | E11: 9 | F11: 266 | G11: 55 | H11: =RANK(G11,$G$3:$G$17)+COUNTIF(G$3:$G11,G11)-1 -> 9 | I11: 86 | J11: =RANK(I11,$I$3:$I$17)+COUNTIF(I$3:$I11,I11)-1 -> 13 | K11: =(E11+J11)/2 -> 11 | L11: =RANK(K11,$K$3:$K$17,1)+COUNTIF(K$3:$K11,K11)-1 -> 13
A12: AW | B12: CJ0211 | C12: 101 | D12: Below average | E12: 10 | F12: 524 | G12: 93 | H12: =RANK(G12,$G$3:$G$17)+COUNTIF(G$3:$G12,G12)-1 -> 2 | I12: 88 | J12: =RANK(I12,$I$3:$I$17)+COUNTIF(I$3:$I12,I12)-1 -> 6 | K12: =(E12+J12)/2 -> 8 | L12: =RANK(K12,$K$3:$K$17,1)+COUNTIF(K$3:$K12,K12)-1 -> 7
A13: CM | B13: CL5312 | C13: 98 | D13: Low | E13: 11 | F13: 322 | G13: 68 | H13: =RANK(G13,$G$3:$G$17)+COUNTIF(G$3:$G13,G13)-1 -> 7 | I13: 87 | J13: =RANK(I13,$I$3:$I$17)+COUNTIF(I$3:$I13,I13)-1 -> 10 | K13: =(E13+J13)/2 -> 10.5 | L13: =RANK(K13,$K$3:$K$17,1)+COUNTIF(K$3:$K13,K13)-1 -> 10
A14: CM | B14: CL3033 | C14: 97 | D14: Low | E14: 12 | F14: 246 | G14: 65 | H14: =RANK(G14,$G$3:$G$17)+COUNTIF(G$3:$G14,G14)-1 -> 8 | I14: 88 | J14: =RANK(I14,$I$3:$I$17)+COUNTIF(I$3:$I14,I14)-1 -> 7 | K14: =(E14+J14)/2 -> 9.5 | L14: =RANK(K14,$K$3:$K$17,1)+COUNTIF(K$3:$K14,K14)-1 -> 9
A15: TA | B15: DA0379 | C15: 95 | D15: Low | E15: 13 | F15: 278 | G15: 80 | H15: =RANK(G15,$G$3:$G$17)+COUNTIF(G$3:$G15,G15)-1 -> 4 | I15: 88 | J15: =RANK(I15,$I$3:$I$17)+COUNTIF(I$3:$I15,I15)-1 -> 8 | K15: =(E15+J15)/2 -> 10.5 | L15: =RANK(K15,$K$3:$K$17,1)+COUNTIF(K$3:$K15,K15)-1 -> 11
A16: AW | B16: CJ2150 | C16: 91 | D16: Low | E16: 14 | F16: 214 | G16: 91 | H16: =RANK(G16,$G$3:$G$17)+COUNTIF(G$3:$G16,G16)-1 -> 3 | I16: 87 | J16: =RANK(I16,$I$3:$I$17)+COUNTIF(I$3:$I16,I16)-1 -> 11 | K16: =(E16+J16)/2 -> 12.5 | L16: =RANK(K16,$K$3:$K$17,1)+COUNTIF(K$3:$K16,K16)-1 -> 14
B17: CE6835 | C17: 90 | D17: Low | E17: 15 | F17: 220 | G17: 40 | H17: =RANK(G17,$G$3:$G$17)+COUNTIF(G$3:$G17,G17)-1 -> 10 | I17: 87 | J17: =RANK(I17,$I$3:$I$17)+COUNTIF(I$3:$I17,I17)-1 -> 12 | K17: =(E17+J17)/2 -> 13.5 | L17: =RANK(K17,$K$3:$K$17,1)+COUNTIF(K$3:$K17,K17)-1 -> 15
B20: Sunday | C20: Wednesday
B21: T1 | C21: T2
B24: COMMENT
B25: DA2477 and DA2470 are still not mounting the dummy and we are currently working on them
B26: CL80, CE35,DA38 rested in week 04

Sheet week 06
A1: Collector ID | B1: Boar | C1: TSI | D1: Genetic level | E1: Genetic Rank | F1: Last recorded raw Semen collected (mls) | G1: Last recorded Doses | H1: Dose rank | I1: Last recorded Morphology | J1: Morphology Rank | K1: Overal Grading | L1: Overal Rank | Y1: 45677
O2: Sunday | P2: Sunday | Q2: Sunday | R2: Wed | S2: Wed | T2: Wed
A3: AW | B3: DA2338 | C3: 114 | D3: Average | E3: 1 | F3: 226 | G3: 40 | H3: =RANK(G3,$G$3:$G$17)+COUNTIF(G3:$G$3,G3)-1 -> 10 | I3: 88 | J3: =RANK(I3,$I$3:$I$17)+COUNTIF(I3:$I$3,I3)-1 -> 4 | K3: =(E3+J3)/2 -> 2.5 | L3: =RANK(K3,$K$3:$K$17,1)+COUNTIF(K3:$K$3,K3)-1 -> 2 | O3: required | P3: estimate | Q3: actual | R3: required | S3: estimate | T3: actual
A4: CM | B4: DA1669 | C4: 111 | D4: Average | E4: 2 | F4: 230 | G4: 45 | H4: =RANK(G4,$G$3:$G$17)+COUNTIF(G$3:$G4,G4)-1 -> 9 | I4: 89 | J4: =RANK(I4,$I$3:$I$17)+COUNTIF(I$3:$I4,I4)-1 -> 1 | K4: =(E4+J4)/2 -> 1.5 | L4: =RANK(K4,$K$3:$K$17,1)+COUNTIF(K$3:$K4,K4)-1 -> 1 | N4: total | O4: =SUM(O5:O9) -> 480 | P4: 525 | Q4: 490 | R4: =SUM(R5:R9) -> 175 | S4: 185 | T4: 220
B5: DA2470 | C5: 111 | D5: Average | E5: 3 | F5: 0 | G5: 0 | H5: =RANK(G5,$G$3:$G$17)+COUNTIF(G$3:$G5,G5)-1 -> 14 | I5: 0 | J5: =RANK(I5,$I$3:$I$17)+COUNTIF(I$3:$I5,I5)-1 -> 14 | K5: =(E5+J5)/2 -> 8.5 | L5: =RANK(K5,$K$3:$K$17,1)+COUNTIF(K$3:$K5,K5)-1 -> 6 | N5: grasmere | O5: 180 | R5: 60
A6: CM | B6: DA1130 | C6: 107 | D6: Average | E6: 4 | F6: 548 | G6: 77 | H6: =RANK(G6,$G$3:$G$17)+COUNTIF(G$3:$G6,G6)-1 -> 3 | I6: 89 | J6: =RANK(I6,$I$3:$I$17)+COUNTIF(I$3:$I6,I6)-1 -> 2 | K6: =(E6+J6)/2 -> 3 | L6: =RANK(K6,$K$3:$K$17,1)+COUNTIF(K$3:$K6,K6)-1 -> 3 | N6: richlands | O6: 85 | R6: 35
A7: CM | B7: DA1721 | C7: 107 | D7: Average | E7: 5 | F7: 186 | G7: 40 | H7: =RANK(G7,$G$3:$G$17)+COUNTIF(G$3:$G7,G7)-1 -> 11 | I7: 88 | J7: =RANK(I7,$I$3:$I$17)+COUNTIF(I$3:$I7,I7)-1 -> 5 | K7: =(E7+J7)/2 -> 5 | L7: =RANK(K7,$K$3:$K$17,1)+COUNTIF(K$3:$K7,K7)-1 -> 5 | N7: Villa | O7: 40 | R7: 10 | U7: Actual total | V7: estimated
A8: AW | B8: DA1627 | C8: 106 | D8: Average | E8: 6 | F8: 294 | G8: 51 | H8: =RANK(G8,$G$3:$G$17)+COUNTIF(G$3:$G8,G8)-1 -> 8 | I8: 89 | J8: =RANK(I8,$I$3:$I$17)+COUNTIF(I$3:$I8,I8)-1 -> 3 | K8: =(E8+J8)/2 -> 4.5 | L8: =RANK(K8,$K$3:$K$17,1)+COUNTIF(K$3:$K8,K8)-1 -> 4 | N8: Lions Head | O8: 95 | R8: 40 | U8: =Q4+T4 -> 710 | V8: =P4+S4 -> 710
B9: DA2477 | C9: 105 | D9: Average | E9: 7 | F9: 0 | G9: 0 | H9: =RANK(G9,$G$3:$G$17)+COUNTIF(G$3:$G9,G9)-1 -> 15 | I9: 0 | J9: =RANK(I9,$I$3:$I$17)+COUNTIF(I$3:$I9,I9)-1 -> 15 | K9: =(E9+J9)/2 -> 11 | L9: =RANK(K9,$K$3:$K$17,1)+COUNTIF(K$3:$K9,K9)-1 -> 12 | N9: Porta | O9: 80 | R9: 30 | V9: =U8-V8 -> 0
A10: AW | B10: DA2568 | C10: 104 | D10: Average | E10: 8 | F10: 238 | G10: 52 | H10: =RANK(G10,$G$3:$G$17)+COUNTIF(G$3:$G10,G10)-1 -> 7 | I10: 87 | J10: =RANK(I10,$I$3:$I$17)+COUNTIF(I$3:$I10,I10)-1 -> 9 | K10: =(E10+J10)/2 -> 8.5 | L10: =RANK(K10,$K$3:$K$17,1)+COUNTIF(K$3:$K10,K10)-1 -> 7
A11: CM | B11: CL7180 | C11: 102 | D11: Below average | E11: 9 | F11: 201 | G11: 69 | H11: =RANK(G11,$G$3:$G$17)+COUNTIF(G$3:$G11,G11)-1 -> 4 | I11: 87 | J11: =RANK(I11,$I$3:$I$17)+COUNTIF(I$3:$I11,I11)-1 -> 10 | K11: =(E11+J11)/2 -> 9.5 | L11: =RANK(K11,$K$3:$K$17,1)+COUNTIF(K$3:$K11,K11)-1 -> 9
A12: AW | B12: CJ0211 | C12: 101 | D12: Below average | E12: 10 | F12: 594 | G12: 69 | H12: =RANK(G12,$G$3:$G$17)+COUNTIF(G$3:$G12,G12)-1 -> 5 | I12: 87 | J12: =RANK(I12,$I$3:$I$17)+COUNTIF(I$3:$I12,I12)-1 -> 11 | K12: =(E12+J12)/2 -> 10.5 | L12: =RANK(K12,$K$3:$K$17,1)+COUNTIF(K$3:$K12,K12)-1 -> 11
A13: AW | B13: CL5312 | C13: 98 | D13: Low | E13: 11 | F13: 354 | G13: 33 | H13: =RANK(G13,$G$3:$G$17)+COUNTIF(G$3:$G13,G13)-1 -> 13 | I13: 88 | J13: =RANK(I13,$I$3:$I$17)+COUNTIF(I$3:$I13,I13)-1 -> 6 | K13: =(E13+J13)/2 -> 8.5 | L13: =RANK(K13,$K$3:$K$17,1)+COUNTIF(K$3:$K13,K13)-1 -> 8
A14: CM | B14: CL3033 | C14: 97 | D14: Low | E14: 12 | F14: 360 | G14: 84 | H14: =RANK(G14,$G$3:$G$17)+COUNTIF(G$3:$G14,G14)-1 -> 1 | I14: 86 | J14: =RANK(I14,$I$3:$I$17)+COUNTIF(I$3:$I14,I14)-1 -> 13 | K14: =(E14+J14)/2 -> 12.5 | L14: =RANK(K14,$K$3:$K$17,1)+COUNTIF(K$3:$K14,K14)-1 -> 14
A15: TA | B15: DA0379 | C15: 95 | D15: Low | E15: 13 | F15: 288 | G15: 66 | H15: =RANK(G15,$G$3:$G$17)+COUNTIF(G$3:$G15,G15)-1 -> 6 | I15: 88 | J15: =RANK(I15,$I$3:$I$17)+COUNTIF(I$3:$I15,I15)-1 -> 7 | K15: =(E15+J15)/2 -> 10 | L15: =RANK(K15,$K$3:$K$17,1)+COUNTIF(K$3:$K15,K15)-1 -> 10
A16: CM | B16: CJ2150 | C16: 91 | D16: Low | E16: 14 | F16: 278 | G16: 84 | H16: =RANK(G16,$G$3:$G$17)+COUNTIF(G$3:$G16,G16)-1 -> 2 | I16: 87 | J16: =RANK(I16,$I$3:$I$17)+COUNTIF(I$3:$I16,I16)-1 -> 12 | K16: =(E16+J16)/2 -> 13 | L16: =RANK(K16,$K$3:$K$17,1)+COUNTIF(K$3:$K16,K16)-1 -> 15
B17: CE6835 | C17: 90 | D17: Low | E17: 15 | F17: 220 | G17: 40 | H17: =RANK(G17,$G$3:$G$17)+COUNTIF(G$3:$G17,G17)-1 -> 12 | I17: 88 | J17: =RANK(I17,$I$3:$I$17)+COUNTIF(I$3:$I17,I17)-1 -> 8 | K17: =(E17+J17)/2 -> 11.5 | L17: =RANK(K17,$K$3:$K$17,1)+COUNTIF(K$3:$K17,K17)-1 -> 13
B20: Sunday | C20: Wednesday
B21: T1 | C21: T2
B24: COMMENT
B25: DA2477 and DA2470 are still not mounting the dummy and we are currently working on them
B26: DA21 rested in week 05

Sheet week 07
A1: Collector ID | B1: Boar | C1: TSI | D1: Genetic level | E1: Genetic Rank | F1: Last recorded raw Semen collected (mls) | G1: Last recorded Doses | H1: Dose rank | I1: Last recorded Morphology | J1: Morphology Rank | K1: Overal Grading | L1: Overal Rank | Y1: 45677
O2: Sunday | P2: Sunday | Q2: Sunday | R2: Wed | S2: Wed | T2: Wed
A3: TA | B3: DA2338 | C3: 114 | D3: Average | E3: 1 | F3: 210 | G3: 50 | H3: =RANK(G3,$G$3:$G$17)+COUNTIF(G3:$G$3,G3)-1 -> 10 | I3: 88 | J3: =RANK(I3,$I$3:$I$17)+COUNTIF(I3:$I$3,I3)-1 -> 2 | K3: =(E3+J3)/2 -> 1.5 | L3: =RANK(K3,$K$3:$K$17,1)+COUNTIF(K3:$K$3,K3)-1 -> 1 | O3: required | P3: estimate | Q3: actual | R3: required | S3: estimate | T3: actual
A4: AW | B4: DA1669 | C4: 111 | D4: Average | E4: 2 | F4: 336 | G4: 79 | H4: =RANK(G4,$G$3:$G$17)+COUNTIF(G$3:$G4,G4)-1 -> 5 | I4: 87 | J4: =RANK(I4,$I$3:$I$17)+COUNTIF(I$3:$I4,I4)-1 -> 8 | K4: =(E4+J4)/2 -> 5 | L4: =RANK(K4,$K$3:$K$17,1)+COUNTIF(K$3:$K4,K4)-1 -> 5 | N4: total | O4: =SUM(O5:O9) -> 480 | P4: 490 | Q4: 534 | R4: =SUM(R5:R9) -> 175 | S4: 220
A5: AW | B5: DA2470 | C5: 111 | D5: Average | E5: 3 | F5: 156 | G5: 21 | H5: =RANK(G5,$G$3:$G$17)+COUNTIF(G$3:$G5,G5)-1 -> 14 | I5: 88 | J5: =RANK(I5,$I$3:$I$17)+COUNTIF(I$3:$I5,I5)-1 -> 3 | K5: =(E5+J5)/2 -> 3 | L5: =RANK(K5,$K$3:$K$17,1)+COUNTIF(K$3:$K5,K5)-1 -> 3 | N5: grasmere | O5: 180 | R5: 60
A6: CM | B6: DA1130 | C6: 107 | D6: Average | E6: 4 | F6: 420 | G6: 92 | H6: =RANK(G6,$G$3:$G$17)+COUNTIF(G$3:$G6,G6)-1 -> 1 | I6: 89 | J6: =RANK(I6,$I$3:$I$17)+COUNTIF(I$3:$I6,I6)-1 -> 1 | K6: =(E6+J6)/2 -> 2.5 | L6: =RANK(K6,$K$3:$K$17,1)+COUNTIF(K$3:$K6,K6)-1 -> 2 | N6: richlands | O6: 85 | R6: 35
A7: CM | B7: DA1721 | C7: 107 | D7: Average | E7: 5 | F7: 186 | G7: 40 | H7: =RANK(G7,$G$3:$G$17)+COUNTIF(G$3:$G7,G7)-1 -> 12 | I7: 88 | J7: =RANK(I7,$I$3:$I$17)+COUNTIF(I$3:$I7,I7)-1 -> 4 | K7: =(E7+J7)/2 -> 4.5 | L7: =RANK(K7,$K$3:$K$17,1)+COUNTIF(K$3:$K7,K7)-1 -> 4 | N7: Villa | O7: 40 | R7: 10 | U7: Actual total | V7: estimated
A8: TA | B8: DA1627 | C8: 106 | D8: Average | E8: 6 | F8: 288 | G8: 69 | H8: =RANK(G8,$G$3:$G$17)+COUNTIF(G$3:$G8,G8)-1 -> 7 | I8: 88 | J8: =RANK(I8,$I$3:$I$17)+COUNTIF(I$3:$I8,I8)-1 -> 5 | K8: =(E8+J8)/2 -> 5.5 | L8: =RANK(K8,$K$3:$K$17,1)+COUNTIF(K$3:$K8,K8)-1 -> 6 | N8: Lions Head | O8: 95 | R8: 40 | U8: =Q4+T4 -> 534 | V8: =P4+S4 -> 710
B9: DA2477 | C9: 105 | D9: Average | E9: 7 | F9: 0 | G9: 0 | H9: =RANK(G9,$G$3:$G$17)+COUNTIF(G$3:$G9,G9)-1 -> 15 | I9: 0 | J9: =RANK(I9,$I$3:$I$17)+COUNTIF(I$3:$I9,I9)-1 -> 15 | K9: =(E9+J9)/2 -> 11 | L9: =RANK(K9,$K$3:$K$17,1)+COUNTIF(K$3:$K9,K9)-1 -> 10 | N9: Porta | O9: 80 | R9: 30 | V9: =U8-V8 -> -176
A10: TA | B10: DA2568 | C10: 104 | D10: Average | E10: 8 | F10: 270 | G10: 79 | H10: =RANK(G10,$G$3:$G$17)+COUNTIF(G$3:$G10,G10)-1 -> 6 | I10: 87 | J10: =RANK(I10,$I$3:$I$17)+COUNTIF(I$3:$I10,I10)-1 -> 9 | K10: =(E10+J10)/2 -> 8.5 | L10: =RANK(K10,$K$3:$K$17,1)+COUNTIF(K$3:$K10,K10)-1 -> 8
A11: CM | B11: CL7180 | C11: 102 | D11: Below average | E11: 9 | F11: 296 | G11: 46 | H11: =RANK(G11,$G$3:$G$17)+COUNTIF(G$3:$G11,G11)-1 -> 11 | I11: 87 | J11: =RANK(I11,$I$3:$I$17)+COUNTIF(I$3:$I11,I11)-1 -> 10 | K11: =(E11+J11)/2 -> 9.5 | L11: =RANK(K11,$K$3:$K$17,1)+COUNTIF(K$3:$K11,K11)-1 -> 9
A12: TA | B12: CJ0211 | C12: 101 | D12: Below average | E12: 10 | F12: 458 | G12: 89 | H12: =RANK(G12,$G$3:$G$17)+COUNTIF(G$3:$G12,G12)-1 -> 2 | I12: 88 | J12: =RANK(I12,$I$3:$I$17)+COUNTIF(I$3:$I12,I12)-1 -> 6 | K12: =(E12+J12)/2 -> 8 | L12: =RANK(K12,$K$3:$K$17,1)+COUNTIF(K$3:$K12,K12)-1 -> 7
A13: CM | B13: CL5312 | C13: 98 | D13: Low | E13: 11 | F13: 330 | G13: 68 | H13: =RANK(G13,$G$3:$G$17)+COUNTIF(G$3:$G13,G13)-1 -> 8 | I13: 87 | J13: =RANK(I13,$I$3:$I$17)+COUNTIF(I$3:$I13,I13)-1 -> 11 | K13: =(E13+J13)/2 -> 11 | L13: =RANK(K13,$K$3:$K$17,1)+COUNTIF(K$3:$K13,K13)-1 -> 11
A14: CM | B14: CL3033 | C14: 97 | D14: Low | E14: 12 | F14: 416 | G14: 87 | H14: =RANK(G14,$G$3:$G$17)+COUNTIF(G$3:$G14,G14)-1 -> 3 | I14: 87 | J14: =RANK(I14,$I$3:$I$17)+COUNTIF(I$3:$I14,I14)-1 -> 12 | K14: =(E14+J14)/2 -> 12 | L14: =RANK(K14,$K$3:$K$17,1)+COUNTIF(K$3:$K14,K14)-1 -> 13
A15: AW | B15: DA0379 | C15: 95 | D15: Low | E15: 13 | F15: 268 | G15: 59 | H15: =RANK(G15,$G$3:$G$17)+COUNTIF(G$3:$G15,G15)-1 -> 9 | I15: 86 | J15: =RANK(I15,$I$3:$I$17)+COUNTIF(I$3:$I15,I15)-1 -> 14 | K15: =(E15+J15)/2 -> 13.5 | L15: =RANK(K15,$K$3:$K$17,1)+COUNTIF(K$3:$K15,K15)-1 -> 14
A16: CM | B16: CJ2150 | C16: 91 | D16: Low | E16: 14 | F16: 278 | G16: 84 | H16: =RANK(G16,$G$3:$G$17)+COUNTIF(G$3:$G16,G16)-1 -> 4 | I16: 87 | J16: =RANK(I16,$I$3:$I$17)+COUNTIF(I$3:$I16,I16)-1 -> 13 | K16: =(E16+J16)/2 -> 13.5 | L16: =RANK(K16,$K$3:$K$17,1)+COUNTIF(K$3:$K16,K16)-1 -> 15
B17: CE6835 | C17: 90 | D17: Low | E17: 15 | F17: 220 | G17: 40 | H17: =RANK(G17,$G$3:$G$17)+COUNTIF(G$3:$G17,G17)-1 -> 13 | I17: 88 | J17: =RANK(I17,$I$3:$I$17)+COUNTIF(I$3:$I17,I17)-1 -> 7 | K17: =(E17+J17)/2 -> 11 | L17: =RANK(K17,$K$3:$K$17,1)+COUNTIF(K$3:$K17,K17)-1 -> 12
B20: Sunday | C20: Wednesday
B21: T1 | C21: T2
B24: COMMENT

Sheet week 08
A1: Collector ID | B1: Boar | C1: TSI | D1: Genetic level | E1: Genetic Rank | F1: Last recorded raw Semen collected (mls) | G1: Last recorded Doses | H1: Dose rank | I1: Last recorded Morphology | J1: Morphology Rank | K1: Overal Grading | L1: Overal Rank | Y1: 45677
O2: Sunday | P2: Sunday | Q2: Sunday | R2: Wed | S2: Wed | T2: Wed
B3: DA2338 | C3: 114 | D3: Average | E3: 1 | H3: =RANK(G3,$G$3:$G$17)+COUNTIF(G3:$G$3,G3)-1 -> 13 | J3: =RANK(I3,$I$3:$I$17)+COUNTIF(I3:$I$3,I3)-1 -> 13 | K3: =(E3+J3)/2 -> 7 | L3: =RANK(K3,$K$3:$K$17,1)+COUNTIF(K3:$K$3,K3)-1 -> 6 | O3: required | P3: estimate | Q3: actual | R3: required | S3: estimate | T3: actual
A4: TA | B4: DA1669 | C4: 111 | D4: Average | E4: 2 | F4: 352 | G4: 84 | H4: =RANK(G4,$G$3:$G$17)+COUNTIF(G$3:$G4,G4)-1 -> 6 | I4: 89 | J4: =RANK(I4,$I$3:$I$17)+COUNTIF(I$3:$I4,I4)-1 -> 1 | K4: =(E4+J4)/2 -> 1.5 | L4: =RANK(K4,$K$3:$K$17,1)+COUNTIF(K$3:$K4,K4)-1 -> 1 | N4: total | O4: =SUM(O5:O9) -> 480 | P4: 534 | Q4: 619 | R4: =SUM(R5:R9) -> 175 | S4: 205 | T4: 210
A5: TA | B5: DA2470 | C5: 111 | D5: Average | E5: 3 | F5: 106 | G5: 12 | H5: =RANK(G5,$G$3:$G$17)+COUNTIF(G$3:$G5,G5)-1 -> 13 | I5: 88 | J5: =RANK(I5,$I$3:$I$17)+COUNTIF(I$3:$I5,I5)-1 -> 4 | K5: =(E5+J5)/2 -> 3.5 | L5: =RANK(K5,$K$3:$K$17,1)+COUNTIF(K$3:$K5,K5)-1 -> 2 | N5: grasmere | O5: 180 | R5: 60
A6: AW | B6: DA1130 | C6: 107 | D6: Average | E6: 4 | F6: 626 | G6: 125 | H6: =RANK(G6,$G$3:$G$17)+COUNTIF(G$3:$G6,G6)-1 -> 1 | I6: 88 | J6: =RANK(I6,$I$3:$I$17)+COUNTIF(I$3:$I6,I6)-1 -> 5 | K6: =(E6+J6)/2 -> 4.5 | L6: =RANK(K6,$K$3:$K$17,1)+COUNTIF(K$3:$K6,K6)-1 -> 3 | N6: richlands | O6: 85 | R6: 35
A7: TA | B7: DA1721 | C7: 107 | D7: Average | E7: 5 | F7: 362 | G7: 59 | H7: =RANK(G7,$G$3:$G$17)+COUNTIF(G$3:$G7,G7)-1 -> 9 | I7: 87 | J7: =RANK(I7,$I$3:$I$17)+COUNTIF(I$3:$I7,I7)-1 -> 10 | K7: =(E7+J7)/2 -> 7.5 | L7: =RANK(K7,$K$3:$K$17,1)+COUNTIF(K$3:$K7,K7)-1 -> 7 | N7: Villa | O7: 40 | R7: 10 | U7: Actual total | V7: estimated
A8: TA | B8: DA1627 | C8: 106 | D8: Average | E8: 6 | F8: 280 | G8: 95 | H8: =RANK(G8,$G$3:$G$17)+COUNTIF(G$3:$G8,G8)-1 -> 4 | I8: 88 | J8: =RANK(I8,$I$3:$I$17)+COUNTIF(I$3:$I8,I8)-1 -> 6 | K8: =(E8+J8)/2 -> 6 | L8: =RANK(K8,$K$3:$K$17,1)+COUNTIF(K$3:$K8,K8)-1 -> 5 | N8: Lions Head | O8: 95 | R8: 40 | U8: =Q4+T4 -> 829 | V8: =P4+S4 -> 739
B9: DA2477 | C9: 105 | D9: Average | E9: 7 | F9: 0 | G9: 0 | H9: =RANK(G9,$G$3:$G$17)+COUNTIF(G$3:$G9,G9)-1 -> 14 | I9: 0 | J9: =RANK(I9,$I$3:$I$17)+COUNTIF(I$3:$I9,I9)-1 -> 14 | K9: =(E9+J9)/2 -> 10.5 | L9: =RANK(K9,$K$3:$K$17,1)+COUNTIF(K$3:$K9,K9)-1 -> 11 | N9: Porta | O9: 80 | R9: 30 | V9: =U8-V8 -> 90
A10: TA | B10: DA2568 | C10: 104 | D10: Average | E10: 8 | F10: 238 | G10: 44 | H10: =RANK(G10,$G$3:$G$17)+COUNTIF(G$3:$G10,G10)-1 -> 12 | I10: 86 | J10: =RANK(I10,$I$3:$I$17)+COUNTIF(I$3:$I10,I10)-1 -> 13 | K10: =(E10+J10)/2 -> 10.5 | L10: =RANK(K10,$K$3:$K$17,1)+COUNTIF(K$3:$K10,K10)-1 -> 12
A11: CM | B11: CL7180 | C11: 102 | D11: Below average | E11: 9 | F11: 346 | G11: 67 | H11: =RANK(G11,$G$3:$G$17)+COUNTIF(G$3:$G11,G11)-1 -> 8 | I11: 89 | J11: =RANK(I11,$I$3:$I$17)+COUNTIF(I$3:$I11,I11)-1 -> 2 | K11: =(E11+J11)/2 -> 5.5 | L11: =RANK(K11,$K$3:$K$17,1)+COUNTIF(K$3:$K11,K11)-1 -> 4
A12: AW | B12: CJ0211 | C12: 101 | D12: Below average | E12: 10 | F12: 572 | G12: 95 | H12: =RANK(G12,$G$3:$G$17)+COUNTIF(G$3:$G12,G12)-1 -> 5 | I12: 87 | J12: =RANK(I12,$I$3:$I$17)+COUNTIF(I$3:$I12,I12)-1 -> 11 | K12: =(E12+J12)/2 -> 10.5 | L12: =RANK(K12,$K$3:$K$17,1)+COUNTIF(K$3:$K12,K12)-1 -> 13
A13: CM | B13: CL5312 | C13: 98 | D13: Low | E13: 11 | F13: 180 | G13: 47 | H13: =RANK(G13,$G$3:$G$17)+COUNTIF(G$3:$G13,G13)-1 -> 11 | I13: 88 | J13: =RANK(I13,$I$3:$I$17)+COUNTIF(I$3:$I13,I13)-1 -> 7 | K13: =(E13+J13)/2 -> 9 | L13: =RANK(K13,$K$3:$K$17,1)+COUNTIF(K$3:$K13,K13)-1 -> 8
A14: AW | B14: CL3033 | C14: 97 | D14: Low | E14: 12 | F14: 442 | G14: 102 | H14: =RANK(G14,$G$3:$G$17)+COUNTIF(G$3:$G14,G14)-1 -> 2 | I14: 88 | J14: =RANK(I14,$I$3:$I$17)+COUNTIF(I$3:$I14,I14)-1 -> 8 | K14: =(E14+J14)/2 -> 10 | L14: =RANK(K14,$K$3:$K$17,1)+COUNTIF(K$3:$K14,K14)-1 -> 10
A15: TA | B15: DA0379 | C15: 95 | D15: Low | E15: 13 | F15: 336 | G15: 99 | H15: =RANK(G15,$G$3:$G$17)+COUNTIF(G$3:$G15,G15)-1 -> 3 | I15: 87 | J15: =RANK(I15,$I$3:$I$17)+COUNTIF(I$3:$I15,I15)-1 -> 12 | K15: =(E15+J15)/2 -> 12.5 | L15: =RANK(K15,$K$3:$K$17,1)+COUNTIF(K$3:$K15,K15)-1 -> 15
A16: CM | B16: CJ2150 | C16: 91 | D16: Low | E16: 14 | F16: 278 | G16: 84 | H16: =RANK(G16,$G$3:$G$17)+COUNTIF(G$3:$G16,G16)-1 -> 7 | I16: 88 | J16: =RANK(I16,$I$3:$I$17)+COUNTIF(I$3:$I16,I16)-1 -> 9 | K16: =(E16+J16)/2 -> 11.5 | L16: =RANK(K16,$K$3:$K$17,1)+COUNTIF(K$3:$K16,K16)-1 -> 14
A17: AW | B17: CE6835 | C17: 90 | D17: Low | E17: 15 | F17: 201 | G17: 48 | H17: =RANK(G17,$G$3:$G$17)+COUNTIF(G$3:$G17,G17)-1 -> 10 | I17: 89 | J17: =RANK(I17,$I$3:$I$17)+COUNTIF(I$3:$I17,I17)-1 -> 3 | K17: =(E17+J17)/2 -> 9 | L17: =RANK(K17,$K$3:$K$17,1)+COUNTIF(K$3:$K17,K17)-1 -> 9
B20: Sunday | C20: Wednesday
B21: T1 | C21: T2
B24: COMMENT

Sheet week 09
A1: Collector ID | B1: Boar | C1: TSI | D1: Genetic level | E1: Genetic Rank | F1: Last recorded raw Semen collected (mls) | G1: Last recorded Doses | H1: Dose rank | I1: Last recorded Morphology | J1: Morphology Rank | K1: Overal Grading | L1: Overal Rank | Y1: 45677
O2: Sunday | P2: Sunday | Q2: Sunday | R2: Wed | S2: Wed | T2: Wed
O3: required | P3: estimate | Q3: actual | R3: required | S3: estimate | T3: actual
A4: AW | B4: DA1669 | C4: 111 | D4: Average | E4: 2 | F4: 388 | G4: 55 | H4: =RANK(G4,$G$3:$G$17)+COUNTIF(G$3:$G4,G4)-1 -> 8 | I4: 87 | J4: =RANK(I4,$I$3:$I$17)+COUNTIF(I$3:$I4,I4)-1 -> 9 | K4: =(E4+J4)/2 -> 5.5 | L4: =RANK(K4,$K$3:$K$17,1)+COUNTIF(K$3:$K4,K4)-1 -> 3 | N4: total | O4: =SUM(O5:O9) -> 480 | P4: 619 | Q4: 483 | R4: =SUM(R5:R9) -> 175 | S4: 210 | T4: 239
A5: TA | B5: DA2470 | C5: 111 | D5: Average | E5: 3 | F5: 265 | G5: 34 | H5: =RANK(G5,$G$3:$G$17)+COUNTIF(G$3:$G5,G5)-1 -> 12 | I5: 88 | J5: =RANK(I5,$I$3:$I$17)+COUNTIF(I$3:$I5,I5)-1 -> 5 | K5: =(E5+J5)/2 -> 4 | L5: =RANK(K5,$K$3:$K$17,1)+COUNTIF(K$3:$K5,K5)-1 -> 2 | N5: grasmere | O5: 180 | R5: 60
A6: CM | B6: DA1130 | C6: 107 | D6: Average | E6: 4 | F6: 706 | G6: 88 | H6: =RANK(G6,$G$3:$G$17)+COUNTIF(G$3:$G6,G6)-1 -> 3 | I6: 89 | J6: =RANK(I6,$I$3:$I$17)+COUNTIF(I$3:$I6,I6)-1 -> 2 | K6: =(E6+J6)/2 -> 3 | L6: =RANK(K6,$K$3:$K$17,1)+COUNTIF(K$3:$K6,K6)-1 -> 1 | N6: richlands | O6: 85 | R6: 35
A7: CM | B7: DA1721 | C7: 107 | D7: Average | E7: 5 | F7: 158 | G7: 36 | H7: =RANK(G7,$G$3:$G$17)+COUNTIF(G$3:$G7,G7)-1 -> 11 | I7: 88 | J7: =RANK(I7,$I$3:$I$17)+COUNTIF(I$3:$I7,I7)-1 -> 6 | K7: =(E7+J7)/2 -> 5.5 | L7: =RANK(K7,$K$3:$K$17,1)+COUNTIF(K$3:$K7,K7)-1 -> 4 | N7: Villa | O7: 40 | R7: 10 | U7: Actual total | V7: estimated
A8: TA | B8: DA1627 | C8: 106 | D8: Average | E8: 6 | F8: 270 | G8: 45 | H8: =RANK(G8,$G$3:$G$17)+COUNTIF(G$3:$G8,G8)-1 -> 9 | I8: 87 | J8: =RANK(I8,$I$3:$I$17)+COUNTIF(I$3:$I8,I8)-1 -> 10 | K8: =(E8+J8)/2 -> 8 | L8: =RANK(K8,$K$3:$K$17,1)+COUNTIF(K$3:$K8,K8)-1 -> 7 | N8: Lions Head | O8: 95 | R8: 40 | U8: =Q4+T4 -> 722 | V8: =P4+S4 -> 829
B9: DA2477 | C9: 105 | D9: Average | E9: 7 | F9: 0 | G9: 0 | H9: =RANK(G9,$G$3:$G$17)+COUNTIF(G$3:$G9,G9)-1 -> 14 | I9: 0 | J9: =RANK(I9,$I$3:$I$17)+COUNTIF(I$3:$I9,I9)-1 -> 14 | K9: =(E9+J9)/2 -> 10.5 | L9: =RANK(K9,$K$3:$K$17,1)+COUNTIF(K$3:$K9,K9)-1 -> 12 | N9: Porta | O9: 80 | R9: 30 | V9: =U8-V8 -> -107
A10: TA | B10: DA2568 | C10: 104 | D10: Average | E10: 8 | F10: 170 | G10: 34 | H10: =RANK(G10,$G$3:$G$17)+COUNTIF(G$3:$G10,G10)-1 -> 13 | I10: 86 | J10: =RANK(I10,$I$3:$I$17)+COUNTIF(I$3:$I10,I10)-1 -> 13 | K10: =(E10+J10)/2 -> 10.5 | L10: =RANK(K10,$K$3:$K$17,1)+COUNTIF(K$3:$K10,K10)-1 -> 13
A11: AW | B11: CL7180 | C11: 102 | D11: Below average | E11: 9 | F11: 344 | G11: 58 | H11: =RANK(G11,$G$3:$G$17)+COUNTIF(G$3:$G11,G11)-1 -> 7 | I11: 87 | J11: =RANK(I11,$I$3:$I$17)+COUNTIF(I$3:$I11,I11)-1 -> 11 | K11: =(E11+J11)/2 -> 10 | L11: =RANK(K11,$K$3:$K$17,1)+COUNTIF(K$3:$K11,K11)-1 -> 10
A12: TA | B12: CJ0211 | C12: 101 | D12: Below average | E12: 10 | F12: 552 | G12: 100 | H12: =RANK(G12,$G$3:$G$17)+COUNTIF(G$3:$G12,G12)-1 -> 2 | I12: 88 | J12: =RANK(I12,$I$3:$I$17)+COUNTIF(I$3:$I12,I12)-1 -> 7 | K12: =(E12+J12)/2 -> 8.5 | L12: =RANK(K12,$K$3:$K$17,1)+COUNTIF(K$3:$K12,K12)-1 -> 8
A13: AW | B13: CL5312 | C13: 98 | D13: Low | E13: 11 | F13: 362 | G13: 59 | H13: =RANK(G13,$G$3:$G$17)+COUNTIF(G$3:$G13,G13)-1 -> 6 | I13: 89 | J13: =RANK(I13,$I$3:$I$17)+COUNTIF(I$3:$I13,I13)-1 -> 3 | K13: =(E13+J13)/2 -> 7 | L13: =RANK(K13,$K$3:$K$17,1)+COUNTIF(K$3:$K13,K13)-1 -> 5
A14: CM | B14: CL3033 | C14: 97 | D14: Low | E14: 12 | F14: 434 | G14: 101 | H14: =RANK(G14,$G$3:$G$17)+COUNTIF(G$3:$G14,G14)-1 -> 1 | I14: 88 | J14: =RANK(I14,$I$3:$I$17)+COUNTIF(I$3:$I14,I14)-1 -> 8 | K14: =(E14+J14)/2 -> 10 | L14: =RANK(K14,$K$3:$K$17,1)+COUNTIF(K$3:$K14,K14)-1 -> 11
A15: TA | B15: DA0379 | C15: 95 | D15: Low | E15: 13 | F15: 270 | G15: 45 | H15: =RANK(G15,$G$3:$G$17)+COUNTIF(G$3:$G15,G15)-1 -> 10 | I15: 89 | J15: =RANK(I15,$I$3:$I$17)+COUNTIF(I$3:$I15,I15)-1 -> 4 | K15: =(E15+J15)/2 -> 8.5 | L15: =RANK(K15,$K$3:$K$17,1)+COUNTIF(K$3:$K15,K15)-1 -> 9
A16: CM | B16: CJ2150 | C16: 91 | D16: Low | E16: 14 | F16: 278 | G16: 84 | H16: =RANK(G16,$G$3:$G$17)+COUNTIF(G$3:$G16,G16)-1 -> 4 | I16: 90 | J16: =RANK(I16,$I$3:$I$17)+COUNTIF(I$3:$I16,I16)-1 -> 1 | K16: =(E16+J16)/2 -> 7.5 | L16: =RANK(K16,$K$3:$K$17,1)+COUNTIF(K$3:$K16,K16)-1 -> 6
A17: AW | B17: CE6835 | C17: 90 | D17: Low | E17: 15 | F17: 212 | G17: 67 | H17: =RANK(G17,$G$3:$G$17)+COUNTIF(G$3:$G17,G17)-1 -> 5 | I17: 87 | J17: =RANK(I17,$I$3:$I$17)+COUNTIF(I$3:$I17,I17)-1 -> 12 | K17: =(E17+J17)/2 -> 13.5 | L17: =RANK(K17,$K$3:$K$17,1)+COUNTIF(K$3:$K17,K17)-1 -> 14
B20: Sunday | C20: Wednesday
B21: T1 | C21: T2
B24: COMMENT

Sheet week 10
A1: Collector ID | B1: Boar | C1: TSI | D1: Genetic level | E1: Genetic Rank | F1: Last recorded raw Semen collected (mls) | G1: Last recorded Doses | H1: Dose rank | I1: Last recorded Morphology | J1: Morphology Rank | K1: Overal Grading | L1: Overal Rank | Y1: 45677
O2: Sunday | P2: Sunday | Q2: Sunday | R2: Wed | S2: Wed | T2: Wed
O3: required | P3: estimate | Q3: actual | R3: required | S3: estimate | T3: actual
A4: AW | B4: DA1669 | C4: 111 | D4: Average | E4: 2 | F4: 388 | G4: 55 | H4: =RANK(G4,$G$3:$G$17)+COUNTIF(G$3:$G4,G4)-1 -> 9 | I4: 88 | J4: =RANK(I4,$I$3:$I$17)+COUNTIF(I$3:$I4,I4)-1 -> 2 | K4: =(E4+J4)/2 -> 2 | L4: =RANK(K4,$K$3:$K$17,1)+COUNTIF(K$3:$K4,K4)-1 -> 1 | N4: total | O4: =SUM(O5:O9) -> 480 | P4: 483 | Q4: 497 | R4: =SUM(R5:R9) -> 175 | S4: 239
A5: AW | B5: DA2470 | C5: 111 | D5: Average | E5: 3 | F5: 164 | G5: 39 | H5: =RANK(G5,$G$3:$G$17)+COUNTIF(G$3:$G5,G5)-1 -> 11 | I5: 87 | J5: =RANK(I5,$I$3:$I$17)+COUNTIF(I$3:$I5,I5)-1 -> 7 | K5: =(E5+J5)/2 -> 5 | L5: =RANK(K5,$K$3:$K$17,1)+COUNTIF(K$3:$K5,K5)-1 -> 3 | N5: grasmere | O5: 180 | R5: 60
A6: AW | B6: DA1130 | C6: 107 | D6: Average | E6: 4 | F6: 574 | G6: 67 | H6: =RANK(G6,$G$3:$G$17)+COUNTIF(G$3:$G6,G6)-1 -> 6 | I6: 86 | J6: =RANK(I6,$I$3:$I$17)+COUNTIF(I$3:$I6,I6)-1 -> 12 | K6: =(E6+J6)/2 -> 8 | L6: =RANK(K6,$K$3:$K$17,1)+COUNTIF(K$3:$K6,K6)-1 -> 7 | N6: richlands | O6: 85 | R6: 35
A7: TA | B7: DA1721 | C7: 107 | D7: Average | E7: 5 | F7: 338 | G7: 83 | H7: =RANK(G7,$G$3:$G$17)+COUNTIF(G$3:$G7,G7)-1 -> 3 | I7: 87 | J7: =RANK(I7,$I$3:$I$17)+COUNTIF(I$3:$I7,I7)-1 -> 8 | K7: =(E7+J7)/2 -> 6.5 | L7: =RANK(K7,$K$3:$K$17,1)+COUNTIF(K$3:$K7,K7)-1 -> 4 | N7: Villa | O7: 40 | R7: 10 | U7: Actual total | V7: estimated
A8: AW | B8: DA1627 | C8: 106 | D8: Average | E8: 6 | F8: 150 | G8: 29 | H8: =RANK(G8,$G$3:$G$17)+COUNTIF(G$3:$G8,G8)-1 -> 13 | I8: 88 | J8: =RANK(I8,$I$3:$I$17)+COUNTIF(I$3:$I8,I8)-1 -> 3 | K8: =(E8+J8)/2 -> 4.5 | L8: =RANK(K8,$K$3:$K$17,1)+COUNTIF(K$3:$K8,K8)-1 -> 2 | N8: Lions Head | O8: 95 | R8: 40 | U8: =Q4+T4 -> 497 | V8: =P4+S4 -> 722
B9: DA2477 | C9: 105 | D9: Average | E9: 7 | F9: 0 | G9: 0 | H9: =RANK(G9,$G$3:$G$17)+COUNTIF(G$3:$G9,G9)-1 -> 14 | I9: 0 | J9: =RANK(I9,$I$3:$I$17)+COUNTIF(I$3:$I9,I9)-1 -> 14 | K9: =(E9+J9)/2 -> 10.5 | L9: =RANK(K9,$K$3:$K$17,1)+COUNTIF(K$3:$K9,K9)-1 -> 11 | N9: Porta | O9: 80 | R9: 30 | V9: =U8-V8 -> -225
A10: TA | B10: DA2568 | C10: 104 | D10: Average | E10: 8 | F10: 232 | G10: 64 | H10: =RANK(G10,$G$3:$G$17)+COUNTIF(G$3:$G10,G10)-1 -> 7 | I10: 87 | J10: =RANK(I10,$I$3:$I$17)+COUNTIF(I$3:$I10,I10)-1 -> 9 | K10: =(E10+J10)/2 -> 8.5 | L10: =RANK(K10,$K$3:$K$17,1)+COUNTIF(K$3:$K10,K10)-1 -> 8
A11: AW | B11: CL7180 | C11: 102 | D11: Below average | E11: 9 | F11: 326 | G11: 42 | H11: =RANK(G11,$G$3:$G$17)+COUNTIF(G$3:$G11,G11)-1 -> 10 | I11: 86 | J11: =RANK(I11,$I$3:$I$17)+COUNTIF(I$3:$I11,I11)-1 -> 13 | K11: =(E11+J11)/2 -> 11 | L11: =RANK(K11,$K$3:$K$17,1)+COUNTIF(K$3:$K11,K11)-1 -> 13
A12: AW | B12: CJ0211 | C12: 101 | D12: Below average | E12: 10 | F12: 568 | G12: 79 | H12: =RANK(G12,$G$3:$G$17)+COUNTIF(G$3:$G12,G12)-1 -> 5 | I12: 87 | J12: =RANK(I12,$I$3:$I$17)+COUNTIF(I$3:$I12,I12)-1 -> 10 | K12: =(E12+J12)/2 -> 10 | L12: =RANK(K12,$K$3:$K$17,1)+COUNTIF(K$3:$K12,K12)-1 -> 10
A13: TA | B13: CL5312 | C13: 98 | D13: Low | E13: 11 | F13: 298 | G13: 56 | H13: =RANK(G13,$G$3:$G$17)+COUNTIF(G$3:$G13,G13)-1 -> 8 | I13: 88 | J13: =RANK(I13,$I$3:$I$17)+COUNTIF(I$3:$I13,I13)-1 -> 4 | K13: =(E13+J13)/2 -> 7.5 | L13: =RANK(K13,$K$3:$K$17,1)+COUNTIF(K$3:$K13,K13)-1 -> 6
A14: TA | B14: CL3033 | C14: 97 | D14: Low | E14: 12 | F14: 408 | G14: 82 | H14: =RANK(G14,$G$3:$G$17)+COUNTIF(G$3:$G14,G14)-1 -> 4 | I14: 89 | J14: =RANK(I14,$I$3:$I$17)+COUNTIF(I$3:$I14,I14)-1 -> 1 | K14: =(E14+J14)/2 -> 6.5 | L14: =RANK(K14,$K$3:$K$17,1)+COUNTIF(K$3:$K14,K14)-1 -> 5
A15: TA | B15: DA0379 | C15: 95 | D15: Low | E15: 13 | F15: 244 | G15: 93 | H15: =RANK(G15,$G$3:$G$17)+COUNTIF(G$3:$G15,G15)-1 -> 1 | I15: 88 | J15: =RANK(I15,$I$3:$I$17)+COUNTIF(I$3:$I15,I15)-1 -> 5 | K15: =(E15+J15)/2 -> 9 | L15: =RANK(K15,$K$3:$K$17,1)+COUNTIF(K$3:$K15,K15)-1 -> 9
A16: CM | B16: CJ2150 | C16: 91 | D16: Low | E16: 14 | F16: 278 | G16: 84 | H16: =RANK(G16,$G$3:$G$17)+COUNTIF(G$3:$G16,G16)-1 -> 2 | I16: 87 | J16: =RANK(I16,$I$3:$I$17)+COUNTIF(I$3:$I16,I16)-1 -> 11 | K16: =(E16+J16)/2 -> 12.5 | L16: =RANK(K16,$K$3:$K$17,1)+COUNTIF(K$3:$K16,K16)-1 -> 14
A17: TA | B17: CE6835 | C17: 90 | D17: Low | E17: 15 | F17: 128 | G17: 38 | H17: =RANK(G17,$G$3:$G$17)+COUNTIF(G$3:$G17,G17)-1 -> 12 | I17: 88 | J17: =RANK(I17,$I$3:$I$17)+COUNTIF(I$3:$I17,I17)-1 -> 6 | K17: =(E17+J17)/2 -> 10.5 | L17: =RANK(K17,$K$3:$K$17,1)+COUNTIF(K$3:$K17,K17)-1 -> 12
B20: Sunday | C20: Wednesday
B21: T1 | C21: T2
B24: COMMENT

Sheet week 11
B1: Collector ID | C1: Boar | D1: TSI | E1: Genetic level | F1: Genetic Rank | G1: Last recorded raw Semen collected (mls) | H1: Last recorded Doses | I1: Dose rank | J1: Last recorded Morphology | K1: Morphology Rank | L1: Overal Grading | M1: Overal Rank | Z1: 45677
P2: Sunday | Q2: Sunday | R2: Sunday | S2: Wed | T2: Wed | U2: Wed
C3: DA3337 | D3: 119 | E3: Above average | F3: 1 | P3: required | Q3: estimate | R3: actual | S3: required | T3: estimate | U3: actual
C4: DA3132 | D4: 118 | E4: Above average | F4: 2 | O4: total | P4: =SUM(P5:P9) -> 480 | Q4: 497 | R4: 534 | S4: =SUM(S5:S9) -> 175 | T4: =#REF! -> #REF! | U4: 184
C5: DA3300 | D5: 117 | E5: Above average | F5: 3 | O5: grasmere | P5: 180 | S5: 60
B6: AW | C6: DA1721 | D6: 108 | E6: Average | F6: 4 | G6: 172 | H6: 40 | I6: =RANK(H6,$H$3:$H$17)+COUNTIF(H$3:$H6,H6)-1 -> 11 | J6: 88 | K6: =RANK(J6,$J$3:$J$17)+COUNTIF(J$3:$J6,J6)-1 -> 1 | L6: =(F6+K6)/2 -> 2.5 | M6: =RANK(L6,$L$3:$L$17,1)+COUNTIF(L$3:$L6,L6)-1 -> 1 | O6: richlands | P6: 85 | S6: 35
B7: TA | C7: DA1669 | D7: 107 | E7: Average | F7: 5 | G7: 236 | H7: 82 | I7: =RANK(H7,$H$3:$H$17)+COUNTIF(H$3:$H7,H7)-1 -> 4 | J7: 87 | K7: =RANK(J7,$J$3:$J$17)+COUNTIF(J$3:$J7,J7)-1 -> 6 | L7: =(F7+K7)/2 -> 5.5 | M7: =RANK(L7,$L$3:$L$17,1)+COUNTIF(L$3:$L7,L7)-1 -> 3 | O7: Villa | P7: 40 | S7: 10 | V7: Actual total | W7: estimated
B8: TA | C8: DA2470 | D8: 106 | E8: Average | F8: 6 | G8: 112 | H8: 30 | I8: =RANK(H8,$H$3:$H$17)+COUNTIF(H$3:$H8,H8)-1 -> 12 | J8: 86 | K8: =RANK(J8,$J$3:$J$17)+COUNTIF(J$3:$J8,J8)-1 -> 10 | L8: =(F8+K8)/2 -> 8 | M8: =RANK(L8,$L$3:$L$17,1)+COUNTIF(L$3:$L8,L8)-1 -> 6 | O8: Lions Head | P8: 95 | S8: 40 | V8: =R4+U4 -> 718 | W8: =Q4+T4 -> #REF!
B9: AW | C9: DA1627 | D9: 102 | E9: Below average | F9: 7 | G9: 302 | H9: 78 | I9: =RANK(H9,$H$3:$H$17)+COUNTIF(H$3:$H9,H9)-1 -> 6 | J9: 87 | K9: =RANK(J9,$J$3:$J$17)+COUNTIF(J$3:$J9,J9)-1 -> 7 | L9: =(F9+K9)/2 -> 7 | M9: =RANK(L9,$L$3:$L$17,1)+COUNTIF(L$3:$L9,L9)-1 -> 4 | O9: Porta | P9: 80 | S9: 30 | W9: =V8-W8 -> #REF!
B10: CM | C10: DA1130 | D10: 100 | E10: Low | F10: 8 | G10: 556 | H10: 128 | I10: =RANK(H10,$H$3:$H$17)+COUNTIF(H$3:$H10,H10)-1 -> 1 | J10: 88 | K10: =RANK(J10,$J$3:$J$17)+COUNTIF(J$3:$J10,J10)-1 -> 2 | L10: =(F10+K10)/2 -> 5 | M10: =RANK(L10,$L$3:$L$17,1)+COUNTIF(L$3:$L10,L10)-1 -> 2
B11: TA | C11: CL7180 | D11: 99 | E11: Low | F11: 9 | G11: 344 | H11: 67 | I11: =RANK(H11,$H$3:$H$17)+COUNTIF(H$3:$H11,H11)-1 -> 7 | J11: 87 | K11: =RANK(J11,$J$3:$J$17)+COUNTIF(J$3:$J11,J11)-1 -> 8 | L11: =(F11+K11)/2 -> 8.5 | M11: =RANK(L11,$L$3:$L$17,1)+COUNTIF(L$3:$L11,L11)-1 -> 7
B12: AW | C12: DA2568 | D12: 99 | E12: Low | F12: 11 | G12: 226 | H12: 53 | I12: =RANK(H12,$H$3:$H$17)+COUNTIF(H$3:$H12,H12)-1 -> 9 | J12: 88 | K12: =RANK(J12,$J$3:$J$17)+COUNTIF(J$3:$J12,J12)-1 -> 3 | L12: =(F12+K12)/2 -> 7 | M12: =RANK(L12,$L$3:$L$17,1)+COUNTIF(L$3:$L12,L12)-1 -> 5
B13: CM | C13: CL3033 | D13: 98 | E13: Low | F13: 12 | G13: 396 | H13: 82 | I13: =RANK(H13,$H$3:$H$17)+COUNTIF(H$3:$H13,H13)-1 -> 5 | J13: 86 | K13: =RANK(J13,$J$3:$J$17)+COUNTIF(J$3:$J13,J13)-1 -> 11 | L13: =(F13+K13)/2 -> 11.5 | M13: =RANK(L13,$L$3:$L$17,1)+COUNTIF(L$3:$L13,L13)-1 -> 10
B14: CM | C14: CJ0211 | D14: 98 | E14: Low | F14: 13 | G14: 540 | H14: 66 | I14: =RANK(H14,$H$3:$H$17)+COUNTIF(H$3:$H14,H14)-1 -> 8 | J14: 88 | K14: =RANK(J14,$J$3:$J$17)+COUNTIF(J$3:$J14,J14)-1 -> 4 | L14: =(F14+K14)/2 -> 8.5 | M14: =RANK(L14,$L$3:$L$17,1)+COUNTIF(L$3:$L14,L14)-1 -> 8
B15: AW | C15: DA0379 | D15: 97 | E15: Low | F15: 14 | G15: 316 | H15: 87 | I15: =RANK(H15,$H$3:$H$17)+COUNTIF(H$3:$H15,H15)-1 -> 2 | J15: 87 | K15: =RANK(J15,$J$3:$J$17)+COUNTIF(J$3:$J15,J15)-1 -> 9 | L15: =(F15+K15)/2 -> 11.5 | M15: =RANK(L15,$L$3:$L$17,1)+COUNTIF(L$3:$L15,L15)-1 -> 11
B16: CM | C16: CL5312 | D16: 96 | E16: Low | F16: 15 | G16: 394 | H16: 44 | I16: =RANK(H16,$H$3:$H$17)+COUNTIF(H$3:$H16,H16)-1 -> 10 | J16: 86 | K16: =RANK(J16,$J$3:$J$17)+COUNTIF(J$3:$J16,J16)-1 -> 12 | L16: =(F16+K16)/2 -> 13.5 | M16: =RANK(L16,$L$3:$L$17,1)+COUNTIF(L$3:$L16,L16)-1 -> 12
A17: CULL | B17: TA | C17: CJ2150 | D17: 90 | E17: Very low | F17: 16 | G17: 278 | H17: 84 | I17: =RANK(H17,$H$3:$H$17)+COUNTIF(H$3:$H17,H17)-1 -> 3 | J17: 88 | K17: =RANK(J17,$J$3:$J$17)+COUNTIF(J$3:$J17,J17)-1 -> 5 | L17: =(F17+K17)/2 -> 10.5 | M17: =RANK(L17,$L$3:$L$17,1)+COUNTIF(L$3:$L17,L17)-1 -> 9
A18: CULL | C18: da77
A19: CULL | C19: ce35
C21: Sunday | D21: Wednesday
C22: T1 | D22: T2
C25: COMMENT
D26: Not yet in use

Sheet week 12
A1: Collector ID | B1: Boar | C1: TSI | D1: Genetic level | E1: Genetic Rank | F1: Last recorded raw Semen collected (mls) | G1: Last recorded Doses | H1: Dose rank | I1: Last recorded Morphology | J1: Morphology Rank | K1: Overal Grading | L1: Overal Rank | Y1: 45677
O2: Sunday | P2: Sunday | Q2: Sunday | R2: Wed | S2: Wed | T2: Wed
B3: DA3337 | C3: 119 | D3: Above average | E3: 1 | O3: required | P3: estimate | Q3: actual | R3: required | S3: estimate | T3: actual
B4: DA3132 | C4: 118 | D4: Above average | E4: 2 | N4: total | O4: =SUM(O5:O9) -> 480 | P4: 534 | Q4: 572 | R4: =SUM(R5:R9) -> 175 | S4: =#REF! -> #REF!
B5: DA3300 | C5: 117 | D5: Above average | E5: 3 | N5: grasmere | O5: 180 | R5: 60
A6: CM | B6: DA1721 | C6: 108 | D6: Average | E6: 4 | F6: 344 | G6: 93 | H6: =RANK(G6,$G$3:$G$16)+COUNTIF(G$3:$G6,G6)-1 -> 2 | I6: 87 | J6: =RANK(I6,$I$3:$I$16)+COUNTIF(I$3:$I6,I6)-1 -> 9 | K6: =(E6+J6)/2 -> 6.5 | L6: =RANK(K6,$K$3:$K$16,1)+COUNTIF(K$3:$K6,K6)-1 -> 5 | N6: richlands | O6: 85 | R6: 35
A7: TA | B7: DA1669 | C7: 107 | D7: Average | E7: 5 | F7: 236 | G7: 68 | H7: =RANK(G7,$G$3:$G$16)+COUNTIF(G$3:$G7,G7)-1 -> 7 | I7: 88 | J7: =RANK(I7,$I$3:$I$16)+COUNTIF(I$3:$I7,I7)-1 -> 2 | K7: =(E7+J7)/2 -> 3.5 | L7: =RANK(K7,$K$3:$K$16,1)+COUNTIF(K$3:$K7,K7)-1 -> 1 | N7: Villa | O7: 40 | R7: 10 | U7: Actual total | V7: estimated
A8: CM | B8: DA2470 | C8: 106 | D8: Average | E8: 6 | F8: 136 | G8: 22 | H8: =RANK(G8,$G$3:$G$16)+COUNTIF(G$3:$G8,G8)-1 -> 11 | I8: 89 | J8: =RANK(I8,$I$3:$I$16)+COUNTIF(I$3:$I8,I8)-1 -> 1 | K8: =(E8+J8)/2 -> 3.5 | L8: =RANK(K8,$K$3:$K$16,1)+COUNTIF(K$3:$K8,K8)-1 -> 2 | N8: Lions Head | O8: 95 | R8: 40 | U8: =Q4+T4 -> 572 | V8: =P4+S4 -> #REF!
A9: CM | B9: DA1627 | C9: 102 | D9: Below average | E9: 7 | F9: 294 | G9: 71 | H9: =RANK(G9,$G$3:$G$16)+COUNTIF(G$3:$G9,G9)-1 -> 6 | I9: 88 | J9: =RANK(I9,$I$3:$I$16)+COUNTIF(I$3:$I9,I9)-1 -> 3 | K9: =(E9+J9)/2 -> 5 | L9: =RANK(K9,$K$3:$K$16,1)+COUNTIF(K$3:$K9,K9)-1 -> 3 | N9: Porta | O9: 80 | R9: 30 | V9: =U8-V8 -> #REF!
A10: TA | B10: DA1130 | C10: 100 | D10: Low | E10: 8 | F10: 506 | G10: 103 | H10: =RANK(G10,$G$3:$G$16)+COUNTIF(G$3:$G10,G10)-1 -> 1 | I10: 88 | J10: =RANK(I10,$I$3:$I$16)+COUNTIF(I$3:$I10,I10)-1 -> 4 | K10: =(E10+J10)/2 -> 6 | L10: =RANK(K10,$K$3:$K$16,1)+COUNTIF(K$3:$K10,K10)-1 -> 4
A11: CM | B11: CL7180 | C11: 99 | D11: Low | E11: 9 | F11: 376 | G11: 33 | H11: =RANK(G11,$G$3:$G$16)+COUNTIF(G$3:$G11,G11)-1 -> 10 | I11: 88 | J11: =RANK(I11,$I$3:$I$16)+COUNTIF(I$3:$I11,I11)-1 -> 5 | K11: =(E11+J11)/2 -> 7 | L11: =RANK(K11,$K$3:$K$16,1)+COUNTIF(K$3:$K11,K11)-1 -> 6
A12: CM | B12: DA2568 | C12: 99 | D12: Low | E12: 11 | F12: 250 | G12: 73 | H12: =RANK(G12,$G$3:$G$16)+COUNTIF(G$3:$G12,G12)-1 -> 5 | I12: 86 | J12: =RANK(I12,$I$3:$I$16)+COUNTIF(I$3:$I12,I12)-1 -> 11 | K12: =(E12+J12)/2 -> 11 | L12: =RANK(K12,$K$3:$K$16,1)+COUNTIF(K$3:$K12,K12)-1 -> 9
A13: TA | B13: CL3033 | C13: 98 | D13: Low | E13: 12 | F13: 396 | G13: 86 | H13: =RANK(G13,$G$3:$G$16)+COUNTIF(G$3:$G13,G13)-1 -> 4 | I13: 88 | J13: =RANK(I13,$I$3:$I$16)+COUNTIF(I$3:$I13,I13)-1 -> 6 | K13: =(E13+J13)/2 -> 9 | L13: =RANK(K13,$K$3:$K$16,1)+COUNTIF(K$3:$K13,K13)-1 -> 7
A14: TA | B14: CJ0211 | C14: 98 | D14: Low | E14: 13 | F14: 516 | G14: 92 | H14: =RANK(G14,$G$3:$G$16)+COUNTIF(G$3:$G14,G14)-1 -> 3 | I14: 87 | J14: =RANK(I14,$I$3:$I$16)+COUNTIF(I$3:$I14,I14)-1 -> 10 | K14: =(E14+J14)/2 -> 11.5 | L14: =RANK(K14,$K$3:$K$16,1)+COUNTIF(K$3:$K14,K14)-1 -> 10
A15: CM | B15: DA0379 | C15: 97 | D15: Low | E15: 14 | F15: 256 | G15: 54 | H15: =RANK(G15,$G$3:$G$16)+COUNTIF(G$3:$G15,G15)-1 -> 8 | I15: 88 | J15: =RANK(I15,$I$3:$I$16)+COUNTIF(I$3:$I15,I15)-1 -> 7 | K15: =(E15+J15)/2 -> 10.5 | L15: =RANK(K15,$K$3:$K$16,1)+COUNTIF(K$3:$K15,K15)-1 -> 8
A16: TA | B16: CL5312 | C16: 96 | D16: Low | E16: 15 | F16: 374 | G16: 45 | H16: =RANK(G16,$G$3:$G$16)+COUNTIF(G$3:$G16,G16)-1 -> 9 | I16: 88 | J16: =RANK(I16,$I$3:$I$16)+COUNTIF(I$3:$I16,I16)-1 -> 8 | K16: =(E16+J16)/2 -> 11.5 | L16: =RANK(K16,$K$3:$K$16,1)+COUNTIF(K$3:$K16,K16)-1 -> 11
B19: Sunday | C19: Wednesday
B20: T1 | C20: T2
B23: COMMENT
C24: Not yet in use

Sheet week 13
A1: Collector ID | B1: Boar | C1: TSI | D1: Genetic level | E1: Genetic Rank | F1: Last recorded raw Semen collected (mls) | G1: Last recorded Doses | H1: Dose rank | I1: Last recorded Morphology | J1: Morphology Rank | K1: Overal Grading | L1: Overal Rank | Y1: 45677
O2: Sunday | P2: Sunday | Q2: Sunday | R2: Wed | S2: Wed | T2: Wed
B3: DA3337 | C3: 119 | D3: Above average | E3: 1 | O3: required | P3: estimate | Q3: actual | R3: required | S3: estimate | T3: actual
B4: DA3132 | C4: 118 | D4: Above average | E4: 2 | N4: total | O4: =SUM(O5:O9) -> 480 | P4: 572 | Q4: 489 | R4: =SUM(R5:R9) -> 175 | S4: =#REF! -> #REF! | T4: 185
B5: DA3300 | C5: 117 | D5: Above average | E5: 3 | N5: grasmere | O5: 180 | R5: 60
A6: TA | B6: DA1721 | C6: 108 | D6: Average | E6: 4 | F6: 142 | G6: 32 | H6: =RANK(G6,$G$3:$G$16)+COUNTIF(G$3:$G6,G6)-1 -> 10 | I6: 87 | J6: =RANK(I6,$I$3:$I$16)+COUNTIF(I$3:$I6,I6)-1 -> 4 | K6: =(E6+J6)/2 -> 4 | L6: =RANK(K6,$K$3:$K$16,1)+COUNTIF(K$3:$K6,K6)-1 -> 1 | N6: richlands | O6: 85 | R6: 35
A7: CM | B7: DA1669 | C7: 107 | D7: Average | E7: 5 | F7: 304 | G7: 40 | H7: =RANK(G7,$G$3:$G$16)+COUNTIF(G$3:$G7,G7)-1 -> 9 | I7: 87 | J7: =RANK(I7,$I$3:$I$16)+COUNTIF(I$3:$I7,I7)-1 -> 5 | K7: =(E7+J7)/2 -> 5 | L7: =RANK(K7,$K$3:$K$16,1)+COUNTIF(K$3:$K7,K7)-1 -> 2 | N7: Villa | O7: 40 | R7: 10 | U7: Actual total | V7: estimated
A8: AW | B8: DA2470 | C8: 106 | D8: Average | E8: 6 | F8: 118 | G8: 28 | H8: =RANK(G8,$G$3:$G$16)+COUNTIF(G$3:$G8,G8)-1 -> 11 | I8: 86 | J8: =RANK(I8,$I$3:$I$16)+COUNTIF(I$3:$I8,I8)-1 -> 8 | K8: =(E8+J8)/2 -> 7 | L8: =RANK(K8,$K$3:$K$16,1)+COUNTIF(K$3:$K8,K8)-1 -> 5 | N8: Lions Head | O8: 95 | R8: 40 | U8: =Q4+T4 -> 674 | V8: =P4+S4 -> #REF!
A9: TA | B9: DA1627 | C9: 102 | D9: Below average | E9: 7 | F9: 310 | G9: 46 | H9: =RANK(G9,$G$3:$G$16)+COUNTIF(G$3:$G9,G9)-1 -> 8 | I9: 87 | J9: =RANK(I9,$I$3:$I$16)+COUNTIF(I$3:$I9,I9)-1 -> 6 | K9: =(E9+J9)/2 -> 6.5 | L9: =RANK(K9,$K$3:$K$16,1)+COUNTIF(K$3:$K9,K9)-1 -> 4 | N9: Porta | O9: 80 | R9: 30 | V9: =U8-V8 -> #REF!
A10: AW | B10: DA1130 | C10: 100 | D10: Low | E10: 8 | F10: 538 | G10: 68 | H10: =RANK(G10,$G$3:$G$16)+COUNTIF(G$3:$G10,G10)-1 -> 4 | I10: 89 | J10: =RANK(I10,$I$3:$I$16)+COUNTIF(I$3:$I10,I10)-1 -> 2 | K10: =(E10+J10)/2 -> 5 | L10: =RANK(K10,$K$3:$K$16,1)+COUNTIF(K$3:$K10,K10)-1 -> 3
A11: AW | B11: CL7180 | C11: 99 | D11: Low | E11: 9 | F11: 354 | G11: 58 | H11: =RANK(G11,$G$3:$G$16)+COUNTIF(G$3:$G11,G11)-1 -> 6 | I11: 86 | J11: =RANK(I11,$I$3:$I$16)+COUNTIF(I$3:$I11,I11)-1 -> 9 | K11: =(E11+J11)/2 -> 9 | L11: =RANK(K11,$K$3:$K$16,1)+COUNTIF(K$3:$K11,K11)-1 -> 7
A12: TA | B12: DA2568 | C12: 99 | D12: Low | E12: 11 | F12: 184 | G12: 47 | H12: =RANK(G12,$G$3:$G$16)+COUNTIF(G$3:$G12,G12)-1 -> 7 | I12: 85 | J12: =RANK(I12,$I$3:$I$16)+COUNTIF(I$3:$I12,I12)-1 -> 11 | K12: =(E12+J12)/2 -> 11 | L12: =RANK(K12,$K$3:$K$16,1)+COUNTIF(K$3:$K12,K12)-1 -> 10
A13: AW | B13: CL3033 | C13: 98 | D13: Low | E13: 12 | F13: 402 | G13: 103 | H13: =RANK(G13,$G$3:$G$16)+COUNTIF(G$3:$G13,G13)-1 -> 2 | I13: 86 | J13: =RANK(I13,$I$3:$I$16)+COUNTIF(I$3:$I13,I13)-1 -> 10 | K13: =(E13+J13)/2 -> 11 | L13: =RANK(K13,$K$3:$K$16,1)+COUNTIF(K$3:$K13,K13)-1 -> 11
A14: AW | B14: CJ0211 | C14: 98 | D14: Low | E14: 13 | F14: 496 | G14: 109 | H14: =RANK(G14,$G$3:$G$16)+COUNTIF(G$3:$G14,G14)-1 -> 1 | I14: 87 | J14: =RANK(I14,$I$3:$I$16)+COUNTIF(I$3:$I14,I14)-1 -> 7 | K14: =(E14+J14)/2 -> 10 | L14: =RANK(K14,$K$3:$K$16,1)+COUNTIF(K$3:$K14,K14)-1 -> 9
A15: TA | B15: DA0379 | C15: 97 | D15: Low | E15: 14 | F15: 272 | G15: 84 | H15: =RANK(G15,$G$3:$G$16)+COUNTIF(G$3:$G15,G15)-1 -> 3 | I15: 90 | J15: =RANK(I15,$I$3:$I$16)+COUNTIF(I$3:$I15,I15)-1 -> 1 | K15: =(E15+J15)/2 -> 7.5 | L15: =RANK(K15,$K$3:$K$16,1)+COUNTIF(K$3:$K15,K15)-1 -> 6
A16: AW | B16: CL5312 | C16: 96 | D16: Low | E16: 15 | F16: 356 | G16: 59 | H16: =RANK(G16,$G$3:$G$16)+COUNTIF(G$3:$G16,G16)-1 -> 5 | I16: 88 | J16: =RANK(I16,$I$3:$I$16)+COUNTIF(I$3:$I16,I16)-1 -> 3 | K16: =(E16+J16)/2 -> 9 | L16: =RANK(K16,$K$3:$K$16,1)+COUNTIF(K$3:$K16,K16)-1 -> 8
B19: Sunday | C19: Wednesday
B20: T1 | C20: T2
B23: COMMENT
C24: Not yet in use

Sheet week 14
A1: Collector ID | B1: Boar | C1: TSI | D1: Genetic level | E1: Genetic Rank | F1: Last recorded raw Semen collected (mls) | G1: Last recorded Doses | H1: Dose rank | I1: Last recorded Morphology | J1: Morphology Rank | K1: Overal Grading | L1: Overal Rank | Y1: 45677
O2: Sunday | P2: Sunday | Q2: Sunday | R2: Wed | S2: Wed | T2: Wed
B3: DA3337 | C3: 119 | D3: Above average | E3: 1 | O3: required | P3: estimate | Q3: actual | R3: required | S3: estimate | T3: actual
B4: DA3132 | C4: 118 | D4: Above average | E4: 2 | N4: total | O4: =SUM(O5:O9) -> 480 | P4: 489 | Q4: 545 | R4: =SUM(R5:R9) -> 175 | S4: 185 | T4: 186
B5: DA3300 | C5: 117 | D5: Above average | E5: 3 | N5: grasmere | O5: 180 | R5: 60
A6: AW | B6: DA1721 | C6: 108 | D6: Average | E6: 4 | F6: 462 | G6: 86 | H6: =RANK(G6,$G$3:$G$16)+COUNTIF(G$3:$G6,G6)-1 -> 2 | I6: 88 | J6: =RANK(I6,$I$3:$I$16)+COUNTIF(I$3:$I6,I6)-1 -> 1 | K6: =(E6+J6)/2 -> 2.5 | L6: =RANK(K6,$K$3:$K$16,1)+COUNTIF(K$3:$K6,K6)-1 -> 1 | N6: richlands | O6: 85 | R6: 35
A7: AW | B7: DA1669 | C7: 107 | D7: Average | E7: 5 | F7: 374 | G7: 59 | H7: =RANK(G7,$G$3:$G$16)+COUNTIF(G$3:$G7,G7)-1 -> 6 | I7: 87 | J7: =RANK(I7,$I$3:$I$16)+COUNTIF(I$3:$I7,I7)-1 -> 5 | K7: =(E7+J7)/2 -> 5 | L7: =RANK(K7,$K$3:$K$16,1)+COUNTIF(K$3:$K7,K7)-1 -> 2 | N7: Villa | O7: 40 | R7: 10 | U7: Actual total | V7: estimated
A8: CM | B8: DA2470 | C8: 106 | D8: Average | E8: 6 | F8: 134 | G8: 27 | H8: =RANK(G8,$G$3:$G$16)+COUNTIF(G$3:$G8,G8)-1 -> 11 | I8: 86 | J8: =RANK(I8,$I$3:$I$16)+COUNTIF(I$3:$I8,I8)-1 -> 9 | K8: =(E8+J8)/2 -> 7.5 | L8: =RANK(K8,$K$3:$K$16,1)+COUNTIF(K$3:$K8,K8)-1 -> 6 | N8: Lions Head | O8: 95 | R8: 40 | U8: =Q4+T4 -> 731 | V8: =P4+S4 -> 674
A9: AW | B9: DA1627 | C9: 102 | D9: Below average | E9: 7 | F9: 360 | G9: 59 | H9: =RANK(G9,$G$3:$G$16)+COUNTIF(G$3:$G9,G9)-1 -> 7 | I9: 87 | J9: =RANK(I9,$I$3:$I$16)+COUNTIF(I$3:$I9,I9)-1 -> 6 | K9: =(E9+J9)/2 -> 6.5 | L9: =RANK(K9,$K$3:$K$16,1)+COUNTIF(K$3:$K9,K9)-1 -> 4 | N9: Porta | O9: 80 | R9: 30 | V9: =U8-V8 -> 57
A10: CM | B10: DA1130 | C10: 100 | D10: Low | E10: 8 | F10: 340 | G10: 102 | H10: =RANK(G10,$G$3:$G$16)+COUNTIF(G$3:$G10,G10)-1 -> 1 | I10: 88 | J10: =RANK(I10,$I$3:$I$16)+COUNTIF(I$3:$I10,I10)-1 -> 2 | K10: =(E10+J10)/2 -> 5 | L10: =RANK(K10,$K$3:$K$16,1)+COUNTIF(K$3:$K10,K10)-1 -> 3
A11: CM | B11: CL7180 | C11: 99 | D11: Low | E11: 9 | F11: 318 | G11: 41 | H11: =RANK(G11,$G$3:$G$16)+COUNTIF(G$3:$G11,G11)-1 -> 10 | I11: 87 | J11: =RANK(I11,$I$3:$I$16)+COUNTIF(I$3:$I11,I11)-1 -> 7 | K11: =(E11+J11)/2 -> 8 | L11: =RANK(K11,$K$3:$K$16,1)+COUNTIF(K$3:$K11,K11)-1 -> 7
A12: AW | B12: DA2568 | C12: 99 | D12: Low | E12: 11 | F12: 240 | G12: 77 | H12: =RANK(G12,$G$3:$G$16)+COUNTIF(G$3:$G12,G12)-1 -> 5 | I12: 88 | J12: =RANK(I12,$I$3:$I$16)+COUNTIF(I$3:$I12,I12)-1 -> 3 | K12: =(E12+J12)/2 -> 7 | L12: =RANK(K12,$K$3:$K$16,1)+COUNTIF(K$3:$K12,K12)-1 -> 5
A13: CM | B13: CL3033 | C13: 98 | D13: Low | E13: 12 | F13: 310 | G13: 82 | H13: =RANK(G13,$G$3:$G$16)+COUNTIF(G$3:$G13,G13)-1 -> 4 | I13: 86 | J13: =RANK(I13,$I$3:$I$16)+COUNTIF(I$3:$I13,I13)-1 -> 10 | K13: =(E13+J13)/2 -> 11 | L13: =RANK(K13,$K$3:$K$16,1)+COUNTIF(K$3:$K13,K13)-1 -> 9
A14: CM | B14: CJ0211 | C14: 98 | D14: Low | E14: 13 | F14: 462 | G14: 86 | H14: =RANK(G14,$G$3:$G$16)+COUNTIF(G$3:$G14,G14)-1 -> 3 | I14: 88 | J14: =RANK(I14,$I$3:$I$16)+COUNTIF(I$3:$I14,I14)-1 -> 4 | K14: =(E14+J14)/2 -> 8.5 | L14: =RANK(K14,$K$3:$K$16,1)+COUNTIF(K$3:$K14,K14)-1 -> 8
A15: AW | B15: DA0379 | C15: 97 | D15: Low | E15: 14 | F15: 340 | G15: 53 | H15: =RANK(G15,$G$3:$G$16)+COUNTIF(G$3:$G15,G15)-1 -> 9 | I15: 87 | J15: =RANK(I15,$I$3:$I$16)+COUNTIF(I$3:$I15,I15)-1 -> 8 | K15: =(E15+J15)/2 -> 11 | L15: =RANK(K15,$K$3:$K$16,1)+COUNTIF(K$3:$K15,K15)-1 -> 10
A16: AW | B16: CL5312 | C16: 96 | D16: Low | E16: 15 | F16: 374 | G16: 59 | H16: =RANK(G16,$G$3:$G$16)+COUNTIF(G$3:$G16,G16)-1 -> 8 | I16: 86 | J16: =RANK(I16,$I$3:$I$16)+COUNTIF(I$3:$I16,I16)-1 -> 11 | K16: =(E16+J16)/2 -> 13 | L16: =RANK(K16,$K$3:$K$16,1)+COUNTIF(K$3:$K16,K16)-1 -> 11
B19: Sunday | C19: Wednesday
B20: T1 | C20: T2
B23: COMMENT
C24: Not yet in use

Sheet week 15
A1: Collector ID | B1: Boar | C1: TSI | D1: Genetic level | E1: Genetic Rank | F1: Last recorded raw Semen collected (mls) | G1: Last recorded Doses | H1: Dose rank | I1: Last recorded Morphology | J1: Morphology Rank | K1: Overal Grading | L1: Overal Rank | Y1: 45677
O2: Sunday | P2: Sunday | Q2: Sunday | R2: Wed | S2: Wed | T2: Wed
B3: DA3337 | C3: 119 | D3: Above average | E3: 1 | O3: required | P3: estimate | Q3: actual | R3: required | S3: estimate | T3: actual
B4: DA3132 | C4: 118 | D4: Above average | E4: 2 | N4: total | O4: =SUM(O5:O9) -> 480 | P4: 545 | Q4: 544 | R4: =SUM(R5:R9) -> 175 | S4: 186 | T4: 194
A5: TA | B5: DA3300 | C5: 117 | D5: Above average | E5: 3 | F5: 80 | G5: 30 | H5: =RANK(G5,$G$3:$G$16)+COUNTIF(G$3:$G5,G5)-1 -> 12 | I5: 88 | J5: =RANK(I5,$I$3:$I$16)+COUNTIF(I$3:$I5,I5)-1 -> 1 | N5: grasmere | O5: 180 | R5: 60
A6: CM | B6: DA1721 | C6: 108 | D6: Average | E6: 4 | F6: 100 | G6: 38 | H6: =RANK(G6,$G$3:$G$16)+COUNTIF(G$3:$G6,G6)-1 -> 10 | I6: 88 | J6: =RANK(I6,$I$3:$I$16)+COUNTIF(I$3:$I6,I6)-1 -> 2 | K6: =(E6+J6)/2 -> 3 | L6: =RANK(K6,$K$3:$K$16,1)+COUNTIF(K$3:$K6,K6)-1 -> 1 | N6: richlands | O6: 85 | R6: 35
A7: CM | B7: DA1669 | C7: 107 | D7: Average | E7: 5 | F7: 400 | G7: 82 | H7: =RANK(G7,$G$3:$G$16)+COUNTIF(G$3:$G7,G7)-1 -> 4 | I7: 87 | J7: =RANK(I7,$I$3:$I$16)+COUNTIF(I$3:$I7,I7)-1 -> 6 | K7: =(E7+J7)/2 -> 5.5 | L7: =RANK(K7,$K$3:$K$16,1)+COUNTIF(K$3:$K7,K7)-1 -> 2 | N7: Villa | O7: 40 | R7: 10 | U7: Actual total | V7: estimated
A8: CM | B8: DA2470 | C8: 106 | D8: Average | E8: 6 | F8: 88 | G8: 38 | H8: =RANK(G8,$G$3:$G$16)+COUNTIF(G$3:$G8,G8)-1 -> 11 | I8: 86 | J8: =RANK(I8,$I$3:$I$16)+COUNTIF(I$3:$I8,I8)-1 -> 10 | K8: =(E8+J8)/2 -> 8 | L8: =RANK(K8,$K$3:$K$16,1)+COUNTIF(K$3:$K8,K8)-1 -> 6 | N8: Lions Head | O8: 95 | R8: 40 | U8: =Q4+T4 -> 738 | V8: =P4+S4 -> 731
A9: CM | B9: DA1627 | C9: 102 | D9: Below average | E9: 7 | F9: 312 | G9: 72 | H9: =RANK(G9,$G$3:$G$16)+COUNTIF(G$3:$G9,G9)-1 -> 7 | I9: 87 | J9: =RANK(I9,$I$3:$I$16)+COUNTIF(I$3:$I9,I9)-1 -> 7 | K9: =(E9+J9)/2 -> 7 | L9: =RANK(K9,$K$3:$K$16,1)+COUNTIF(K$3:$K9,K9)-1 -> 4 | N9: Porta | O9: 80 | R9: 30 | V9: =U8-V8 -> 7
A10: AW | B10: DA1130 | C10: 100 | D10: Low | E10: 8 | F10: 626 | G10: 118 | H10: =RANK(G10,$G$3:$G$16)+COUNTIF(G$3:$G10,G10)-1 -> 1 | I10: 88 | J10: =RANK(I10,$I$3:$I$16)+COUNTIF(I$3:$I10,I10)-1 -> 3 | K10: =(E10+J10)/2 -> 5.5 | L10: =RANK(K10,$K$3:$K$16,1)+COUNTIF(K$3:$K10,K10)-1 -> 3
A11: TA | B11: CL7180 | C11: 99 | D11: Low | E11: 9 | F11: 320 | G11: 73 | H11: =RANK(G11,$G$3:$G$16)+COUNTIF(G$3:$G11,G11)-1 -> 6 | I11: 87 | J11: =RANK(I11,$I$3:$I$16)+COUNTIF(I$3:$I11,I11)-1 -> 8 | K11: =(E11+J11)/2 -> 8.5 | L11: =RANK(K11,$K$3:$K$16,1)+COUNTIF(K$3:$K11,K11)-1 -> 7
A12: CM | B12: DA2568 | C12: 99 | D12: Low | E12: 11 | F12: 200 | G12: 66 | H12: =RANK(G12,$G$3:$G$16)+COUNTIF(G$3:$G12,G12)-1 -> 9 | I12: 88 | J12: =RANK(I12,$I$3:$I$16)+COUNTIF(I$3:$I12,I12)-1 -> 4 | K12: =(E12+J12)/2 -> 7.5 | L12: =RANK(K12,$K$3:$K$16,1)+COUNTIF(K$3:$K12,K12)-1 -> 5
A13: AW | B13: CL3033 | C13: 98 | D13: Low | E13: 12 | F13: 454 | G13: 108 | H13: =RANK(G13,$G$3:$G$16)+COUNTIF(G$3:$G13,G13)-1 -> 2 | I13: 86 | J13: =RANK(I13,$I$3:$I$16)+COUNTIF(I$3:$I13,I13)-1 -> 11 | K13: =(E13+J13)/2 -> 11.5 | L13: =RANK(K13,$K$3:$K$16,1)+COUNTIF(K$3:$K13,K13)-1 -> 9
A14: AW | B14: CJ0211 | C14: 98 | D14: Low | E14: 13 | F14: 610 | G14: 68 | H14: =RANK(G14,$G$3:$G$16)+COUNTIF(G$3:$G14,G14)-1 -> 8 | I14: 88 | J14: =RANK(I14,$I$3:$I$16)+COUNTIF(I$3:$I14,I14)-1 -> 5 | K14: =(E14+J14)/2 -> 9 | L14: =RANK(K14,$K$3:$K$16,1)+COUNTIF(K$3:$K14,K14)-1 -> 8
A15: CM | B15: DA0379 | C15: 97 | D15: Low | E15: 14 | F15: 232 | G15: 74 | H15: =RANK(G15,$G$3:$G$16)+COUNTIF(G$3:$G15,G15)-1 -> 5 | I15: 87 | J15: =RANK(I15,$I$3:$I$16)+COUNTIF(I$3:$I15,I15)-1 -> 9 | K15: =(E15+J15)/2 -> 11.5 | L15: =RANK(K15,$K$3:$K$16,1)+COUNTIF(K$3:$K15,K15)-1 -> 10
A16: CM | B16: CL5312 | C16: 96 | D16: Low | E16: 15 | F16: 400 | G16: 86 | H16: =RANK(G16,$G$3:$G$16)+COUNTIF(G$3:$G16,G16)-1 -> 3 | I16: 86 | J16: =RANK(I16,$I$3:$I$16)+COUNTIF(I$3:$I16,I16)-1 -> 12 | K16: =(E16+J16)/2 -> 13.5 | L16: =RANK(K16,$K$3:$K$16,1)+COUNTIF(K$3:$K16,K16)-1 -> 11
B19: Sunday | C19: Wednesday
B20: T1 | C20: T2
B23: COMMENT
C24: Not yet in use

Sheet week 16
A1: Collector ID | B1: Boar | C1: TSI | D1: Genetic level | E1: Genetic Rank | F1: Last recorded raw Semen collected (mls) | G1: Last recorded Doses | H1: Dose rank | I1: Last recorded Morphology | J1: Morphology Rank | K1: Overal Grading | L1: Overal Rank | Y1: 45677
O2: Sunday | P2: Sunday | Q2: Sunday | R2: Wed | S2: Wed | T2: Wed
B3: DA3337 | C3: 119 | D3: Above average | E3: 1 | O3: required | P3: estimate | Q3: actual | R3: required | S3: estimate | T3: actual
B4: DA3132 | C4: 118 | D4: Above average | E4: 2 | N4: total | O4: =SUM(O5:O9) -> 480 | P4: 544 | Q4: 504 | R4: =SUM(R5:R9) -> 175 | S4: 194 | T4: 237
A5: AW | B5: DA3300 | C5: 117 | D5: Above average | E5: 3 | F5: 154 | G5: 77 | H5: =RANK(G5,$G$3:$G$16)+COUNTIF(G$3:$G5,G5)-1 -> 4 | I5: 87 | J5: =RANK(I5,$I$3:$I$16)+COUNTIF(I$3:$I5,I5)-1 -> 5 | K5: =(E5+J5)/2 -> 4 | L5: =RANK(K5,$K$3:$K$16,1)+COUNTIF(K$3:$K5,K5)-1 -> 2 | N5: grasmere | O5: 180 | R5: 60
A6: AW | B6: DA1721 | C6: 108 | D6: Average | E6: 4 | F6: 134 | G6: 37 | H6: =RANK(G6,$G$3:$G$16)+COUNTIF(G$3:$G6,G6)-1 -> 10 | I6: 88 | J6: =RANK(I6,$I$3:$I$16)+COUNTIF(I$3:$I6,I6)-1 -> 1 | K6: =(E6+J6)/2 -> 2.5 | L6: =RANK(K6,$K$3:$K$16,1)+COUNTIF(K$3:$K6,K6)-1 -> 1 | N6: richlands | O6: 85 | R6: 35
A7: AW | B7: DA1669 | C7: 107 | D7: Average | E7: 5 | F7: 360 | G7: 33 | H7: =RANK(G7,$G$3:$G$16)+COUNTIF(G$3:$G7,G7)-1 -> 12 | I7: 87 | J7: =RANK(I7,$I$3:$I$16)+COUNTIF(I$3:$I7,I7)-1 -> 6 | K7: =(E7+J7)/2 -> 5.5 | L7: =RANK(K7,$K$3:$K$16,1)+COUNTIF(K$3:$K7,K7)-1 -> 4 | N7: Villa | O7: 40 | R7: 10 | U7: Actual total | V7: estimated
A8: TA | B8: DA2470 | C8: 106 | D8: Average | E8: 6 | F8: 88 | G8: 38 | H8: =RANK(G8,$G$3:$G$16)+COUNTIF(G$3:$G8,G8)-1 -> 9 | I8: 86 | J8: =RANK(I8,$I$3:$I$16)+COUNTIF(I$3:$I8,I8)-1 -> 10 | K8: =(E8+J8)/2 -> 8 | L8: =RANK(K8,$K$3:$K$16,1)+COUNTIF(K$3:$K8,K8)-1 -> 7 | N8: Lions Head | O8: 95 | R8: 40 | U8: =Q4+T4 -> 741 | V8: =P4+S4 -> 738
A9: AW | B9: DA1627 | C9: 102 | D9: Below average | E9: 7 | F9: 296 | G9: 37 | H9: =RANK(G9,$G$3:$G$16)+COUNTIF(G$3:$G9,G9)-1 -> 11 | I9: 87 | J9: =RANK(I9,$I$3:$I$16)+COUNTIF(I$3:$I9,I9)-1 -> 7 | K9: =(E9+J9)/2 -> 7 | L9: =RANK(K9,$K$3:$K$16,1)+COUNTIF(K$3:$K9,K9)-1 -> 5 | N9: Porta | O9: 80 | R9: 30 | V9: =U8-V8 -> 3
A10: TA | B10: DA1130 | C10: 100 | D10: Low | E10: 8 | F10: 504 | G10: 76 | H10: =RANK(G10,$G$3:$G$16)+COUNTIF(G$3:$G10,G10)-1 -> 5 | I10: 88 | J10: =RANK(I10,$I$3:$I$16)+COUNTIF(I$3:$I10,I10)-1 -> 2 | K10: =(E10+J10)/2 -> 5 | L10: =RANK(K10,$K$3:$K$16,1)+COUNTIF(K$3:$K10,K10)-1 -> 3
A11: AW | B11: CL7180 | C11: 99 | D11: Low | E11: 9 | F11: 262 | G11: 42 | H11: =RANK(G11,$G$3:$G$16)+COUNTIF(G$3:$G11,G11)-1 -> 8 | I11: 87 | J11: =RANK(I11,$I$3:$I$16)+COUNTIF(I$3:$I11,I11)-1 -> 8 | K11: =(E11+J11)/2 -> 8.5 | L11: =RANK(K11,$K$3:$K$16,1)+COUNTIF(K$3:$K11,K11)-1 -> 8
A12: AW | B12: DA2568 | C12: 99 | D12: Low | E12: 11 | F12: 200 | G12: 75 | H12: =RANK(G12,$G$3:$G$16)+COUNTIF(G$3:$G12,G12)-1 -> 6 | I12: 88 | J12: =RANK(I12,$I$3:$I$16)+COUNTIF(I$3:$I12,I12)-1 -> 3 | K12: =(E12+J12)/2 -> 7 | L12: =RANK(K12,$K$3:$K$16,1)+COUNTIF(K$3:$K12,K12)-1 -> 6
A13: TA | B13: CL3033 | C13: 98 | D13: Low | E13: 12 | F13: 310 | G13: 86 | H13: =RANK(G13,$G$3:$G$16)+COUNTIF(G$3:$G13,G13)-1 -> 2 | I13: 86 | J13: =RANK(I13,$I$3:$I$16)+COUNTIF(I$3:$I13,I13)-1 -> 11 | K13: =(E13+J13)/2 -> 11.5 | L13: =RANK(K13,$K$3:$K$16,1)+COUNTIF(K$3:$K13,K13)-1 -> 10
A14: TA | B14: CJ0211 | C14: 98 | D14: Low | E14: 13 | F14: 466 | G14: 95 | H14: =RANK(G14,$G$3:$G$16)+COUNTIF(G$3:$G14,G14)-1 -> 1 | I14: 88 | J14: =RANK(I14,$I$3:$I$16)+COUNTIF(I$3:$I14,I14)-1 -> 4 | K14: =(E14+J14)/2 -> 8.5 | L14: =RANK(K14,$K$3:$K$16,1)+COUNTIF(K$3:$K14,K14)-1 -> 9
A15: AW | B15: DA0379 | C15: 97 | D15: Low | E15: 14 | F15: 250 | G15: 65 | H15: =RANK(G15,$G$3:$G$16)+COUNTIF(G$3:$G15,G15)-1 -> 7 | I15: 87 | J15: =RANK(I15,$I$3:$I$16)+COUNTIF(I$3:$I15,I15)-1 -> 9 | K15: =(E15+J15)/2 -> 11.5 | L15: =RANK(K15,$K$3:$K$16,1)+COUNTIF(K$3:$K15,K15)-1 -> 11
A16: TA | B16: CL5312 | C16: 96 | D16: Low | E16: 15 | F16: 288 | G16: 80 | H16: =RANK(G16,$G$3:$G$16)+COUNTIF(G$3:$G16,G16)-1 -> 3 | I16: 86 | J16: =RANK(I16,$I$3:$I$16)+COUNTIF(I$3:$I16,I16)-1 -> 12 | K16: =(E16+J16)/2 -> 13.5 | L16: =RANK(K16,$K$3:$K$16,1)+COUNTIF(K$3:$K16,K16)-1 -> 12
B19: Sunday | C19: Wednesday
B20: T1 | C20: T2
B23: COMMENT
C24: Not yet in use

Sheet week 17
A1: Collector ID | B1: Boar | C1: TSI | D1: Genetic level | E1: Genetic Rank | F1: Last recorded raw Semen collected (mls) | G1: Last recorded Doses | H1: Dose rank | I1: Last recorded Morphology | J1: Morphology Rank | K1: Overal Grading | L1: Overal Rank | Y1: 45677
O2: Sunday | P2: Sunday | Q2: Sunday | R2: Wed | S2: Wed | T2: Wed
B3: DA3337 | C3: 119 | D3: Above average | E3: 1 | O3: required | P3: estimate | Q3: actual | R3: required | S3: estimate | T3: actual
B4: DA3132 | C4: 118 | D4: Above average | E4: 2 | N4: total | O4: =SUM(O5:O9) -> 480 | P4: 544 | Q4: 563 | R4: =SUM(R5:R9) -> 175 | S4: 237 | T4: 217
A5: CM | B5: DA3300 | C5: 117 | D5: Above average | E5: 3 | F5: 170 | G5: 51 | H5: =RANK(G5,$G$3:$G$16)+COUNTIF(G$3:$G5,G5)-1 -> 9 | I5: 88 | J5: =RANK(I5,$I$3:$I$16)+COUNTIF(I$3:$I5,I5)-1 -> 5 | K5: =(E5+J5)/2 -> 4 | L5: =RANK(K5,$K$3:$K$16,1)+COUNTIF(K$3:$K5,K5)-1 -> 2 | N5: grasmere | O5: 180 | R5: 60
A6: AW | B6: DA1721 | C6: 108 | D6: Average | E6: 4 | F6: 134 | G6: 37 | H6: =RANK(G6,$G$3:$G$16)+COUNTIF(G$3:$G6,G6)-1 -> 12 | I6: 89 | J6: =RANK(I6,$I$3:$I$16)+COUNTIF(I$3:$I6,I6)-1 -> 1 | K6: =(E6+J6)/2 -> 2.5 | L6: =RANK(K6,$K$3:$K$16,1)+COUNTIF(K$3:$K6,K6)-1 -> 1 | N6: richlands | O6: 85 | R6: 35
A7: CM | B7: DA1669 | C7: 107 | D7: Average | E7: 5 | F7: 344 | G7: 83 | H7: =RANK(G7,$G$3:$G$16)+COUNTIF(G$3:$G7,G7)-1 -> 3 | I7: 88 | J7: =RANK(I7,$I$3:$I$16)+COUNTIF(I$3:$I7,I7)-1 -> 6 | K7: =(E7+J7)/2 -> 5.5 | L7: =RANK(K7,$K$3:$K$16,1)+COUNTIF(K$3:$K7,K7)-1 -> 4 | N7: Villa | O7: 40 | R7: 10 | U7: Actual total | V7: estimated
A8: AW | B8: DA2470 | C8: 106 | D8: Average | E8: 6 | F8: 188 | G8: 51 | H8: =RANK(G8,$G$3:$G$16)+COUNTIF(G$3:$G8,G8)-1 -> 10 | I8: 87 | J8: =RANK(I8,$I$3:$I$16)+COUNTIF(I$3:$I8,I8)-1 -> 11 | K8: =(E8+J8)/2 -> 8.5 | L8: =RANK(K8,$K$3:$K$16,1)+COUNTIF(K$3:$K8,K8)-1 -> 7 | N8: Lions Head | O8: 95 | R8: 40 | U8: =Q4+T4 -> 780 | V8: =P4+S4 -> 781
A9: CM | B9: DA1627 | C9: 102 | D9: Below average | E9: 7 | F9: 346 | G9: 58 | H9: =RANK(G9,$G$3:$G$16)+COUNTIF(G$3:$G9,G9)-1 -> 8 | I9: 88 | J9: =RANK(I9,$I$3:$I$16)+COUNTIF(I$3:$I9,I9)-1 -> 7 | K9: =(E9+J9)/2 -> 7 | L9: =RANK(K9,$K$3:$K$16,1)+COUNTIF(K$3:$K9,K9)-1 -> 5 | N9: Porta | O9: 80 | R9: 30 | V9: =U8-V8 -> -1
A10: AW | B10: DA1130 | C10: 100 | D10: Low | E10: 8 | F10: 568 | G10: 114 | H10: =RANK(G10,$G$3:$G$16)+COUNTIF(G$3:$G10,G10)-1 -> 1 | I10: 89 | J10: =RANK(I10,$I$3:$I$16)+COUNTIF(I$3:$I10,I10)-1 -> 2 | K10: =(E10+J10)/2 -> 5 | L10: =RANK(K10,$K$3:$K$16,1)+COUNTIF(K$3:$K10,K10)-1 -> 3
A11: AW | B11: CL7180 | C11: 99 | D11: Low | E11: 9 | F11: 278 | G11: 42 | H11: =RANK(G11,$G$3:$G$16)+COUNTIF(G$3:$G11,G11)-1 -> 11 | I11: 88 | J11: =RANK(I11,$I$3:$I$16)+COUNTIF(I$3:$I11,I11)-1 -> 8 | K11: =(E11+J11)/2 -> 8.5 | L11: =RANK(K11,$K$3:$K$16,1)+COUNTIF(K$3:$K11,K11)-1 -> 8
A12: CM | B12: DA2568 | C12: 99 | D12: Low | E12: 11 | F12: 190 | G12: 66 | H12: =RANK(G12,$G$3:$G$16)+COUNTIF(G$3:$G12,G12)-1 -> 7 | I12: 89 | J12: =RANK(I12,$I$3:$I$16)+COUNTIF(I$3:$I12,I12)-1 -> 3 | K12: =(E12+J12)/2 -> 7 | L12: =RANK(K12,$K$3:$K$16,1)+COUNTIF(K$3:$K12,K12)-1 -> 6
A13: AW | B13: CL3033 | C13: 98 | D13: Low | E13: 12 | F13: 532 | G13: 104 | H13: =RANK(G13,$G$3:$G$16)+COUNTIF(G$3:$G13,G13)-1 -> 2 | I13: 87 | J13: =RANK(I13,$I$3:$I$16)+COUNTIF(I$3:$I13,I13)-1 -> 12 | K13: =(E13+J13)/2 -> 12 | L13: =RANK(K13,$K$3:$K$16,1)+COUNTIF(K$3:$K13,K13)-1 -> 11
A14: AW | B14: CJ0211 | C14: 98 | D14: Low | E14: 13 | F14: 582 | G14: 70 | H14: =RANK(G14,$G$3:$G$16)+COUNTIF(G$3:$G14,G14)-1 -> 5 | I14: 88 | J14: =RANK(I14,$I$3:$I$16)+COUNTIF(I$3:$I14,I14)-1 -> 9 | K14: =(E14+J14)/2 -> 11 | L14: =RANK(K14,$K$3:$K$16,1)+COUNTIF(K$3:$K14,K14)-1 -> 10
A15: CM | B15: DA0379 | C15: 97 | D15: Low | E15: 14 | F15: 320 | G15: 68 | H15: =RANK(G15,$G$3:$G$16)+COUNTIF(G$3:$G15,G15)-1 -> 6 | I15: 89 | J15: =RANK(I15,$I$3:$I$16)+COUNTIF(I$3:$I15,I15)-1 -> 4 | K15: =(E15+J15)/2 -> 9 | L15: =RANK(K15,$K$3:$K$16,1)+COUNTIF(K$3:$K15,K15)-1 -> 9
A16: CM | B16: CL5312 | C16: 96 | D16: Low | E16: 15 | F16: 318 | G16: 73 | H16: =RANK(G16,$G$3:$G$16)+COUNTIF(G$3:$G16,G16)-1 -> 4 | I16: 88 | J16: =RANK(I16,$I$3:$I$16)+COUNTIF(I$3:$I16,I16)-1 -> 10 | K16: =(E16+J16)/2 -> 12.5 | L16: =RANK(K16,$K$3:$K$16,1)+COUNTIF(K$3:$K16,K16)-1 -> 12
B19: Sunday | C19: Wednesday
B20: T1 | C20: T2
B23: COMMENT
C24: Not yet in use

Sheet week 18
A1: Collector ID | B1: Boar | C1: TSI | D1: Genetic level | E1: Genetic Rank | F1: Last recorded raw Semen collected (mls) | G1: Last recorded Doses | H1: Dose rank | I1: Last recorded Morphology | J1: Morphology Rank | K1: Overal Grading | L1: Overal Rank | Y1: 45677
O2: Sunday | P2: Sunday | Q2: Sunday | R2: Wed | S2: Wed | T2: Wed
B3: DA3337 | C3: 119 | D3: Above average | E3: 1 | O3: required | P3: estimate | Q3: actual | R3: required | S3: estimate | T3: actual
B4: DA3132 | C4: 118 | D4: Above average | E4: 2 | N4: total | O4: =SUM(O5:O9) -> 480 | P4: 563 | Q4: 538 | R4: =SUM(R5:R9) -> 175 | S4: 217 | T4: 310
A5: TA | B5: DA3300 | C5: 117 | D5: Above average | E5: 3 | F5: 90 | G5: 55 | H5: =RANK(G5,$G$3:$G$16)+COUNTIF(G$3:$G5,G5)-1 -> 10 | I5: 88 | J5: =RANK(I5,$I$3:$I$16)+COUNTIF(I$3:$I5,I5)-1 -> 5 | K5: =(E5+J5)/2 -> 4 | L5: =RANK(K5,$K$3:$K$16,1)+COUNTIF(K$3:$K5,K5)-1 -> 1 | N5: grasmere | O5: 180 | R5: 60
A6: AW | B6: DA1721 | C6: 108 | D6: Average | E6: 4 | F6: 134 | G6: 37 | H6: =RANK(G6,$G$3:$G$16)+COUNTIF(G$3:$G6,G6)-1 -> 12 | I6: 87 | J6: =RANK(I6,$I$3:$I$16)+COUNTIF(I$3:$I6,I6)-1 -> 9 | K6: =(E6+J6)/2 -> 6.5 | L6: =RANK(K6,$K$3:$K$16,1)+COUNTIF(K$3:$K6,K6)-1 -> 5 | N6: richlands | O6: 85 | R6: 35
A7: AW | B7: DA1669 | C7: 107 | D7: Average | E7: 5 | F7: 352 | G7: 79 | H7: =RANK(G7,$G$3:$G$16)+COUNTIF(G$3:$G7,G7)-1 -> 5 | I7: 88 | J7: =RANK(I7,$I$3:$I$16)+COUNTIF(I$3:$I7,I7)-1 -> 6 | K7: =(E7+J7)/2 -> 5.5 | L7: =RANK(K7,$K$3:$K$16,1)+COUNTIF(K$3:$K7,K7)-1 -> 3 | N7: Villa | O7: 40 | R7: 10 | U7: Actual total | V7: estimated
A8: CM | B8: DA2470 | C8: 106 | D8: Average | E8: 6 | F8: 115 | G8: 68 | H8: =RANK(G8,$G$3:$G$16)+COUNTIF(G$3:$G8,G8)-1 -> 9 | I8: 87 | J8: =RANK(I8,$I$3:$I$16)+COUNTIF(I$3:$I8,I8)-1 -> 10 | K8: =(E8+J8)/2 -> 8 | L8: =RANK(K8,$K$3:$K$16,1)+COUNTIF(K$3:$K8,K8)-1 -> 6 | N8: Lions Head | O8: 95 | R8: 40 | U8: =Q4+T4 -> 848 | V8: =P4+S4 -> 780
A9: AW | B9: DA1627 | C9: 102 | D9: Below average | E9: 7 | F9: 350 | G9: 71 | H9: =RANK(G9,$G$3:$G$16)+COUNTIF(G$3:$G9,G9)-1 -> 8 | I9: 89 | J9: =RANK(I9,$I$3:$I$16)+COUNTIF(I$3:$I9,I9)-1 -> 2 | K9: =(E9+J9)/2 -> 4.5 | L9: =RANK(K9,$K$3:$K$16,1)+COUNTIF(K$3:$K9,K9)-1 -> 2 | N9: Porta | O9: 80 | R9: 30 | V9: =U8-V8 -> 68
A10: CM | B10: DA1130 | C10: 100 | D10: Low | E10: 8 | F10: 444 | G10: 102 | H10: =RANK(G10,$G$3:$G$16)+COUNTIF(G$3:$G10,G10)-1 -> 1 | I10: 89 | J10: =RANK(I10,$I$3:$I$16)+COUNTIF(I$3:$I10,I10)-1 -> 3 | K10: =(E10+J10)/2 -> 5.5 | L10: =RANK(K10,$K$3:$K$16,1)+COUNTIF(K$3:$K10,K10)-1 -> 4
A11: CM | B11: CL7180 | C11: 99 | D11: Low | E11: 9 | F11: 380 | G11: 101 | H11: =RANK(G11,$G$3:$G$16)+COUNTIF(G$3:$G11,G11)-1 -> 2 | I11: 88 | J11: =RANK(I11,$I$3:$I$16)+COUNTIF(I$3:$I11,I11)-1 -> 7 | K11: =(E11+J11)/2 -> 8 | L11: =RANK(K11,$K$3:$K$16,1)+COUNTIF(K$3:$K11,K11)-1 -> 7
A12: AW | B12: DA2568 | C12: 99 | D12: Low | E12: 11 | F12: 236 | G12: 72 | H12: =RANK(G12,$G$3:$G$16)+COUNTIF(G$3:$G12,G12)-1 -> 7 | I12: 87 | J12: =RANK(I12,$I$3:$I$16)+COUNTIF(I$3:$I12,I12)-1 -> 11 | K12: =(E12+J12)/2 -> 11 | L12: =RANK(K12,$K$3:$K$16,1)+COUNTIF(K$3:$K12,K12)-1 -> 11
A13: CM | B13: CL3033 | C13: 98 | D13: Low | E13: 12 | F13: 434 | G13: 84 | H13: =RANK(G13,$G$3:$G$16)+COUNTIF(G$3:$G13,G13)-1 -> 4 | I13: 86 | J13: =RANK(I13,$I$3:$I$16)+COUNTIF(I$3:$I13,I13)-1 -> 12 | K13: =(E13+J13)/2 -> 12 | L13: =RANK(K13,$K$3:$K$16,1)+COUNTIF(K$3:$K13,K13)-1 -> 12
A14: CM | B14: CJ0211 | C14: 98 | D14: Low | E14: 13 | F14: 570 | G14: 54 | H14: =RANK(G14,$G$3:$G$16)+COUNTIF(G$3:$G14,G14)-1 -> 11 | I14: 88 | J14: =RANK(I14,$I$3:$I$16)+COUNTIF(I$3:$I14,I14)-1 -> 8 | K14: =(E14+J14)/2 -> 10.5 | L14: =RANK(K14,$K$3:$K$16,1)+COUNTIF(K$3:$K14,K14)-1 -> 10
A15: AW | B15: DA0379 | C15: 97 | D15: Low | E15: 14 | F15: 288 | G15: 76 | H15: =RANK(G15,$G$3:$G$16)+COUNTIF(G$3:$G15,G15)-1 -> 6 | I15: 89 | J15: =RANK(I15,$I$3:$I$16)+COUNTIF(I$3:$I15,I15)-1 -> 4 | K15: =(E15+J15)/2 -> 9 | L15: =RANK(K15,$K$3:$K$16,1)+COUNTIF(K$3:$K15,K15)-1 -> 9
A16: TA | B16: CL5312 | C16: 96 | D16: Low | E16: 15 | F16: 302 | G16: 86 | H16: =RANK(G16,$G$3:$G$16)+COUNTIF(G$3:$G16,G16)-1 -> 3 | I16: 90 | J16: =RANK(I16,$I$3:$I$16)+COUNTIF(I$3:$I16,I16)-1 -> 1 | K16: =(E16+J16)/2 -> 8 | L16: =RANK(K16,$K$3:$K$16,1)+COUNTIF(K$3:$K16,K16)-1 -> 8
B19: Sunday | C19: Wednesday
B20: T1 | C20: T2
B23: COMMENT
C24: Not yet in use

Sheet week 19
A1: Collector ID | B1: Boar | C1: TSI | D1: Genetic level | E1: Genetic Rank | F1: Last recorded raw Semen collected (mls) | G1: Last recorded Doses | H1: Dose rank | I1: Last recorded Morphology | J1: Morphology Rank | K1: Overal Grading | L1: Overal Rank | Y1: 45677
O2: Sunday | P2: Sunday | Q2: Sunday | R2: Wed | S2: Wed | T2: Wed
A3: CM | B3: DA3337 | C3: 119 | D3: Above average | E3: 1 | F3: 102 | G3: 20 | H3: =RANK(G3,$G$3:$G$16)+COUNTIF(G$3:$G3,G3)-1 -> 13 | I3: 88 | J3: =RANK(I3,$I$3:$I$16)+COUNTIF(I$3:$I3,I3)-1 -> 5 | K3: =(E3+J3)/2 -> 3 | L3: =RANK(K3,$K$3:$K$16,1)+COUNTIF(K$3:$K3,K3)-1 -> 1 | O3: required | P3: estimate | Q3: actual | R3: required | S3: estimate | T3: actual
A4: TA | B4: DA3132 | C4: 118 | D4: Above average | E4: 2 | F4: 112 | G4: 19 | H4: =RANK(G4,$G$3:$G$16)+COUNTIF(G$3:$G4,G4)-1 -> 14 | I4: 88 | J4: =RANK(I4,$I$3:$I$16)+COUNTIF(I$3:$I4,I4)-1 -> 6 | K4: =(E4+J4)/2 -> 4 | L4: =RANK(K4,$K$3:$K$16,1)+COUNTIF(K$3:$K4,K4)-1 -> 2 | N4: total | O4: =SUM(O5:O9) -> 480 | P4: 563 | Q4: 588 | R4: =SUM(R5:R9) -> 175 | S4: 217 | T4: 310
A5: TA | B5: DA3300 | C5: 117 | D5: Above average | E5: 3 | F5: 118 | G5: 29 | H5: =RANK(G5,$G$3:$G$16)+COUNTIF(G$3:$G5,G5)-1 -> 12 | I5: 88 | J5: =RANK(I5,$I$3:$I$16)+COUNTIF(I$3:$I5,I5)-1 -> 7 | K5: =(E5+J5)/2 -> 5 | L5: =RANK(K5,$K$3:$K$16,1)+COUNTIF(K$3:$K5,K5)-1 -> 4 | N5: grasmere | O5: 180 | R5: 60
A6: AW | B6: DA1721 | C6: 108 | D6: Average | E6: 4 | F6: 134 | G6: 37 | H6: =RANK(G6,$G$3:$G$16)+COUNTIF(G$3:$G6,G6)-1 -> 10 | I6: 87 | J6: =RANK(I6,$I$3:$I$16)+COUNTIF(I$3:$I6,I6)-1 -> 11 | K6: =(E6+J6)/2 -> 7.5 | L6: =RANK(K6,$K$3:$K$16,1)+COUNTIF(K$3:$K6,K6)-1 -> 7 | N6: richlands | O6: 85 | R6: 35
A7: AW | B7: DA1669 | C7: 107 | D7: Average | E7: 5 | F7: 300 | G7: 96 | H7: =RANK(G7,$G$3:$G$16)+COUNTIF(G$3:$G7,G7)-1 -> 2 | I7: 88 | J7: =RANK(I7,$I$3:$I$16)+COUNTIF(I$3:$I7,I7)-1 -> 8 | K7: =(E7+J7)/2 -> 6.5 | L7: =RANK(K7,$K$3:$K$16,1)+COUNTIF(K$3:$K7,K7)-1 -> 6 | N7: Villa | O7: 40 | R7: 10 | U7: Actual total | V7: estimated
A8: CM | B8: DA2470 | C8: 106 | D8: Average | E8: 6 | F8: 155 | G8: 34 | H8: =RANK(G8,$G$3:$G$16)+COUNTIF(G$3:$G8,G8)-1 -> 11 | I8: 87 | J8: =RANK(I8,$I$3:$I$16)+COUNTIF(I$3:$I8,I8)-1 -> 12 | K8: =(E8+J8)/2 -> 9 | L8: =RANK(K8,$K$3:$K$16,1)+COUNTIF(K$3:$K8,K8)-1 -> 9 | N8: Lions Head | O8: 95 | R8: 40 | U8: =Q4+T4 -> 898 | V8: =P4+S4 -> 780
A9: AW | B9: DA1627 | C9: 102 | D9: Below average | E9: 7 | F9: 328 | G9: 78 | H9: =RANK(G9,$G$3:$G$16)+COUNTIF(G$3:$G9,G9)-1 -> 4 | I9: 89 | J9: =RANK(I9,$I$3:$I$16)+COUNTIF(I$3:$I9,I9)-1 -> 2 | K9: =(E9+J9)/2 -> 4.5 | L9: =RANK(K9,$K$3:$K$16,1)+COUNTIF(K$3:$K9,K9)-1 -> 3 | N9: Porta | O9: 80 | R9: 30 | V9: =U8-V8 -> 118
A10: CM | B10: DA1130 | C10: 100 | D10: Low | E10: 8 | F10: 444 | G10: 102 | H10: =RANK(G10,$G$3:$G$16)+COUNTIF(G$3:$G10,G10)-1 -> 1 | I10: 89 | J10: =RANK(I10,$I$3:$I$16)+COUNTIF(I$3:$I10,I10)-1 -> 3 | K10: =(E10+J10)/2 -> 5.5 | L10: =RANK(K10,$K$3:$K$16,1)+COUNTIF(K$3:$K10,K10)-1 -> 5
A11: CM | B11: CL7180 | C11: 99 | D11: Low | E11: 9 | F11: 228 | G11: 64 | H11: =RANK(G11,$G$3:$G$16)+COUNTIF(G$3:$G11,G11)-1 -> 9 | I11: 88 | J11: =RANK(I11,$I$3:$I$16)+COUNTIF(I$3:$I11,I11)-1 -> 9 | K11: =(E11+J11)/2 -> 9 | L11: =RANK(K11,$K$3:$K$16,1)+COUNTIF(K$3:$K11,K11)-1 -> 10
A12: AW | B12: DA2568 | C12: 99 | D12: Low | E12: 11 | F12: 236 | G12: 72 | H12: =RANK(G12,$G$3:$G$16)+COUNTIF(G$3:$G12,G12)-1 -> 7 | I12: 87 | J12: =RANK(I12,$I$3:$I$16)+COUNTIF(I$3:$I12,I12)-1 -> 13 | K12: =(E12+J12)/2 -> 12 | L12: =RANK(K12,$K$3:$K$16,1)+COUNTIF(K$3:$K12,K12)-1 -> 13
A13: CM | B13: CL3033 | C13: 98 | D13: Low | E13: 12 | F13: 294 | G13: 67 | H13: =RANK(G13,$G$3:$G$16)+COUNTIF(G$3:$G13,G13)-1 -> 8 | I13: 86 | J13: =RANK(I13,$I$3:$I$16)+COUNTIF(I$3:$I13,I13)-1 -> 14 | K13: =(E13+J13)/2 -> 13 | L13: =RANK(K13,$K$3:$K$16,1)+COUNTIF(K$3:$K13,K13)-1 -> 14
A14: CM | B14: CJ0211 | C14: 98 | D14: Low | E14: 13 | F14: 504 | G14: 76 | H14: =RANK(G14,$G$3:$G$16)+COUNTIF(G$3:$G14,G14)-1 -> 6 | I14: 88 | J14: =RANK(I14,$I$3:$I$16)+COUNTIF(I$3:$I14,I14)-1 -> 10 | K14: =(E14+J14)/2 -> 11.5 | L14: =RANK(K14,$K$3:$K$16,1)+COUNTIF(K$3:$K14,K14)-1 -> 12
A15: AW | B15: DA0379 | C15: 97 | D15: Low | E15: 14 | F15: 234 | G15: 77 | H15: =RANK(G15,$G$3:$G$16)+COUNTIF(G$3:$G15,G15)-1 -> 5 | I15: 89 | J15: =RANK(I15,$I$3:$I$16)+COUNTIF(I$3:$I15,I15)-1 -> 4 | K15: =(E15+J15)/2 -> 9 | L15: =RANK(K15,$K$3:$K$16,1)+COUNTIF(K$3:$K15,K15)-1 -> 11
A16: TA | B16: CL5312 | C16: 96 | D16: Low | E16: 15 | F16: 402 | G16: 79 | H16: =RANK(G16,$G$3:$G$16)+COUNTIF(G$3:$G16,G16)-1 -> 3 | I16: 90 | J16: =RANK(I16,$I$3:$I$16)+COUNTIF(I$3:$I16,I16)-1 -> 1 | K16: =(E16+J16)/2 -> 8 | L16: =RANK(K16,$K$3:$K$16,1)+COUNTIF(K$3:$K16,K16)-1 -> 8
B19: Sunday | C19: Wednesday
B20: T1 | C20: T2
B23: COMMENT
C24: Not yet in use

Sheet week 20
A1: Collector ID | B1: Boar | C1: DoB | D1: Age | E1: TSI | F1: Genetic level | G1: Genetic Rank | H1: Last recorded raw Semen collected (mls) | I1: Last recorded Doses | J1: Dose rank | K1: Last recorded Morphology | L1: Morphology Rank | M1: Overal Grading | N1: Overal Rank | AA1: 45677
O2: 46146 | Q2: Sunday | R2: Sunday | S2: Sunday | T2: Wed | U2: Wed | V2: Wed
A3: CM | B3: DA3337 | C3: 45883 | D3: =$O$2-C3 -> 263 | E3: 119 | F3: Above average | G3: 1 | H3: 136 | I3: 25 | J3: =RANK(I3,$I$3:$I$16)+COUNTIF(I$3:$I3,I3)-1 -> 13 | K3: 88 | L3: =RANK(K3,$K$3:$K$16)+COUNTIF(K$3:$K3,K3)-1 -> 7 | M3: =(G3+L3)/2 -> 4 | N3: =RANK(M3,$M$3:$M$16,1)+COUNTIF(M$3:$M3,M3)-1 -> 2 | Q3: required | R3: estimate | S3: actual | T3: required | U3: estimate | V3: actual
A4: TA | B4: DA3132 | C4: 45850 | D4: =$O$2-C4 -> 296 | E4: 118 | F4: Above average | G4: 2 | H4: 203 | I4: 25 | J4: =RANK(I4,$I$3:$I$16)+COUNTIF(I$3:$I4,I4)-1 -> 14 | K4: 89 | L4: =RANK(K4,$K$3:$K$16)+COUNTIF(K$3:$K4,K4)-1 -> 3 | M4: =(G4+L4)/2 -> 2.5 | N4: =RANK(M4,$M$3:$M$16,1)+COUNTIF(M$3:$M4,M4)-1 -> 1 | P4: total | Q4: =SUM(Q5:Q9) -> 480 | R4: 602 | S4: 588 | T4: =SUM(T5:T9) -> 175 | V4: 224
B5: DA3300 | C5: 45873 | D5: =$O$2-C5 -> 273 | E5: 117 | F5: Above average | G5: 3 | H5: 118 | I5: 29 | J5: =RANK(I5,$I$3:$I$16)+COUNTIF(I$3:$I5,I5)-1 -> 12 | K5: 88 | L5: =RANK(K5,$K$3:$K$16)+COUNTIF(K$3:$K5,K5)-1 -> 8 | M5: =(G5+L5)/2 -> 5.5 | N5: =RANK(M5,$M$3:$M$16,1)+COUNTIF(M$3:$M5,M5)-1 -> 3 | P5: grasmere | Q5: 180 | T5: 60
A6: TA | B6: DA1721 | C6: 45561 | D6: =$O$2-C6 -> 585 | E6: 108 | F6: Average | G6: 4 | H6: 216 | I6: 67 | J6: =RANK(I6,$I$3:$I$16)+COUNTIF(I$3:$I6,I6)-1 -> 8 | K6: 88 | L6: =RANK(K6,$K$3:$K$16)+COUNTIF(K$3:$K6,K6)-1 -> 9 | M6: =(G6+L6)/2 -> 6.5 | N6: =RANK(M6,$M$3:$M$16,1)+COUNTIF(M$3:$M6,M6)-1 -> 5 | P6: richlands | Q6: 85 | T6: 35
A7: TA | B7: DA1669 | C7: 45553 | D7: =$O$2-C7 -> 593 | E7: 107 | F7: Average | G7: 5 | H7: 366 | I7: 85 | J7: =RANK(I7,$I$3:$I$16)+COUNTIF(I$3:$I7,I7)-1 -> 5 | K7: 88 | L7: =RANK(K7,$K$3:$K$16)+COUNTIF(K$3:$K7,K7)-1 -> 10 | M7: =(G7+L7)/2 -> 7.5 | N7: =RANK(M7,$M$3:$M$16,1)+COUNTIF(M$3:$M7,M7)-1 -> 8 | P7: Villa | Q7: 40 | T7: 10 | W7: Actual total | X7: estimated
A8: TA | B8: DA2470 | C8: 45711 | D8: =$O$2-C8 -> 435 | E8: 106 | F8: Average | G8: 6 | H8: 136 | I8: 45 | J8: =RANK(I8,$I$3:$I$16)+COUNTIF(I$3:$I8,I8)-1 -> 11 | K8: 87 | L8: =RANK(K8,$K$3:$K$16)+COUNTIF(K$3:$K8,K8)-1 -> 12 | M8: =(G8+L8)/2 -> 9 | N8: =RANK(M8,$M$3:$M$16,1)+COUNTIF(M$3:$M8,M8)-1 -> 10 | P8: Lions Head | Q8: 95 | T8: 40 | W8: =S4+V4 -> 812 | X8: =R4+U4 -> 602
A9: TA | B9: DA1627 | C9: 45545 | D9: =$O$2-C9 -> 601 | E9: 102 | F9: Below average | G9: 7 | H9: 322 | I9: 95 | J9: =RANK(I9,$I$3:$I$16)+COUNTIF(I$3:$I9,I9)-1 -> 2 | K9: 89 | L9: =RANK(K9,$K$3:$K$16)+COUNTIF(K$3:$K9,K9)-1 -> 4 | M9: =(G9+L9)/2 -> 5.5 | N9: =RANK(M9,$M$3:$M$16,1)+COUNTIF(M$3:$M9,M9)-1 -> 4 | P9: Porta | Q9: 80 | T9: 30 | X9: =W8-X8 -> 210
A10: CM | B10: DA1130 | C10: 45418 | D10: =$O$2-C10 -> 728 | E10: 100 | F10: Low | G10: 8 | H10: 516 | I10: 126 | J10: =RANK(I10,$I$3:$I$16)+COUNTIF(I$3:$I10,I10)-1 -> 1 | K10: 89 | L10: =RANK(K10,$K$3:$K$16)+COUNTIF(K$3:$K10,K10)-1 -> 5 | M10: =(G10+L10)/2 -> 6.5 | N10: =RANK(M10,$M$3:$M$16,1)+COUNTIF(M$3:$M10,M10)-1 -> 6
A11: CM | B11: CL7180 | C11: 45133 | D11: =$O$2-C11 -> 1013 | E11: 99 | F11: Low | G11: 9 | H11: 330 | I11: 87 | J11: =RANK(I11,$I$3:$I$16)+COUNTIF(I$3:$I11,I11)-1 -> 3 | K11: 88 | L11: =RANK(K11,$K$3:$K$16)+COUNTIF(K$3:$K11,K11)-1 -> 11 | M11: =(G11+L11)/2 -> 10 | N11: =RANK(M11,$M$3:$M$16,1)+COUNTIF(M$3:$M11,M11)-1 -> 11
A12: TA | B12: DA2568 | C12: 45729 | D12: =$O$2-C12 -> 417 | E12: 99 | F12: Low | G12: 11 | H12: 222 | I12: 71 | J12: =RANK(I12,$I$3:$I$16)+COUNTIF(I$3:$I12,I12)-1 -> 7 | K12: 87 | L12: =RANK(K12,$K$3:$K$16)+COUNTIF(K$3:$K12,K12)-1 -> 13 | M12: =(G12+L12)/2 -> 12 | N12: =RANK(M12,$M$3:$M$16,1)+COUNTIF(M$3:$M12,M12)-1 -> 13
A13: CM | B13: CL3033 | C13: 45107 | D13: =$O$2-C13 -> 1039 | E13: 98 | F13: Low | G13: 12 | H13: 458 | I13: 87 | J13: =RANK(I13,$I$3:$I$16)+COUNTIF(I$3:$I13,I13)-1 -> 4 | K13: 90 | L13: =RANK(K13,$K$3:$K$16)+COUNTIF(K$3:$K13,K13)-1 -> 1 | M13: =(G13+L13)/2 -> 6.5 | N13: =RANK(M13,$M$3:$M$16,1)+COUNTIF(M$3:$M13,M13)-1 -> 7
A14: CM | B14: CJ0211 | C14: 44955 | D14: =$O$2-C14 -> 1191 | E14: 98 | F14: Low | G14: 13 | H14: 576 | I14: 56 | J14: =RANK(I14,$I$3:$I$16)+COUNTIF(I$3:$I14,I14)-1 -> 10 | K14: 87 | L14: =RANK(K14,$K$3:$K$16)+COUNTIF(K$3:$K14,K14)-1 -> 14 | M14: =(G14+L14)/2 -> 13.5 | N14: =RANK(M14,$M$3:$M$16,1)+COUNTIF(M$3:$M14,M14)-1 -> 14
A15: TA | B15: DA0379 | C15: 45281 | D15: =$O$2-C15 -> 865 | E15: 97 | F15: Low | G15: 14 | H15: 196 | I15: 57 | J15: =RANK(I15,$I$3:$I$16)+COUNTIF(I$3:$I15,I15)-1 -> 9 | K15: 89 | L15: =RANK(K15,$K$3:$K$16)+COUNTIF(K$3:$K15,K15)-1 -> 6 | M15: =(G15+L15)/2 -> 10 | N15: =RANK(M15,$M$3:$M$16,1)+COUNTIF(M$3:$M15,M15)-1 -> 12
B16: CL5312 | C16: 45120 | D16: =$O$2-C16 -> 1026 | E16: 96 | F16: Low | G16: 15 | H16: 402 | I16: 79 | J16: =RANK(I16,$I$3:$I$16)+COUNTIF(I$3:$I16,I16)-1 -> 6 | K16: 90 | L16: =RANK(K16,$K$3:$K$16)+COUNTIF(K$3:$K16,K16)-1 -> 2 | M16: =(G16+L16)/2 -> 8.5 | N16: =RANK(M16,$M$3:$M$16,1)+COUNTIF(M$3:$M16,M16)-1 -> 9
B19: Sunday | C19: Wednesday
B20: T1 | C20: T2
B23: COMMENT
E24: Not yet in use

Sheet week 21
A1: Collector ID | B1: Boar | C1: DoB | D1: Age | E1: TSI | F1: Genetic level | G1: Genetic Rank | H1: Last recorded raw Semen collected (mls) | I1: Last recorded Doses | J1: Dose rank | K1: Last recorded Morphology | L1: Morphology Rank | M1: Overal Grading | N1: Overal Rank | AA1: 45677
P2: 46153 | Q2: Sunday | R2: Sunday | S2: Sunday | T2: Wed | U2: Wed | V2: Wed
A3: TA | B3: DA3337 | C3: 45883 | D3: =$P$2-C3 -> 270 | E3: 119 | F3: Above average | G3: 1 | H3: 170 | I3: 29 | J3: =RANK(I3,$I$3:$I$16)+COUNTIF(I$3:$I3,I3)-1 -> 13 | K3: 87 | L3: =RANK(K3,$K$3:$K$16)+COUNTIF(K$3:$K3,K3)-1 -> 10 | M3: =(G3+L3)/2 -> 5.5 | N3: =RANK(M3,$M$3:$M$16,1)+COUNTIF(M$3:$M3,M3)-1 -> 5 | Q3: required | R3: estimate | S3: actual | T3: required | U3: estimate | V3: actual
B4: DA3132 | C4: 45850 | D4: =$P$2-C4 -> 303 | E4: 118 | F4: Above average | G4: 2 | H4: 203 | I4: 25 | J4: =RANK(I4,$I$3:$I$16)+COUNTIF(I$3:$I4,I4)-1 -> 14 | K4: 89 | L4: =RANK(K4,$K$3:$K$16)+COUNTIF(K$3:$K4,K4)-1 -> 3 | M4: =(G4+L4)/2 -> 2.5 | N4: =RANK(M4,$M$3:$M$16,1)+COUNTIF(M$3:$M4,M4)-1 -> 1 | P4: total | Q4: =SUM(Q5:Q9) -> 480 | R4: 588 | S4: 545 | T4: =SUM(T5:T9) -> 175 | U4: 224 | V4: 210
A5: TA | B5: DA3300 | C5: 45873 | D5: =$P$2-C5 -> 280 | E5: 117 | F5: Above average | G5: 3 | H5: 134 | I5: 63 | J5: =RANK(I5,$I$3:$I$16)+COUNTIF(I$3:$I5,I5)-1 -> 7 | K5: 87 | L5: =RANK(K5,$K$3:$K$16)+COUNTIF(K$3:$K5,K5)-1 -> 11 | M5: =(G5+L5)/2 -> 7 | N5: =RANK(M5,$M$3:$M$16,1)+COUNTIF(M$3:$M5,M5)-1 -> 6 | P5: grasmere | Q5: 180 | T5: 60
A6: CM | B6: DA1721 | C6: 45561 | D6: =$P$2-C6 -> 592 | E6: 108 | F6: Average | G6: 4 | H6: 180 | I6: 32 | J6: =RANK(I6,$I$3:$I$16)+COUNTIF(I$3:$I6,I6)-1 -> 12 | K6: 89 | L6: =RANK(K6,$K$3:$K$16)+COUNTIF(K$3:$K6,K6)-1 -> 4 | M6: =(G6+L6)/2 -> 4 | N6: =RANK(M6,$M$3:$M$16,1)+COUNTIF(M$3:$M6,M6)-1 -> 2 | P6: richlands | Q6: 85 | T6: 35
A7: TA | B7: DA1669 | C7: 45553 | D7: =$P$2-C7 -> 600 | E7: 107 | F7: Average | G7: 5 | H7: 258 | I7: 54 | J7: =RANK(I7,$I$3:$I$16)+COUNTIF(I$3:$I7,I7)-1 -> 10 | K7: 89 | L7: =RANK(K7,$K$3:$K$16)+COUNTIF(K$3:$K7,K7)-1 -> 5 | M7: =(G7+L7)/2 -> 5 | N7: =RANK(M7,$M$3:$M$16,1)+COUNTIF(M$3:$M7,M7)-1 -> 4 | P7: Villa | Q7: 40 | T7: 10 | W7: Actual total | X7: estimated
A8: CM | B8: DA2470 | C8: 45711 | D8: =$P$2-C8 -> 442 | E8: 106 | F8: Average | G8: 6 | H8: 178 | I8: 51 | J8: =RANK(I8,$I$3:$I$16)+COUNTIF(I$3:$I8,I8)-1 -> 11 | K8: 87 | L8: =RANK(K8,$K$3:$K$16)+COUNTIF(K$3:$K8,K8)-1 -> 12 | M8: =(G8+L8)/2 -> 9 | N8: =RANK(M8,$M$3:$M$16,1)+COUNTIF(M$3:$M8,M8)-1 -> 10 | P8: Lions Head | Q8: 95 | T8: 40 | W8: =S4+V4 -> 755 | X8: =R4+U4 -> 812
A9: TA | B9: DA1627 | C9: 45545 | D9: =$P$2-C9 -> 608 | E9: 102 | F9: Below average | G9: 7 | H9: 420 | I9: 101 | J9: =RANK(I9,$I$3:$I$16)+COUNTIF(I$3:$I9,I9)-1 -> 2 | K9: 90 | L9: =RANK(K9,$K$3:$K$16)+COUNTIF(K$3:$K9,K9)-1 -> 1 | M9: =(G9+L9)/2 -> 4 | N9: =RANK(M9,$M$3:$M$16,1)+COUNTIF(M$3:$M9,M9)-1 -> 3 | P9: Porta | Q9: 80 | T9: 30 | X9: =W8-X8 -> -57
A10: AW | B10: DA1130 | C10: 45418 | D10: =$P$2-C10 -> 735 | E10: 100 | F10: Low | G10: 8 | H10: 464 | I10: 86 | J10: =RANK(I10,$I$3:$I$16)+COUNTIF(I$3:$I10,I10)-1 -> 4 | K10: 89 | L10: =RANK(K10,$K$3:$K$16)+COUNTIF(K$3:$K10,K10)-1 -> 6 | M10: =(G10+L10)/2 -> 7 | N10: =RANK(M10,$M$3:$M$16,1)+COUNTIF(M$3:$M10,M10)-1 -> 7
A11: TA | B11: CL7180 | C11: 45133 | D11: =$P$2-C11 -> 1020 | E11: 99 | F11: Low | G11: 9 | H11: 374 | I11: 98 | J11: =RANK(I11,$I$3:$I$16)+COUNTIF(I$3:$I11,I11)-1 -> 3 | K11: 88 | L11: =RANK(K11,$K$3:$K$16)+COUNTIF(K$3:$K11,K11)-1 -> 8 | M11: =(G11+L11)/2 -> 8.5 | N11: =RANK(M11,$M$3:$M$16,1)+COUNTIF(M$3:$M11,M11)-1 -> 8
A12: TA | B12: DA2568 | C12: 45729 | D12: =$P$2-C12 -> 424 | E12: 99 | F12: Low | G12: 11 | H12: 150 | I12: 56 | J12: =RANK(I12,$I$3:$I$16)+COUNTIF(I$3:$I12,I12)-1 -> 9 | K12: 87 | L12: =RANK(K12,$K$3:$K$16)+COUNTIF(K$3:$K12,K12)-1 -> 13 | M12: =(G12+L12)/2 -> 12 | N12: =RANK(M12,$M$3:$M$16,1)+COUNTIF(M$3:$M12,M12)-1 -> 13
A13: AW | B13: CL3033 | C13: 45107 | D13: =$P$2-C13 -> 1046 | E13: 98 | F13: Low | G13: 12 | H13: 398 | I13: 103 | J13: =RANK(I13,$I$3:$I$16)+COUNTIF(I$3:$I13,I13)-1 -> 1 | K13: 87 | L13: =RANK(K13,$K$3:$K$16)+COUNTIF(K$3:$K13,K13)-1 -> 14 | M13: =(G13+L13)/2 -> 13 | N13: =RANK(M13,$M$3:$M$16,1)+COUNTIF(M$3:$M13,M13)-1 -> 14
A14: TA | B14: CJ0211 | C14: 44955 | D14: =$P$2-C14 -> 1198 | E14: 98 | F14: Low | G14: 13 | H14: 650 | I14: 82 | J14: =RANK(I14,$I$3:$I$16)+COUNTIF(I$3:$I14,I14)-1 -> 5 | K14: 88 | L14: =RANK(K14,$K$3:$K$16)+COUNTIF(K$3:$K14,K14)-1 -> 9 | M14: =(G14+L14)/2 -> 11 | N14: =RANK(M14,$M$3:$M$16,1)+COUNTIF(M$3:$M14,M14)-1 -> 12
B15: DA0379 | C15: 45281 | D15: =$P$2-C15 -> 872 | E15: 97 | F15: Low | G15: 14 | H15: 196 | I15: 57 | J15: =RANK(I15,$I$3:$I$16)+COUNTIF(I$3:$I15,I15)-1 -> 8 | K15: 89 | L15: =RANK(K15,$K$3:$K$16)+COUNTIF(K$3:$K15,K15)-1 -> 7 | M15: =(G15+L15)/2 -> 10.5 | N15: =RANK(M15,$M$3:$M$16,1)+COUNTIF(M$3:$M15,M15)-1 -> 11
B16: CL5312 | C16: 45120 | D16: =$P$2-C16 -> 1033 | E16: 96 | F16: Low | G16: 15 | H16: 402 | I16: 79 | J16: =RANK(I16,$I$3:$I$16)+COUNTIF(I$3:$I16,I16)-1 -> 6 | K16: 90 | L16: =RANK(K16,$K$3:$K$16)+COUNTIF(K$3:$K16,K16)-1 -> 2 | M16: =(G16+L16)/2 -> 8.5 | N16: =RANK(M16,$M$3:$M$16,1)+COUNTIF(M$3:$M16,M16)-1 -> 9
B19: Sunday | C19: Wednesday
B20: T1 | C20: T2
B23: COMMENT
E24: Not yet in use

Sheet week 22
A1: Collector ID | B1: Boar | C1: DoB | D1: Age | E1: TSI | F1: Genetic level | G1: Genetic Rank | H1: Last recorded raw Semen collected (mls) | I1: Last recorded Doses | J1: Dose rank | K1: Last recorded Morphology | L1: Morphology Rank | M1: Overal Grading | N1: Overal Rank | AA1: 45677
P2: 46160 | Q2: Sunday | R2: Sunday | S2: Sunday | T2: Wed | U2: Wed | V2: Wed
A3: CM | B3: DA3337 | C3: 45883 | D3: =$P$2-C3 -> 277 | E3: 119 | F3: Above average | G3: 1 | H3: 106 | I3: 48 | J3: =RANK(I3,$I$3:$I$16)+COUNTIF(I$3:$I3,I3)-1 -> 11 | K3: 87 | L3: =RANK(K3,$K$3:$K$16)+COUNTIF(K$3:$K3,K3)-1 -> 7 | M3: =(G3+L3)/2 -> 4 | N3: =RANK(M3,$M$3:$M$16,1)+COUNTIF(M$3:$M3,M3)-1 -> 2 | Q3: required | R3: estimate | S3: actual | T3: required | U3: estimate | V3: actual
B4: DA3132 | C4: 45850 | D4: =$P$2-C4 -> 310 | E4: 118 | F4: Above average | G4: 2 | H4: 203 | I4: 25 | J4: =RANK(I4,$I$3:$I$16)+COUNTIF(I$3:$I4,I4)-1 -> 14 | K4: 88 | L4: =RANK(K4,$K$3:$K$16)+COUNTIF(K$3:$K4,K4)-1 -> 6 | M4: =(G4+L4)/2 -> 4 | N4: =RANK(M4,$M$3:$M$16,1)+COUNTIF(M$3:$M4,M4)-1 -> 3 | P4: total | Q4: =SUM(Q5:Q9) -> 480 | R4: 545 | S4: 565 | T4: =SUM(T5:T9) -> 175 | U4: 210 | V4: 258
A5: AW | B5: DA3300 | C5: 45873 | D5: =$P$2-C5 -> 287 | E5: 117 | F5: Above average | G5: 3 | H5: 150 | I5: 57 | J5: =RANK(I5,$I$3:$I$16)+COUNTIF(I$3:$I5,I5)-1 -> 9 | K5: 90 | L5: =RANK(K5,$K$3:$K$16)+COUNTIF(K$3:$K5,K5)-1 -> 1 | M5: =(G5+L5)/2 -> 2 | N5: =RANK(M5,$M$3:$M$16,1)+COUNTIF(M$3:$M5,M5)-1 -> 1 | P5: grasmere | Q5: 180 | T5: 60
A6: TA | B6: DA1721 | C6: 45561 | D6: =$P$2-C6 -> 599 | E6: 108 | F6: Average | G6: 4 | H6: 218 | I6: 71 | J6: =RANK(I6,$I$3:$I$16)+COUNTIF(I$3:$I6,I6)-1 -> 8 | K6: 87 | L6: =RANK(K6,$K$3:$K$16)+COUNTIF(K$3:$K6,K6)-1 -> 8 | M6: =(G6+L6)/2 -> 6 | N6: =RANK(M6,$M$3:$M$16,1)+COUNTIF(M$3:$M6,M6)-1 -> 5 | P6: richlands | Q6: 85 | T6: 35
A7: AW | B7: DA1669 | C7: 45553 | D7: =$P$2-C7 -> 607 | E7: 107 | F7: Average | G7: 5 | H7: 382 | I7: 76 | J7: =RANK(I7,$I$3:$I$16)+COUNTIF(I$3:$I7,I7)-1 -> 7 | K7: 87 | L7: =RANK(K7,$K$3:$K$16)+COUNTIF(K$3:$K7,K7)-1 -> 9 | M7: =(G7+L7)/2 -> 7 | N7: =RANK(M7,$M$3:$M$16,1)+COUNTIF(M$3:$M7,M7)-1 -> 6 | P7: Villa | Q7: 40 | T7: 10 | W7: Actual total | X7: estimated
A8: TA | B8: DA2470 | C8: 45711 | D8: =$P$2-C8 -> 449 | E8: 106 | F8: Average | G8: 6 | H8: 106 | I8: 48 | J8: =RANK(I8,$I$3:$I$16)+COUNTIF(I$3:$I8,I8)-1 -> 12 | K8: 87 | L8: =RANK(K8,$K$3:$K$16)+COUNTIF(K$3:$K8,K8)-1 -> 10 | M8: =(G8+L8)/2 -> 8 | N8: =RANK(M8,$M$3:$M$16,1)+COUNTIF(M$3:$M8,M8)-1 -> 7 | P8: Lions Head | Q8: 95 | T8: 40 | W8: =S4+V4 -> 823 | X8: =R4+U4 -> 755
A9: AW | B9: DA1627 | C9: 45545 | D9: =$P$2-C9 -> 615 | E9: 102 | F9: Below average | G9: 7 | H9: 344 | I9: 110 | J9: =RANK(I9,$I$3:$I$16)+COUNTIF(I$3:$I9,I9)-1 -> 2 | K9: 86 | L9: =RANK(K9,$K$3:$K$16)+COUNTIF(K$3:$K9,K9)-1 -> 14 | M9: =(G9+L9)/2 -> 10.5 | N9: =RANK(M9,$M$3:$M$16,1)+COUNTIF(M$3:$M9,M9)-1 -> 12 | P9: Porta | Q9: 80 | T9: 30 | X9: =W8-X8 -> 68
A10: CM | B10: DA1130 | C10: 45418 | D10: =$P$2-C10 -> 742 | E10: 100 | F10: Low | G10: 8 | H10: 486 | I10: 116 | J10: =RANK(I10,$I$3:$I$16)+COUNTIF(I$3:$I10,I10)-1 -> 1 | K10: 89 | L10: =RANK(K10,$K$3:$K$16)+COUNTIF(K$3:$K10,K10)-1 -> 3 | M10: =(G10+L10)/2 -> 5.5 | N10: =RANK(M10,$M$3:$M$16,1)+COUNTIF(M$3:$M10,M10)-1 -> 4
A11: CM | B11: CL7180 | C11: 45133 | D11: =$P$2-C11 -> 1027 | E11: 99 | F11: Low | G11: 9 | H11: 390 | I11: 91 | J11: =RANK(I11,$I$3:$I$16)+COUNTIF(I$3:$I11,I11)-1 -> 3 | K11: 87 | L11: =RANK(K11,$K$3:$K$16)+COUNTIF(K$3:$K11,K11)-1 -> 11 | M11: =(G11+L11)/2 -> 10 | N11: =RANK(M11,$M$3:$M$16,1)+COUNTIF(M$3:$M11,M11)-1 -> 11
A12: AW | B12: DA2568 | C12: 45729 | D12: =$P$2-C12 -> 431 | E12: 99 | F12: Low | G12: 11 | H12: 200 | I12: 41 | J12: =RANK(I12,$I$3:$I$16)+COUNTIF(I$3:$I12,I12)-1 -> 13 | K12: 87 | L12: =RANK(K12,$K$3:$K$16)+COUNTIF(K$3:$K12,K12)-1 -> 12 | M12: =(G12+L12)/2 -> 11.5 | N12: =RANK(M12,$M$3:$M$16,1)+COUNTIF(M$3:$M12,M12)-1 -> 13
A13: CM | B13: CL3033 | C13: 45107 | D13: =$P$2-C13 -> 1053 | E13: 98 | F13: Low | G13: 12 | H13: 234 | I13: 78 | J13: =RANK(I13,$I$3:$I$16)+COUNTIF(I$3:$I13,I13)-1 -> 6 | K13: 87 | L13: =RANK(K13,$K$3:$K$16)+COUNTIF(K$3:$K13,K13)-1 -> 13 | M13: =(G13+L13)/2 -> 12.5 | N13: =RANK(M13,$M$3:$M$16,1)+COUNTIF(M$3:$M13,M13)-1 -> 14
A14: CM | B14: CJ0211 | C14: 44955 | D14: =$P$2-C14 -> 1205 | E14: 98 | F14: Low | G14: 13 | H14: 622 | I14: 87 | J14: =RANK(I14,$I$3:$I$16)+COUNTIF(I$3:$I14,I14)-1 -> 4 | K14: 89 | L14: =RANK(K14,$K$3:$K$16)+COUNTIF(K$3:$K14,K14)-1 -> 4 | M14: =(G14+L14)/2 -> 8.5 | N14: =RANK(M14,$M$3:$M$16,1)+COUNTIF(M$3:$M14,M14)-1 -> 8
B15: DA0379 | C15: 45281 | D15: =$P$2-C15 -> 879 | E15: 97 | F15: Low | G15: 14 | H15: 196 | I15: 57 | J15: =RANK(I15,$I$3:$I$16)+COUNTIF(I$3:$I15,I15)-1 -> 10 | K15: 89 | L15: =RANK(K15,$K$3:$K$16)+COUNTIF(K$3:$K15,K15)-1 -> 5 | M15: =(G15+L15)/2 -> 9.5 | N15: =RANK(M15,$M$3:$M$16,1)+COUNTIF(M$3:$M15,M15)-1 -> 10
B16: CL5312 | C16: 45120 | D16: =$P$2-C16 -> 1040 | E16: 96 | F16: Low | G16: 15 | H16: 402 | I16: 79 | J16: =RANK(I16,$I$3:$I$16)+COUNTIF(I$3:$I16,I16)-1 -> 5 | K16: 90 | L16: =RANK(K16,$K$3:$K$16)+COUNTIF(K$3:$K16,K16)-1 -> 2 | M16: =(G16+L16)/2 -> 8.5 | N16: =RANK(M16,$M$3:$M$16,1)+COUNTIF(M$3:$M16,M16)-1 -> 9
B19: Sunday | C19: Wednesday
B20: T1 | C20: T2
B23: COMMENT
E24: Not yet in use

Sheet week 23
A1: Collector ID | B1: Boar | C1: DoB | D1: Age | E1: TSI | F1: Genetic level | G1: Genetic Rank | H1: Last recorded raw Semen collected (mls) | I1: Last recorded Doses | J1: Dose rank | K1: Last recorded Morphology | L1: Morphology Rank | M1: Overal Grading | N1: Overal Rank | AA1: 45677
P2: 46167 | Q2: Sunday | R2: Sunday | S2: Sunday | T2: Wed | U2: Wed | V2: Wed
A3: AW | B3: DA3337 | C3: 45883 | D3: =$P$2-C3 -> 284 | E3: 119 | F3: Above average | G3: 1 | H3: 194 | I3: 42 | J3: =RANK(I3,$I$3:$I$16)+COUNTIF(I$3:$I3,I3)-1 -> 11 | K3: 88 | L3: =RANK(K3,$K$3:$K$16)+COUNTIF(K$3:$K3,K3)-1 -> 5 | M3: =(G3+L3)/2 -> 3 | N3: =RANK(M3,$M$3:$M$16,1)+COUNTIF(M$3:$M3,M3)-1 -> 2 | Q3: required | R3: estimate | S3: actual | T3: required | U3: estimate | V3: actual
A4: AW | B4: DA3132 | C4: 45850 | D4: =$P$2-C4 -> 317 | E4: 118 | F4: Above average | G4: 2 | H4: 200 | I4: 17 | J4: =RANK(I4,$I$3:$I$16)+COUNTIF(I$3:$I4,I4)-1 -> 14 | K4: 89 | L4: =RANK(K4,$K$3:$K$16)+COUNTIF(K$3:$K4,K4)-1 -> 3 | M4: =(G4+L4)/2 -> 2.5 | N4: =RANK(M4,$M$3:$M$16,1)+COUNTIF(M$3:$M4,M4)-1 -> 1 | P4: total | Q4: =SUM(Q5:Q9) -> 480 | R4: 565 | S4: 493 | T4: =SUM(T5:T9) -> 175 | U4: 258 | V4: 202
B5: DA3300 | C5: 45873 | D5: =$P$2-C5 -> 294 | E5: 117 | F5: Above average | G5: 3 | H5: 150 | I5: 57 | J5: =RANK(I5,$I$3:$I$16)+COUNTIF(I$3:$I5,I5)-1 -> 9 | K5: 88 | L5: =RANK(K5,$K$3:$K$16)+COUNTIF(K$3:$K5,K5)-1 -> 6 | M5: =(G5+L5)/2 -> 4.5 | N5: =RANK(M5,$M$3:$M$16,1)+COUNTIF(M$3:$M5,M5)-1 -> 4 | P5: grasmere | Q5: 180 | T5: 60
A6: AW | B6: DA1721 | C6: 45561 | D6: =$P$2-C6 -> 606 | E6: 108 | F6: Average | G6: 4 | H6: 186 | I6: 40 | J6: =RANK(I6,$I$3:$I$16)+COUNTIF(I$3:$I6,I6)-1 -> 12 | K6: 88 | L6: =RANK(K6,$K$3:$K$16)+COUNTIF(K$3:$K6,K6)-1 -> 7 | M6: =(G6+L6)/2 -> 5.5 | N6: =RANK(M6,$M$3:$M$16,1)+COUNTIF(M$3:$M6,M6)-1 -> 5 | P6: richlands | Q6: 85 | T6: 35
A7: TA | B7: DA1669 | C7: 45553 | D7: =$P$2-C7 -> 614 | E7: 107 | F7: Average | G7: 5 | H7: 292 | I7: 70 | J7: =RANK(I7,$I$3:$I$16)+COUNTIF(I$3:$I7,I7)-1 -> 7 | K7: 88 | L7: =RANK(K7,$K$3:$K$16)+COUNTIF(K$3:$K7,K7)-1 -> 8 | M7: =(G7+L7)/2 -> 6.5 | N7: =RANK(M7,$M$3:$M$16,1)+COUNTIF(M$3:$M7,M7)-1 -> 7 | P7: Villa | Q7: 40 | T7: 10 | W7: Actual total | X7: estimated
A8: AW | B8: DA2470 | C8: 45711 | D8: =$P$2-C8 -> 456 | E8: 106 | F8: Average | G8: 6 | H8: 182 | I8: 38 | J8: =RANK(I8,$I$3:$I$16)+COUNTIF(I$3:$I8,I8)-1 -> 13 | K8: 87 | L8: =RANK(K8,$K$3:$K$16)+COUNTIF(K$3:$K8,K8)-1 -> 12 | M8: =(G8+L8)/2 -> 9 | N8: =RANK(M8,$M$3:$M$16,1)+COUNTIF(M$3:$M8,M8)-1 -> 9 | P8: Lions Head | Q8: 95 | T8: 40 | W8: =S4+V4 -> 695 | X8: =R4+U4 -> 823
A9: TA | B9: DA1627 | C9: 45545 | D9: =$P$2-C9 -> 622 | E9: 102 | F9: Below average | G9: 7 | H9: 266 | I9: 65 | J9: =RANK(I9,$I$3:$I$16)+COUNTIF(I$3:$I9,I9)-1 -> 8 | K9: 90 | L9: =RANK(K9,$K$3:$K$16)+COUNTIF(K$3:$K9,K9)-1 -> 1 | M9: =(G9+L9)/2 -> 4 | N9: =RANK(M9,$M$3:$M$16,1)+COUNTIF(M$3:$M9,M9)-1 -> 3 | P9: Porta | Q9: 80 | T9: 30 | X9: =W8-X8 -> -128
A10: AW | B10: DA1130 | C10: 45418 | D10: =$P$2-C10 -> 749 | E10: 100 | F10: Low | G10: 8 | H10: 512 | I10: 97 | J10: =RANK(I10,$I$3:$I$16)+COUNTIF(I$3:$I10,I10)-1 -> 1 | K10: 89 | L10: =RANK(K10,$K$3:$K$16)+COUNTIF(K$3:$K10,K10)-1 -> 4 | M10: =(G10+L10)/2 -> 6 | N10: =RANK(M10,$M$3:$M$16,1)+COUNTIF(M$3:$M10,M10)-1 -> 6
A11: TA | B11: CL7180 | C11: 45133 | D11: =$P$2-C11 -> 1034 | E11: 99 | F11: Low | G11: 9 | H11: 310 | I11: 82 | J11: =RANK(I11,$I$3:$I$16)+COUNTIF(I$3:$I11,I11)-1 -> 3 | K11: 88 | L11: =RANK(K11,$K$3:$K$16)+COUNTIF(K$3:$K11,K11)-1 -> 9 | M11: =(G11+L11)/2 -> 9 | N11: =RANK(M11,$M$3:$M$16,1)+COUNTIF(M$3:$M11,M11)-1 -> 10
A12: TA | B12: DA2568 | C12: 45729 | D12: =$P$2-C12 -> 438 | E12: 99 | F12: Low | G12: 11 | H12: 186 | I12: 74 | J12: =RANK(I12,$I$3:$I$16)+COUNTIF(I$3:$I12,I12)-1 -> 6 | K12: 88 | L12: =RANK(K12,$K$3:$K$16)+COUNTIF(K$3:$K12,K12)-1 -> 10 | M12: =(G12+L12)/2 -> 10.5 | N12: =RANK(M12,$M$3:$M$16,1)+COUNTIF(M$3:$M12,M12)-1 -> 11
A13: AW | B13: CL3033 | C13: 45107 | D13: =$P$2-C13 -> 1060 | E13: 98 | F13: Low | G13: 12 | H13: 286 | I13: 90 | J13: =RANK(I13,$I$3:$I$16)+COUNTIF(I$3:$I13,I13)-1 -> 2 | K13: 86 | L13: =RANK(K13,$K$3:$K$16)+COUNTIF(K$3:$K13,K13)-1 -> 14 | M13: =(G13+L13)/2 -> 13 | N13: =RANK(M13,$M$3:$M$16,1)+COUNTIF(M$3:$M13,M13)-1 -> 13
A14: TA | B14: CJ0211 | C14: 44955 | D14: =$P$2-C14 -> 1212 | E14: 98 | F14: Low | G14: 13 | H14: 506 | I14: 80 | J14: =RANK(I14,$I$3:$I$16)+COUNTIF(I$3:$I14,I14)-1 -> 4 | K14: 88 | L14: =RANK(K14,$K$3:$K$16)+COUNTIF(K$3:$K14,K14)-1 -> 11 | M14: =(G14+L14)/2 -> 12 | N14: =RANK(M14,$M$3:$M$16,1)+COUNTIF(M$3:$M14,M14)-1 -> 12
B15: DA0379 | C15: 45281 | D15: =$P$2-C15 -> 886 | E15: 97 | F15: Low | G15: 14 | H15: 196 | I15: 57 | J15: =RANK(I15,$I$3:$I$16)+COUNTIF(I$3:$I15,I15)-1 -> 10 | K15: 87 | L15: =RANK(K15,$K$3:$K$16)+COUNTIF(K$3:$K15,K15)-1 -> 13 | M15: =(G15+L15)/2 -> 13.5 | N15: =RANK(M15,$M$3:$M$16,1)+COUNTIF(M$3:$M15,M15)-1 -> 14
B16: CL5312 | C16: 45120 | D16: =$P$2-C16 -> 1047 | E16: 96 | F16: Low | G16: 15 | H16: 402 | I16: 79 | J16: =RANK(I16,$I$3:$I$16)+COUNTIF(I$3:$I16,I16)-1 -> 5 | K16: 90 | L16: =RANK(K16,$K$3:$K$16)+COUNTIF(K$3:$K16,K16)-1 -> 2 | M16: =(G16+L16)/2 -> 8.5 | N16: =RANK(M16,$M$3:$M$16,1)+COUNTIF(M$3:$M16,M16)-1 -> 8
B19: Sunday | C19: Wednesday
B20: T1 | C20: T2
B23: COMMENT
E24: Not yet in use

Sheet week 24
A1: Collector ID | B1: Boar | C1: DoB | D1: Age | E1: TSI | F1: Genetic level | G1: Genetic Rank | H1: Last recorded raw Semen collected (mls) | I1: Last recorded Doses | J1: Dose rank | K1: Last recorded Morphology | L1: Morphology Rank | M1: Overal Grading | N1: Overal Rank | AA1: 45677
P2: 46174 | Q2: Sunday | R2: Sunday | S2: Sunday | T2: Wed | U2: Wed | V2: Wed
A3: AW | B3: DA3337 | C3: 45883 | D3: =$P$2-C3 -> 291 | E3: 119 | F3: Above average | G3: 1 | H3: 140 | I3: 35 | J3: =RANK(I3,$I$3:$I$16)+COUNTIF(I$3:$I3,I3)-1 -> 12 | K3: 90 | L3: =RANK(K3,$K$3:$K$16)+COUNTIF(K$3:$K3,K3)-1 -> 1 | M3: =(G3+L3)/2 -> 1 | N3: =RANK(M3,$M$3:$M$16,1)+COUNTIF(M$3:$M3,M3)-1 -> 1 | Q3: required | R3: estimate | S3: actual | T3: required | U3: estimate | V3: actual
A4: AW | B4: DA3132 | C4: 45850 | D4: =$P$2-C4 -> 324 | E4: 118 | F4: Above average | G4: 2 | H4: 124 | I4: 17 | J4: =RANK(I4,$I$3:$I$16)+COUNTIF(I$3:$I4,I4)-1 -> 14 | K4: 87 | L4: =RANK(K4,$K$3:$K$16)+COUNTIF(K$3:$K4,K4)-1 -> 9 | M4: =(G4+L4)/2 -> 5.5 | N4: =RANK(M4,$M$3:$M$16,1)+COUNTIF(M$3:$M4,M4)-1 -> 2 | P4: total | Q4: =SUM(Q5:Q9) -> 480 | R4: 493 | S4: 519 | T4: =SUM(T5:T9) -> 175 | U4: 202 | V4: 181
B5: DA3300 | C5: 45873 | D5: =$P$2-C5 -> 301 | E5: 117 | F5: Above average | G5: 3 | H5: 150 | I5: 57 | J5: =RANK(I5,$I$3:$I$16)+COUNTIF(I$3:$I5,I5)-1 -> 9 | K5: 87 | L5: =RANK(K5,$K$3:$K$16)+COUNTIF(K$3:$K5,K5)-1 -> 10 | M5: =(G5+L5)/2 -> 6.5 | N5: =RANK(M5,$M$3:$M$16,1)+COUNTIF(M$3:$M5,M5)-1 -> 4 | P5: grasmere | Q5: 180 | T5: 60
A6: TA | B6: DA1721 | C6: 45561 | D6: =$P$2-C6 -> 613 | E6: 108 | F6: Average | G6: 4 | H6: 180 | I6: 34 | J6: =RANK(I6,$I$3:$I$16)+COUNTIF(I$3:$I6,I6)-1 -> 13 | K6: 87 | L6: =RANK(K6,$K$3:$K$16)+COUNTIF(K$3:$K6,K6)-1 -> 11 | M6: =(G6+L6)/2 -> 7.5 | N6: =RANK(M6,$M$3:$M$16,1)+COUNTIF(M$3:$M6,M6)-1 -> 6 | P6: richlands | Q6: 85 | T6: 35
A7: CM | B7: DA1669 | C7: 45553 | D7: =$P$2-C7 -> 621 | E7: 107 | F7: Average | G7: 5 | H7: 336 | I7: 75 | J7: =RANK(I7,$I$3:$I$16)+COUNTIF(I$3:$I7,I7)-1 -> 6 | K7: 87 | L7: =RANK(K7,$K$3:$K$16)+COUNTIF(K$3:$K7,K7)-1 -> 12 | M7: =(G7+L7)/2 -> 8.5 | N7: =RANK(M7,$M$3:$M$16,1)+COUNTIF(M$3:$M7,M7)-1 -> 8 | P7: Villa | Q7: 40 | T7: 10 | W7: Actual total | X7: estimated
A8: TA | B8: DA2470 | C8: 45711 | D8: =$P$2-C8 -> 463 | E8: 106 | F8: Average | G8: 6 | H8: 116 | I8: 40 | J8: =RANK(I8,$I$3:$I$16)+COUNTIF(I$3:$I8,I8)-1 -> 11 | K8: 87 | L8: =RANK(K8,$K$3:$K$16)+COUNTIF(K$3:$K8,K8)-1 -> 13 | M8: =(G8+L8)/2 -> 9.5 | N8: =RANK(M8,$M$3:$M$16,1)+COUNTIF(M$3:$M8,M8)-1 -> 11 | P8: Lions Head | Q8: 95 | T8: 40 | W8: =S4+V4 -> 700 | X8: =R4+U4 -> 695
A9: CM | B9: DA1627 | C9: 45545 | D9: =$P$2-C9 -> 629 | E9: 102 | F9: Below average | G9: 7 | H9: 406 | I9: 87 | J9: =RANK(I9,$I$3:$I$16)+COUNTIF(I$3:$I9,I9)-1 -> 2 | K9: 88 | L9: =RANK(K9,$K$3:$K$16)+COUNTIF(K$3:$K9,K9)-1 -> 6 | M9: =(G9+L9)/2 -> 6.5 | N9: =RANK(M9,$M$3:$M$16,1)+COUNTIF(M$3:$M9,M9)-1 -> 5 | P9: Porta | Q9: 80 | T9: 30 | X9: =W8-X8 -> 5
A10: CM | B10: DA1130 | C10: 45418 | D10: =$P$2-C10 -> 756 | E10: 100 | F10: Low | G10: 8 | H10: 470 | I10: 107 | J10: =RANK(I10,$I$3:$I$16)+COUNTIF(I$3:$I10,I10)-1 -> 1 | K10: 89 | L10: =RANK(K10,$K$3:$K$16)+COUNTIF(K$3:$K10,K10)-1 -> 3 | M10: =(G10+L10)/2 -> 5.5 | N10: =RANK(M10,$M$3:$M$16,1)+COUNTIF(M$3:$M10,M10)-1 -> 3
A11: AW | B11: CL7180 | C11: 45133 | D11: =$P$2-C11 -> 1041 | E11: 99 | F11: Low | G11: 9 | H11: 378 | I11: 72 | J11: =RANK(I11,$I$3:$I$16)+COUNTIF(I$3:$I11,I11)-1 -> 7 | K11: 88 | L11: =RANK(K11,$K$3:$K$16)+COUNTIF(K$3:$K11,K11)-1 -> 7 | M11: =(G11+L11)/2 -> 8 | N11: =RANK(M11,$M$3:$M$16,1)+COUNTIF(M$3:$M11,M11)-1 -> 7
A12: AW | B12: DA2568 | C12: 45729 | D12: =$P$2-C12 -> 445 | E12: 99 | F12: Low | G12: 11 | H12: 214 | I12: 77 | J12: =RANK(I12,$I$3:$I$16)+COUNTIF(I$3:$I12,I12)-1 -> 5 | K12: 88 | L12: =RANK(K12,$K$3:$K$16)+COUNTIF(K$3:$K12,K12)-1 -> 8 | M12: =(G12+L12)/2 -> 9.5 | N12: =RANK(M12,$M$3:$M$16,1)+COUNTIF(M$3:$M12,M12)-1 -> 12
A13: AW | B13: CL3033 | C13: 45107 | D13: =$P$2-C13 -> 1067 | E13: 98 | F13: Low | G13: 12 | H13: 338 | I13: 71 | J13: =RANK(I13,$I$3:$I$16)+COUNTIF(I$3:$I13,I13)-1 -> 8 | K13: 86 | L13: =RANK(K13,$K$3:$K$16)+COUNTIF(K$3:$K13,K13)-1 -> 14 | M13: =(G13+L13)/2 -> 13 | N13: =RANK(M13,$M$3:$M$16,1)+COUNTIF(M$3:$M13,M13)-1 -> 14
A14: AW | B14: CJ0211 | C14: 44955 | D14: =$P$2-C14 -> 1219 | E14: 98 | F14: Low | G14: 13 | H14: 540 | I14: 85 | J14: =RANK(I14,$I$3:$I$16)+COUNTIF(I$3:$I14,I14)-1 -> 3 | K14: 89 | L14: =RANK(K14,$K$3:$K$16)+COUNTIF(K$3:$K14,K14)-1 -> 4 | M14: =(G14+L14)/2 -> 8.5 | N14: =RANK(M14,$M$3:$M$16,1)+COUNTIF(M$3:$M14,M14)-1 -> 9
B15: DA0379 | C15: 45281 | D15: =$P$2-C15 -> 893 | E15: 97 | F15: Low | G15: 14 | H15: 196 | I15: 57 | J15: =RANK(I15,$I$3:$I$16)+COUNTIF(I$3:$I15,I15)-1 -> 10 | K15: 89 | L15: =RANK(K15,$K$3:$K$16)+COUNTIF(K$3:$K15,K15)-1 -> 5 | M15: =(G15+L15)/2 -> 9.5 | N15: =RANK(M15,$M$3:$M$16,1)+COUNTIF(M$3:$M15,M15)-1 -> 13
B16: CL5312 | C16: 45120 | D16: =$P$2-C16 -> 1054 | E16: 96 | F16: Low | G16: 15 | H16: 402 | I16: 79 | J16: =RANK(I16,$I$3:$I$16)+COUNTIF(I$3:$I16,I16)-1 -> 4 | K16: 90 | L16: =RANK(K16,$K$3:$K$16)+COUNTIF(K$3:$K16,K16)-1 -> 2 | M16: =(G16+L16)/2 -> 8.5 | N16: =RANK(M16,$M$3:$M$16,1)+COUNTIF(M$3:$M16,M16)-1 -> 10
B19: Sunday | C19: Wednesday
B20: T1 | C20: T2
B23: COMMENT
E24: Not yet in use

Sheet week 25
A1: Collector ID | B1: Boar | C1: DoB | D1: Age | E1: TSI | F1: Genetic level | G1: Genetic Rank | H1: Last recorded raw Semen collected (mls) | I1: Last recorded Doses | J1: Dose rank | K1: Last recorded Morphology | L1: Morphology Rank | M1: Overal Grading | N1: Overal Rank | AA1: 45677
P2: 46181 | Q2: Sunday | R2: Sunday | S2: Sunday | T2: Wed | U2: Wed | V2: Wed
A3: CM | B3: DA3337 | C3: 45883 | D3: =$P$2-C3 -> 298 | E3: 119 | F3: Above average | G3: 1 | H3: 186 | I3: 40 | J3: =RANK(I3,$I$3:$I$16)+COUNTIF(I$3:$I3,I3)-1 -> 12 | K3: 88 | L3: =RANK(K3,$K$3:$K$16)+COUNTIF(K$3:$K3,K3)-1 -> 7 | M3: =(G3+L3)/2 -> 4 | N3: =RANK(M3,$M$3:$M$16,1)+COUNTIF(M$3:$M3,M3)-1 -> 2 | Q3: required | R3: estimate | S3: actual | T3: required | U3: estimate | V3: actual
A4: CM | B4: DA3132 | C4: 45850 | D4: =$P$2-C4 -> 331 | E4: 118 | F4: Above average | G4: 2 | H4: 142 | I4: 46 | J4: =RANK(I4,$I$3:$I$16)+COUNTIF(I$3:$I4,I4)-1 -> 11 | K4: 87 | L4: =RANK(K4,$K$3:$K$16)+COUNTIF(K$3:$K4,K4)-1 -> 12 | M4: =(G4+L4)/2 -> 7 | N4: =RANK(M4,$M$3:$M$16,1)+COUNTIF(M$3:$M4,M4)-1 -> 6 | P4: total | Q4: =SUM(Q5:Q9) -> 480 | R4: 519 | S4: 504 | T4: =SUM(T5:T9) -> 175 | U4: 181
A5: TA | B5: DA3300 | C5: 45873 | D5: =$P$2-C5 -> 308 | E5: 117 | F5: Above average | G5: 3 | H5: 156 | I5: 50 | J5: =RANK(I5,$I$3:$I$16)+COUNTIF(I$3:$I5,I5)-1 -> 10 | K5: 88 | L5: =RANK(K5,$K$3:$K$16)+COUNTIF(K$3:$K5,K5)-1 -> 8 | M5: =(G5+L5)/2 -> 5.5 | N5: =RANK(M5,$M$3:$M$16,1)+COUNTIF(M$3:$M5,M5)-1 -> 4 | P5: grasmere | Q5: 180 | T5: 60
B6: DA1721 | C6: 45561 | D6: =$P$2-C6 -> 620 | E6: 108 | F6: Average | G6: 4 | H6: 180 | I6: 34 | J6: =RANK(I6,$I$3:$I$16)+COUNTIF(I$3:$I6,I6)-1 -> 13 | K6: 87 | L6: =RANK(K6,$K$3:$K$16)+COUNTIF(K$3:$K6,K6)-1 -> 13 | M6: =(G6+L6)/2 -> 8.5 | N6: =RANK(M6,$M$3:$M$16,1)+COUNTIF(M$3:$M6,M6)-1 -> 7 | P6: richlands | Q6: 85 | T6: 35
A7: CM | B7: DA1669 | C7: 45553 | D7: =$P$2-C7 -> 628 | E7: 107 | F7: Average | G7: 5 | H7: 376 | I7: 68 | J7: =RANK(I7,$I$3:$I$16)+COUNTIF(I$3:$I7,I7)-1 -> 6 | K7: 89 | L7: =RANK(K7,$K$3:$K$16)+COUNTIF(K$3:$K7,K7)-1 -> 3 | M7: =(G7+L7)/2 -> 4 | N7: =RANK(M7,$M$3:$M$16,1)+COUNTIF(M$3:$M7,M7)-1 -> 3 | P7: Villa | Q7: 40 | T7: 10 | W7: Actual total | X7: estimated
A8: CM | B8: DA2470 | C8: 45711 | D8: =$P$2-C8 -> 470 | E8: 106 | F8: Average | G8: 6 | H8: 206 | I8: 33 | J8: =RANK(I8,$I$3:$I$16)+COUNTIF(I$3:$I8,I8)-1 -> 14 | K8: 90 | L8: =RANK(K8,$K$3:$K$16)+COUNTIF(K$3:$K8,K8)-1 -> 1 | M8: =(G8+L8)/2 -> 3.5 | N8: =RANK(M8,$M$3:$M$16,1)+COUNTIF(M$3:$M8,M8)-1 -> 1 | P8: Lions Head | Q8: 95 | T8: 40 | W8: =S4+V4 -> 504 | X8: =R4+U4 -> 700
A9: CM | B9: DA1627 | C9: 45545 | D9: =$P$2-C9 -> 636 | E9: 102 | F9: Below average | G9: 7 | H9: 264 | I9: 79 | J9: =RANK(I9,$I$3:$I$16)+COUNTIF(I$3:$I9,I9)-1 -> 4 | K9: 89 | L9: =RANK(K9,$K$3:$K$16)+COUNTIF(K$3:$K9,K9)-1 -> 4 | M9: =(G9+L9)/2 -> 5.5 | N9: =RANK(M9,$M$3:$M$16,1)+COUNTIF(M$3:$M9,M9)-1 -> 5 | P9: Porta | Q9: 80 | T9: 30 | X9: =W8-X8 -> -196
A10: TA | B10: DA1130 | C10: 45418 | D10: =$P$2-C10 -> 763 | E10: 100 | F10: Low | G10: 8 | H10: 330 | I10: 52 | J10: =RANK(I10,$I$3:$I$16)+COUNTIF(I$3:$I10,I10)-1 -> 9 | K10: 88 | L10: =RANK(K10,$K$3:$K$16)+COUNTIF(K$3:$K10,K10)-1 -> 9 | M10: =(G10+L10)/2 -> 8.5 | N10: =RANK(M10,$M$3:$M$16,1)+COUNTIF(M$3:$M10,M10)-1 -> 8
A11: TA | B11: CL7180 | C11: 45133 | D11: =$P$2-C11 -> 1048 | E11: 99 | F11: Low | G11: 9 | H11: 324 | I11: 87 | J11: =RANK(I11,$I$3:$I$16)+COUNTIF(I$3:$I11,I11)-1 -> 3 | K11: 87 | L11: =RANK(K11,$K$3:$K$16)+COUNTIF(K$3:$K11,K11)-1 -> 14 | M11: =(G11+L11)/2 -> 11.5 | N11: =RANK(M11,$M$3:$M$16,1)+COUNTIF(M$3:$M11,M11)-1 -> 13
A12: CM | B12: DA2568 | C12: 45729 | D12: =$P$2-C12 -> 452 | E12: 99 | F12: Low | G12: 11 | H12: 176 | I12: 64 | J12: =RANK(I12,$I$3:$I$16)+COUNTIF(I$3:$I12,I12)-1 -> 7 | K12: 88 | L12: =RANK(K12,$K$3:$K$16)+COUNTIF(K$3:$K12,K12)-1 -> 10 | M12: =(G12+L12)/2 -> 10.5 | N12: =RANK(M12,$M$3:$M$16,1)+COUNTIF(M$3:$M12,M12)-1 -> 12
A13: TA | B13: CL3033 | C13: 45107 | D13: =$P$2-C13 -> 1074 | E13: 98 | F13: Low | G13: 12 | H13: 218 | I13: 107 | J13: =RANK(I13,$I$3:$I$16)+COUNTIF(I$3:$I13,I13)-1 -> 1 | K13: 89 | L13: =RANK(K13,$K$3:$K$16)+COUNTIF(K$3:$K13,K13)-1 -> 5 | M13: =(G13+L13)/2 -> 8.5 | N13: =RANK(M13,$M$3:$M$16,1)+COUNTIF(M$3:$M13,M13)-1 -> 9
A14: CM | B14: CJ0211 | C14: 44955 | D14: =$P$2-C14 -> 1226 | E14: 98 | F14: Low | G14: 13 | H14: 598 | I14: 88 | J14: =RANK(I14,$I$3:$I$16)+COUNTIF(I$3:$I14,I14)-1 -> 2 | K14: 88 | L14: =RANK(K14,$K$3:$K$16)+COUNTIF(K$3:$K14,K14)-1 -> 11 | M14: =(G14+L14)/2 -> 12 | N14: =RANK(M14,$M$3:$M$16,1)+COUNTIF(M$3:$M14,M14)-1 -> 14
B15: DA0379 | C15: 45281 | D15: =$P$2-C15 -> 900 | E15: 97 | F15: Low | G15: 14 | H15: 196 | I15: 57 | J15: =RANK(I15,$I$3:$I$16)+COUNTIF(I$3:$I15,I15)-1 -> 8 | K15: 89 | L15: =RANK(K15,$K$3:$K$16)+COUNTIF(K$3:$K15,K15)-1 -> 6 | M15: =(G15+L15)/2 -> 10 | N15: =RANK(M15,$M$3:$M$16,1)+COUNTIF(M$3:$M15,M15)-1 -> 11
B16: CL5312 | C16: 45120 | D16: =$P$2-C16 -> 1061 | E16: 96 | F16: Low | G16: 15 | H16: 402 | I16: 79 | J16: =RANK(I16,$I$3:$I$16)+COUNTIF(I$3:$I16,I16)-1 -> 5 | K16: 90 | L16: =RANK(K16,$K$3:$K$16)+COUNTIF(K$3:$K16,K16)-1 -> 2 | M16: =(G16+L16)/2 -> 8.5 | N16: =RANK(M16,$M$3:$M$16,1)+COUNTIF(M$3:$M16,M16)-1 -> 10
B19: Sunday | C19: Wednesday
B20: T1 | C20: T2
B23: COMMENT
E24: Not yet in use

Sheet week 26
A1: Collector ID | B1: Boar | C1: DoB | D1: Age | E1: TSI | F1: Genetic level | G1: Genetic Rank | H1: Last recorded raw Semen collected (mls) | I1: Last recorded Doses | J1: Dose rank | K1: Last recorded Morphology | L1: Morphology Rank | M1: Overal Grading | N1: Overal Rank | AA1: 45677
P2: 46188 | Q2: Sunday | R2: Sunday | S2: Sunday | T2: Wed | U2: Wed | V2: Wed
A3: AW | B3: DA3337 | C3: 45883 | D3: =$P$2-C3 -> 305 | E3: 119 | F3: Above average | G3: 1 | H3: 152 | I3: 52 | J3: =RANK(I3,$I$3:$I$16)+COUNTIF(I$3:$I3,I3)-1 -> 11 | K3: 88 | L3: =RANK(K3,$K$3:$K$16)+COUNTIF(K$3:$K3,K3)-1 -> 5 | M3: =(G3+L3)/2 -> 3 | N3: =RANK(M3,$M$3:$M$16,1)+COUNTIF(M$3:$M3,M3)-1 -> 1 | Q3: required | R3: estimate | S3: actual | T3: required | U3: estimate | V3: actual
A4: CM | B4: DA3132 | C4: 45850 | D4: =$P$2-C4 -> 338 | E4: 118 | F4: Above average | G4: 2 | H4: 158 | I4: 60 | J4: =RANK(I4,$I$3:$I$16)+COUNTIF(I$3:$I4,I4)-1 -> 8 | K4: 88 | L4: =RANK(K4,$K$3:$K$16)+COUNTIF(K$3:$K4,K4)-1 -> 6 | M4: =(G4+L4)/2 -> 4 | N4: =RANK(M4,$M$3:$M$16,1)+COUNTIF(M$3:$M4,M4)-1 -> 2 | P4: total | Q4: =SUM(Q5:Q9) -> 480 | R4: 504 | S4: 588 | T4: =SUM(T5:T9) -> 175 | U4: 217 | V4: 310
A5: CM | B5: DA3300 | C5: 45873 | D5: =$P$2-C5 -> 315 | E5: 117 | F5: Above average | G5: 3 | H5: 180 | I5: 47 | J5: =RANK(I5,$I$3:$I$16)+COUNTIF(I$3:$I5,I5)-1 -> 13 | K5: 88 | L5: =RANK(K5,$K$3:$K$16)+COUNTIF(K$3:$K5,K5)-1 -> 7 | M5: =(G5+L5)/2 -> 5 | N5: =RANK(M5,$M$3:$M$16,1)+COUNTIF(M$3:$M5,M5)-1 -> 4 | P5: grasmere | Q5: 180 | T5: 60
A6: TA | B6: DA1721 | C6: 45561 | D6: =$P$2-C6 -> 627 | E6: 108 | F6: Average | G6: 4 | H6: 348 | I6: 58 | J6: =RANK(I6,$I$3:$I$16)+COUNTIF(I$3:$I6,I6)-1 -> 9 | K6: 87 | L6: =RANK(K6,$K$3:$K$16)+COUNTIF(K$3:$K6,K6)-1 -> 11 | M6: =(G6+L6)/2 -> 7.5 | N6: =RANK(M6,$M$3:$M$16,1)+COUNTIF(M$3:$M6,M6)-1 -> 7 | P6: richlands | Q6: 85 | T6: 35
A7: TA | B7: DA1669 | C7: 45553 | D7: =$P$2-C7 -> 635 | E7: 107 | F7: Average | G7: 5 | H7: 324 | I7: 52 | J7: =RANK(I7,$I$3:$I$16)+COUNTIF(I$3:$I7,I7)-1 -> 12 | K7: 88 | L7: =RANK(K7,$K$3:$K$16)+COUNTIF(K$3:$K7,K7)-1 -> 8 | M7: =(G7+L7)/2 -> 6.5 | N7: =RANK(M7,$M$3:$M$16,1)+COUNTIF(M$3:$M7,M7)-1 -> 6 | P7: Villa | Q7: 40 | T7: 10 | W7: Actual total | X7: estimated
A8: AW | B8: DA2470 | C8: 45711 | D8: =$P$2-C8 -> 477 | E8: 106 | F8: Average | G8: 6 | H8: 136 | I8: 46 | J8: =RANK(I8,$I$3:$I$16)+COUNTIF(I$3:$I8,I8)-1 -> 14 | K8: 87 | L8: =RANK(K8,$K$3:$K$16)+COUNTIF(K$3:$K8,K8)-1 -> 12 | M8: =(G8+L8)/2 -> 9 | N8: =RANK(M8,$M$3:$M$16,1)+COUNTIF(M$3:$M8,M8)-1 -> 9 | P8: Lions Head | Q8: 95 | T8: 40 | W8: =S4+V4 -> 898 | X8: =R4+U4 -> 721
B9: DA1627 | C9: 45545 | D9: =$P$2-C9 -> 643 | E9: 102 | F9: Below average | G9: 7 | H9: 264 | I9: 79 | J9: =RANK(I9,$I$3:$I$16)+COUNTIF(I$3:$I9,I9)-1 -> 4 | K9: 89 | L9: =RANK(K9,$K$3:$K$16)+COUNTIF(K$3:$K9,K9)-1 -> 2 | M9: =(G9+L9)/2 -> 4.5 | N9: =RANK(M9,$M$3:$M$16,1)+COUNTIF(M$3:$M9,M9)-1 -> 3 | P9: Porta | Q9: 80 | T9: 30 | X9: =W8-X8 -> 177
A10: TA | B10: DA1130 | C10: 45418 | D10: =$P$2-C10 -> 770 | E10: 100 | F10: Low | G10: 8 | H10: 412 | I10: 100 | J10: =RANK(I10,$I$3:$I$16)+COUNTIF(I$3:$I10,I10)-1 -> 1 | K10: 89 | L10: =RANK(K10,$K$3:$K$16)+COUNTIF(K$3:$K10,K10)-1 -> 3 | M10: =(G10+L10)/2 -> 5.5 | N10: =RANK(M10,$M$3:$M$16,1)+COUNTIF(M$3:$M10,M10)-1 -> 5
A11: CM | B11: CL7180 | C11: 45133 | D11: =$P$2-C11 -> 1055 | E11: 99 | F11: Low | G11: 9 | H11: 306 | I11: 68 | J11: =RANK(I11,$I$3:$I$16)+COUNTIF(I$3:$I11,I11)-1 -> 7 | K11: 88 | L11: =RANK(K11,$K$3:$K$16)+COUNTIF(K$3:$K11,K11)-1 -> 9 | M11: =(G11+L11)/2 -> 9 | N11: =RANK(M11,$M$3:$M$16,1)+COUNTIF(M$3:$M11,M11)-1 -> 10
A12: TA | B12: DA2568 | C12: 45729 | D12: =$P$2-C12 -> 459 | E12: 99 | F12: Low | G12: 11 | H12: 182 | I12: 73 | J12: =RANK(I12,$I$3:$I$16)+COUNTIF(I$3:$I12,I12)-1 -> 6 | K12: 87 | L12: =RANK(K12,$K$3:$K$16)+COUNTIF(K$3:$K12,K12)-1 -> 13 | M12: =(G12+L12)/2 -> 12 | N12: =RANK(M12,$M$3:$M$16,1)+COUNTIF(M$3:$M12,M12)-1 -> 13
A13: TA | B13: CL3033 | C13: 45107 | D13: =$P$2-C13 -> 1081 | E13: 98 | F13: Low | G13: 12 | H13: 320 | I13: 82 | J13: =RANK(I13,$I$3:$I$16)+COUNTIF(I$3:$I13,I13)-1 -> 3 | K13: 86 | L13: =RANK(K13,$K$3:$K$16)+COUNTIF(K$3:$K13,K13)-1 -> 14 | M13: =(G13+L13)/2 -> 13 | N13: =RANK(M13,$M$3:$M$16,1)+COUNTIF(M$3:$M13,M13)-1 -> 14
A14: CM | B14: CJ0211 | C14: 44955 | D14: =$P$2-C14 -> 1233 | E14: 98 | F14: Low | G14: 13 | H14: 542 | I14: 85 | J14: =RANK(I14,$I$3:$I$16)+COUNTIF(I$3:$I14,I14)-1 -> 2 | K14: 88 | L14: =RANK(K14,$K$3:$K$16)+COUNTIF(K$3:$K14,K14)-1 -> 10 | M14: =(G14+L14)/2 -> 11.5 | N14: =RANK(M14,$M$3:$M$16,1)+COUNTIF(M$3:$M14,M14)-1 -> 12
B15: DA0379 | C15: 45281 | D15: =$P$2-C15 -> 907 | E15: 97 | F15: Low | G15: 14 | H15: 196 | I15: 57 | J15: =RANK(I15,$I$3:$I$16)+COUNTIF(I$3:$I15,I15)-1 -> 10 | K15: 89 | L15: =RANK(K15,$K$3:$K$16)+COUNTIF(K$3:$K15,K15)-1 -> 4 | M15: =(G15+L15)/2 -> 9 | N15: =RANK(M15,$M$3:$M$16,1)+COUNTIF(M$3:$M15,M15)-1 -> 11
B16: CL5312 | C16: 45120 | D16: =$P$2-C16 -> 1068 | E16: 96 | F16: Low | G16: 15 | H16: 402 | I16: 79 | J16: =RANK(I16,$I$3:$I$16)+COUNTIF(I$3:$I16,I16)-1 -> 5 | K16: 90 | L16: =RANK(K16,$K$3:$K$16)+COUNTIF(K$3:$K16,K16)-1 -> 1 | M16: =(G16+L16)/2 -> 8 | N16: =RANK(M16,$M$3:$M$16,1)+COUNTIF(M$3:$M16,M16)-1 -> 8
B19: Sunday | C19: Wednesday
B20: T1 | C20: T2
B23: COMMENT
E24: Not yet in use

Sheet week 27
A1: Collector ID | B1: Boar | C1: DoB | D1: Age | E1: TSI | F1: Genetic level | G1: Genetic Rank | H1: Last recorded raw Semen collected (mls) | I1: Last recorded Doses | J1: Dose rank | K1: Last recorded Morphology | L1: Morphology Rank | M1: Overal Grading | N1: Overal Rank | AA1: 45677
P2: 46195 | Q2: Sunday | R2: Sunday | S2: Sunday | T2: Wed | U2: Wed | V2: Wed
A3: AW | B3: DA3337 | C3: 45883 | D3: =$P$2-C3 -> 312 | E3: 119 | F3: Above average | G3: 1 | H3: 354 | I3: 46 | J3: =RANK(I3,$I$3:$I$16)+COUNTIF(I$3:$I3,I3)-1 -> 12 | K3: 88 | L3: =RANK(K3,$K$3:$K$16)+COUNTIF(K$3:$K3,K3)-1 -> 4 | M3: =(G3+L3)/2 -> 2.5 | N3: =RANK(M3,$M$3:$M$16,1)+COUNTIF(M$3:$M3,M3)-1 -> 1 | Q3: required | R3: estimate | S3: actual | T3: required | U3: estimate | V3: actual
A4: TA | B4: DA3132 | C4: 45850 | D4: =$P$2-C4 -> 345 | E4: 118 | F4: Above average | G4: 2 | H4: 172 | I4: 74 | J4: =RANK(I4,$I$3:$I$16)+COUNTIF(I$3:$I4,I4)-1 -> 8 | K4: 87 | L4: =RANK(K4,$K$3:$K$16)+COUNTIF(K$3:$K4,K4)-1 -> 10 | M4: =(G4+L4)/2 -> 6 | N4: =RANK(M4,$M$3:$M$16,1)+COUNTIF(M$3:$M4,M4)-1 -> 6 | P4: total | Q4: =SUM(Q5:Q9) -> 480 | R4: 602 | S4: 486 | T4: =SUM(T5:T9) -> 175 | U4: 217 | V4: 286
A5: TA | B5: DA3300 | C5: 45873 | D5: =$P$2-C5 -> 322 | E5: 117 | F5: Above average | G5: 3 | H5: 94 | I5: 28 | J5: =RANK(I5,$I$3:$I$16)+COUNTIF(I$3:$I5,I5)-1 -> 14 | K5: 87 | L5: =RANK(K5,$K$3:$K$16)+COUNTIF(K$3:$K5,K5)-1 -> 11 | M5: =(G5+L5)/2 -> 7 | N5: =RANK(M5,$M$3:$M$16,1)+COUNTIF(M$3:$M5,M5)-1 -> 7 | P5: grasmere | Q5: 180 | T5: 60
A6: TA | B6: DA1721 | C6: 45561 | D6: =$P$2-C6 -> 634 | E6: 108 | F6: Average | G6: 4 | H6: 192 | I6: 56 | J6: =RANK(I6,$I$3:$I$16)+COUNTIF(I$3:$I6,I6)-1 -> 11 | K6: 88 | L6: =RANK(K6,$K$3:$K$16)+COUNTIF(K$3:$K6,K6)-1 -> 5 | M6: =(G6+L6)/2 -> 4.5 | N6: =RANK(M6,$M$3:$M$16,1)+COUNTIF(M$3:$M6,M6)-1 -> 3 | P6: richlands | Q6: 85 | T6: 35
A7: CM | B7: DA1669 | C7: 45553 | D7: =$P$2-C7 -> 642 | E7: 107 | F7: Average | G7: 5 | H7: 330 | I7: 66 | J7: =RANK(I7,$I$3:$I$16)+COUNTIF(I$3:$I7,I7)-1 -> 10 | K7: 88 | L7: =RANK(K7,$K$3:$K$16)+COUNTIF(K$3:$K7,K7)-1 -> 6 | M7: =(G7+L7)/2 -> 5.5 | N7: =RANK(M7,$M$3:$M$16,1)+COUNTIF(M$3:$M7,M7)-1 -> 5 | P7: Villa | Q7: 40 | T7: 10 | W7: Actual total | X7: estimated
A8: AW | B8: DA2470 | C8: 45711 | D8: =$P$2-C8 -> 484 | E8: 106 | F8: Average | G8: 6 | H8: 136 | I8: 46 | J8: =RANK(I8,$I$3:$I$16)+COUNTIF(I$3:$I8,I8)-1 -> 13 | K8: 89 | L8: =RANK(K8,$K$3:$K$16)+COUNTIF(K$3:$K8,K8)-1 -> 1 | M8: =(G8+L8)/2 -> 3.5 | N8: =RANK(M8,$M$3:$M$16,1)+COUNTIF(M$3:$M8,M8)-1 -> 2 | P8: Lions Head | Q8: 95 | T8: 40 | W8: =S4+V4 -> 772 | X8: =R4+U4 -> 819
A9: CM | B9: DA1627 | C9: 45545 | D9: =$P$2-C9 -> 650 | E9: 102 | F9: Below average | G9: 7 | H9: 384 | I9: 74 | J9: =RANK(I9,$I$3:$I$16)+COUNTIF(I$3:$I9,I9)-1 -> 9 | K9: 89 | L9: =RANK(K9,$K$3:$K$16)+COUNTIF(K$3:$K9,K9)-1 -> 2 | M9: =(G9+L9)/2 -> 4.5 | N9: =RANK(M9,$M$3:$M$16,1)+COUNTIF(M$3:$M9,M9)-1 -> 4 | P9: Porta | Q9: 80 | T9: 30 | X9: =W8-X8 -> -47
A10: CM | B10: DA1130 | C10: 45418 | D10: =$P$2-C10 -> 777 | E10: 100 | F10: Low | G10: 8 | H10: 540 | I10: 81 | J10: =RANK(I10,$I$3:$I$16)+COUNTIF(I$3:$I10,I10)-1 -> 5 | K10: 88 | L10: =RANK(K10,$K$3:$K$16)+COUNTIF(K$3:$K10,K10)-1 -> 7 | M10: =(G10+L10)/2 -> 7.5 | N10: =RANK(M10,$M$3:$M$16,1)+COUNTIF(M$3:$M10,M10)-1 -> 8
A11: AW | B11: CL7180 | C11: 45133 | D11: =$P$2-C11 -> 1062 | E11: 99 | F11: Low | G11: 9 | H11: 354 | I11: 100 | J11: =RANK(I11,$I$3:$I$16)+COUNTIF(I$3:$I11,I11)-1 -> 1 | K11: 88 | L11: =RANK(K11,$K$3:$K$16)+COUNTIF(K$3:$K11,K11)-1 -> 8 | M11: =(G11+L11)/2 -> 8.5 | N11: =RANK(M11,$M$3:$M$16,1)+COUNTIF(M$3:$M11,M11)-1 -> 9
A12: TA | B12: DA2568 | C12: 45729 | D12: =$P$2-C12 -> 466 | E12: 99 | F12: Low | G12: 11 | H12: 262 | I12: 75 | J12: =RANK(I12,$I$3:$I$16)+COUNTIF(I$3:$I12,I12)-1 -> 7 | K12: 87 | L12: =RANK(K12,$K$3:$K$16)+COUNTIF(K$3:$K12,K12)-1 -> 12 | M12: =(G12+L12)/2 -> 11.5 | N12: =RANK(M12,$M$3:$M$16,1)+COUNTIF(M$3:$M12,M12)-1 -> 12
A13: CM | B13: CL3033 | C13: 45107 | D13: =$P$2-C13 -> 1088 | E13: 98 | F13: Low | G13: 12 | H13: 280 | I13: 84 | J13: =RANK(I13,$I$3:$I$16)+COUNTIF(I$3:$I13,I13)-1 -> 4 | K13: 87 | L13: =RANK(K13,$K$3:$K$16)+COUNTIF(K$3:$K13,K13)-1 -> 13 | M13: =(G13+L13)/2 -> 12.5 | N13: =RANK(M13,$M$3:$M$16,1)+COUNTIF(M$3:$M13,M13)-1 -> 13
A14: CM | B14: CJ0211 | C14: 44955 | D14: =$P$2-C14 -> 1240 | E14: 98 | F14: Low | G14: 13 | H14: 542 | I14: 85 | J14: =RANK(I14,$I$3:$I$16)+COUNTIF(I$3:$I14,I14)-1 -> 3 | K14: 88 | L14: =RANK(K14,$K$3:$K$16)+COUNTIF(K$3:$K14,K14)-1 -> 9 | M14: =(G14+L14)/2 -> 11 | N14: =RANK(M14,$M$3:$M$16,1)+COUNTIF(M$3:$M14,M14)-1 -> 11
A15: CM | B15: DA0379 | C15: 45281 | D15: =$P$2-C15 -> 914 | E15: 97 | F15: Low | G15: 14 | H15: 312 | I15: 88 | J15: =RANK(I15,$I$3:$I$16)+COUNTIF(I$3:$I15,I15)-1 -> 2 | K15: 89 | L15: =RANK(K15,$K$3:$K$16)+COUNTIF(K$3:$K15,K15)-1 -> 3 | M15: =(G15+L15)/2 -> 8.5 | N15: =RANK(M15,$M$3:$M$16,1)+COUNTIF(M$3:$M15,M15)-1 -> 10
B16: CL5312 | C16: 45120 | D16: =$P$2-C16 -> 1075 | E16: 96 | F16: Low | G16: 15 | H16: 402 | I16: 79 | J16: =RANK(I16,$I$3:$I$16)+COUNTIF(I$3:$I16,I16)-1 -> 6 | K16: 87 | L16: =RANK(K16,$K$3:$K$16)+COUNTIF(K$3:$K16,K16)-1 -> 14 | M16: =(G16+L16)/2 -> 14.5 | N16: =RANK(M16,$M$3:$M$16,1)+COUNTIF(M$3:$M16,M16)-1 -> 14
B19: Sunday | C19: Wednesday
B20: T1 | C20: T2
B23: COMMENT
E24: Not yet in use

Sheet week 28
A1: Collector ID | B1: Boar | C1: DoB | D1: Age | E1: TSI | F1: Genetic level | G1: Genetic Rank | H1: Last recorded raw Semen collected (mls) | I1: Last recorded Doses | J1: Dose rank | K1: Last recorded Morphology | L1: Morphology Rank | M1: Overal Grading | N1: Overal Rank | AA1: 45677
P2: 46202 | Q2: Sunday | R2: Sunday | S2: Sunday | T2: Wed | U2: Wed | V2: Wed
A3: CM | B3: DA3337 | C3: 45883 | D3: =$P$2-C3 -> 319 | E3: 119 | F3: Above average | G3: 1 | H3: 178 | I3: 51 | J3: =RANK(I3,$I$3:$I$16)+COUNTIF(I$3:$I3,I3)-1 -> 10 | K3: 86 | L3: =RANK(K3,$K$3:$K$16)+COUNTIF(K$3:$K3,K3)-1 -> 9 | M3: =(G3+L3)/2 -> 5 | N3: =RANK(M3,$M$3:$M$16,1)+COUNTIF(M$3:$M3,M3)-1 -> 3 | Q3: required | R3: estimate | S3: actual | T3: required | U3: estimate | V3: actual
A4: AW | B4: DA3132 | C4: 45850 | D4: =$P$2-C4 -> 352 | E4: 118 | F4: Above average | G4: 2 | H4: 62 | I4: 15 | J4: =RANK(I4,$I$3:$I$16)+COUNTIF(I$3:$I4,I4)-1 -> 14 | K4: 87 | L4: =RANK(K4,$K$3:$K$16)+COUNTIF(K$3:$K4,K4)-1 -> 5 | M4: =(G4+L4)/2 -> 3.5 | N4: =RANK(M4,$M$3:$M$16,1)+COUNTIF(M$3:$M4,M4)-1 -> 1 | P4: total | Q4: =SUM(Q5:Q9) -> 480 | R4: 486 | S4: 499 | T4: =SUM(T5:T9) -> 175 | U4: 286 | V4: 263
A5: TA | B5: DA3300 | C5: 45873 | D5: =$P$2-C5 -> 329 | E5: 117 | F5: Above average | G5: 3 | H5: 266 | I5: 57 | J5: =RANK(I5,$I$3:$I$16)+COUNTIF(I$3:$I5,I5)-1 -> 9 | K5: 86 | L5: =RANK(K5,$K$3:$K$16)+COUNTIF(K$3:$K5,K5)-1 -> 10 | M5: =(G5+L5)/2 -> 6.5 | N5: =RANK(M5,$M$3:$M$16,1)+COUNTIF(M$3:$M5,M5)-1 -> 6 | P5: grasmere | Q5: 180 | T5: 60
A6: TA | B6: DA1721 | C6: 45561 | D6: =$P$2-C6 -> 641 | E6: 108 | F6: Average | G6: 4 | H6: 162 | I6: 44 | J6: =RANK(I6,$I$3:$I$16)+COUNTIF(I$3:$I6,I6)-1 -> 13 | K6: 85 | L6: =RANK(K6,$K$3:$K$16)+COUNTIF(K$3:$K6,K6)-1 -> 12 | M6: =(G6+L6)/2 -> 8 | N6: =RANK(M6,$M$3:$M$16,1)+COUNTIF(M$3:$M6,M6)-1 -> 9 | P6: richlands | Q6: 85 | T6: 35
A7: TA | B7: DA1669 | C7: 45553 | D7: =$P$2-C7 -> 649 | E7: 107 | F7: Average | G7: 5 | H7: 356 | I7: 58 | J7: =RANK(I7,$I$3:$I$16)+COUNTIF(I$3:$I7,I7)-1 -> 8 | K7: 88 | L7: =RANK(K7,$K$3:$K$16)+COUNTIF(K$3:$K7,K7)-1 -> 2 | M7: =(G7+L7)/2 -> 3.5 | N7: =RANK(M7,$M$3:$M$16,1)+COUNTIF(M$3:$M7,M7)-1 -> 2 | P7: Villa | Q7: 40 | T7: 10 | W7: Actual total | X7: estimated
A8: AW | B8: DA2470 | C8: 45711 | D8: =$P$2-C8 -> 491 | E8: 106 | F8: Average | G8: 6 | H8: 136 | I8: 46 | J8: =RANK(I8,$I$3:$I$16)+COUNTIF(I$3:$I8,I8)-1 -> 12 | K8: 87 | L8: =RANK(K8,$K$3:$K$16)+COUNTIF(K$3:$K8,K8)-1 -> 6 | M8: =(G8+L8)/2 -> 6 | N8: =RANK(M8,$M$3:$M$16,1)+COUNTIF(M$3:$M8,M8)-1 -> 5 | P8: Lions Head | Q8: 95 | T8: 40 | W8: =S4+V4 -> 762 | X8: =R4+U4 -> 772
A9: CM | B9: DA1627 | C9: 45545 | D9: =$P$2-C9 -> 657 | E9: 102 | F9: Below average | G9: 7 | H9: 384 | I9: 74 | J9: =RANK(I9,$I$3:$I$16)+COUNTIF(I$3:$I9,I9)-1 -> 7 | K9: 88 | L9: =RANK(K9,$K$3:$K$16)+COUNTIF(K$3:$K9,K9)-1 -> 3 | M9: =(G9+L9)/2 -> 5 | N9: =RANK(M9,$M$3:$M$16,1)+COUNTIF(M$3:$M9,M9)-1 -> 4 | P9: Porta | Q9: 80 | T9: 30 | X9: =W8-X8 -> -10
A10: AW | B10: DA1130 | C10: 45418 | D10: =$P$2-C10 -> 784 | E10: 100 | F10: Low | G10: 8 | H10: 526 | I10: 106 | J10: =RANK(I10,$I$3:$I$16)+COUNTIF(I$3:$I10,I10)-1 -> 3 | K10: 87 | L10: =RANK(K10,$K$3:$K$16)+COUNTIF(K$3:$K10,K10)-1 -> 7 | M10: =(G10+L10)/2 -> 7.5 | N10: =RANK(M10,$M$3:$M$16,1)+COUNTIF(M$3:$M10,M10)-1 -> 7
A11: TA | B11: CL7180 | C11: 45133 | D11: =$P$2-C11 -> 1069 | E11: 99 | F11: Low | G11: 9 | H11: 310 | I11: 78 | J11: =RANK(I11,$I$3:$I$16)+COUNTIF(I$3:$I11,I11)-1 -> 6 | K11: 85 | L11: =RANK(K11,$K$3:$K$16)+COUNTIF(K$3:$K11,K11)-1 -> 13 | M11: =(G11+L11)/2 -> 11 | N11: =RANK(M11,$M$3:$M$16,1)+COUNTIF(M$3:$M11,M11)-1 -> 11
A12: CM | B12: DA2568 | C12: 45729 | D12: =$P$2-C12 -> 473 | E12: 99 | F12: Low | G12: 11 | H12: 220 | I12: 48 | J12: =RANK(I12,$I$3:$I$16)+COUNTIF(I$3:$I12,I12)-1 -> 11 | K12: 85 | L12: =RANK(K12,$K$3:$K$16)+COUNTIF(K$3:$K12,K12)-1 -> 14 | M12: =(G12+L12)/2 -> 12.5 | N12: =RANK(M12,$M$3:$M$16,1)+COUNTIF(M$3:$M12,M12)-1 -> 14
A13: CM | B13: CL3033 | C13: 45107 | D13: =$P$2-C13 -> 1095 | E13: 98 | F13: Low | G13: 12 | H13: 436 | I13: 113 | J13: =RANK(I13,$I$3:$I$16)+COUNTIF(I$3:$I13,I13)-1 -> 1 | K13: 86 | L13: =RANK(K13,$K$3:$K$16)+COUNTIF(K$3:$K13,K13)-1 -> 11 | M13: =(G13+L13)/2 -> 11.5 | N13: =RANK(M13,$M$3:$M$16,1)+COUNTIF(M$3:$M13,M13)-1 -> 12
A14: AW | B14: CJ0211 | C14: 44955 | D14: =$P$2-C14 -> 1247 | E14: 98 | F14: Low | G14: 13 | H14: 550 | I14: 112 | J14: =RANK(I14,$I$3:$I$16)+COUNTIF(I$3:$I14,I14)-1 -> 2 | K14: 88 | L14: =RANK(K14,$K$3:$K$16)+COUNTIF(K$3:$K14,K14)-1 -> 4 | M14: =(G14+L14)/2 -> 8.5 | N14: =RANK(M14,$M$3:$M$16,1)+COUNTIF(M$3:$M14,M14)-1 -> 10
A15: CM | B15: DA0379 | C15: 45281 | D15: =$P$2-C15 -> 921 | E15: 97 | F15: Low | G15: 14 | H15: 200 | I15: 80 | J15: =RANK(I15,$I$3:$I$16)+COUNTIF(I$3:$I15,I15)-1 -> 4 | K15: 89 | L15: =RANK(K15,$K$3:$K$16)+COUNTIF(K$3:$K15,K15)-1 -> 1 | M15: =(G15+L15)/2 -> 7.5 | N15: =RANK(M15,$M$3:$M$16,1)+COUNTIF(M$3:$M15,M15)-1 -> 8
B16: CL5312 | C16: 45120 | D16: =$P$2-C16 -> 1082 | E16: 96 | F16: Low | G16: 15 | H16: 402 | I16: 79 | J16: =RANK(I16,$I$3:$I$16)+COUNTIF(I$3:$I16,I16)-1 -> 5 | K16: 87 | L16: =RANK(K16,$K$3:$K$16)+COUNTIF(K$3:$K16,K16)-1 -> 8 | M16: =(G16+L16)/2 -> 11.5 | N16: =RANK(M16,$M$3:$M$16,1)+COUNTIF(M$3:$M16,M16)-1 -> 13
B19: Sunday | C19: Wednesday
B20: T1 | C20: T2
B23: COMMENT
E24: Not yet in use

Sheet week 29
A1: Collector ID | B1: Boar | C1: DoB | D1: Age | E1: TSI | F1: Genetic level | G1: Genetic Rank | H1: Last recorded raw Semen collected (mls) | I1: Last recorded Doses | J1: Dose rank | K1: Last recorded Morphology | L1: Morphology Rank | M1: Overal Grading | N1: Overal Rank | AA1: 45677
P2: 46209 | Q2: Sunday | R2: Sunday | S2: Sunday | T2: Wed | U2: Wed | V2: Wed
A3: TA | B3: DA3337 | C3: 45883 | D3: =$P$2-C3 -> 326 | E3: 119 | F3: Above average | G3: 1 | H3: 144 | I3: 45 | J3: =RANK(I3,$I$3:$I$16)+COUNTIF(I$3:$I3,I3)-1 -> 13 | K3: 86 | L3: =RANK(K3,$K$3:$K$16)+COUNTIF(K$3:$K3,K3)-1 -> 10 | M3: =(G3+L3)/2 -> 5.5 | N3: =RANK(M3,$M$3:$M$16,1)+COUNTIF(M$3:$M3,M3)-1 -> 4 | Q3: required | R3: estimate | S3: actual | T3: required | U3: estimate | V3: actual
A4: AW | B4: DA3132 | C4: 45850 | D4: =$P$2-C4 -> 359 | E4: 118 | F4: Above average | G4: 2 | H4: 100 | I4: 16 | J4: =RANK(I4,$I$3:$I$16)+COUNTIF(I$3:$I4,I4)-1 -> 14 | K4: 86 | L4: =RANK(K4,$K$3:$K$16)+COUNTIF(K$3:$K4,K4)-1 -> 11 | M4: =(G4+L4)/2 -> 6.5 | N4: =RANK(M4,$M$3:$M$16,1)+COUNTIF(M$3:$M4,M4)-1 -> 6 | P4: total | Q4: =SUM(Q5:Q9) -> 480 | R4: 499 | S4: 528 | T4: =SUM(T5:T9) -> 175 | U4: 263 | V4: 257
A5: AW | B5: DA3300 | C5: 45873 | D5: =$P$2-C5 -> 336 | E5: 117 | F5: Above average | G5: 3 | H5: 230 | I5: 59 | J5: =RANK(I5,$I$3:$I$16)+COUNTIF(I$3:$I5,I5)-1 -> 11 | K5: 87 | L5: =RANK(K5,$K$3:$K$16)+COUNTIF(K$3:$K5,K5)-1 -> 4 | M5: =(G5+L5)/2 -> 3.5 | N5: =RANK(M5,$M$3:$M$16,1)+COUNTIF(M$3:$M5,M5)-1 -> 1 | P5: grasmere | Q5: 180 | T5: 60
A6: TA | B6: DA1721 | C6: 45561 | D6: =$P$2-C6 -> 648 | E6: 108 | F6: Average | G6: 4 | H6: 188 | I6: 62 | J6: =RANK(I6,$I$3:$I$16)+COUNTIF(I$3:$I6,I6)-1 -> 10 | K6: 87 | L6: =RANK(K6,$K$3:$K$16)+COUNTIF(K$3:$K6,K6)-1 -> 5 | M6: =(G6+L6)/2 -> 4.5 | N6: =RANK(M6,$M$3:$M$16,1)+COUNTIF(M$3:$M6,M6)-1 -> 2 | P6: richlands | Q6: 85 | T6: 35
A7: AW | B7: DA1669 | C7: 45553 | D7: =$P$2-C7 -> 656 | E7: 107 | F7: Average | G7: 5 | H7: 384 | I7: 81 | J7: =RANK(I7,$I$3:$I$16)+COUNTIF(I$3:$I7,I7)-1 -> 4 | K7: 86 | L7: =RANK(K7,$K$3:$K$16)+COUNTIF(K$3:$K7,K7)-1 -> 12 | M7: =(G7+L7)/2 -> 8.5 | N7: =RANK(M7,$M$3:$M$16,1)+COUNTIF(M$3:$M7,M7)-1 -> 9 | P7: Villa | Q7: 40 | T7: 10 | W7: Actual total | X7: estimated
A8: AW | B8: DA2470 | C8: 45711 | D8: =$P$2-C8 -> 498 | E8: 106 | F8: Average | G8: 6 | H8: 136 | I8: 46 | J8: =RANK(I8,$I$3:$I$16)+COUNTIF(I$3:$I8,I8)-1 -> 12 | K8: 87 | L8: =RANK(K8,$K$3:$K$16)+COUNTIF(K$3:$K8,K8)-1 -> 6 | M8: =(G8+L8)/2 -> 6 | N8: =RANK(M8,$M$3:$M$16,1)+COUNTIF(M$3:$M8,M8)-1 -> 5 | P8: Lions Head | Q8: 95 | T8: 40 | W8: =S4+V4 -> 785 | X8: =R4+U4 -> 762
A9: CM | B9: DA1627 | C9: 45545 | D9: =$P$2-C9 -> 664 | E9: 102 | F9: Below average | G9: 7 | H9: 384 | I9: 74 | J9: =RANK(I9,$I$3:$I$16)+COUNTIF(I$3:$I9,I9)-1 -> 7 | K9: 86 | L9: =RANK(K9,$K$3:$K$16)+COUNTIF(K$3:$K9,K9)-1 -> 13 | M9: =(G9+L9)/2 -> 10 | N9: =RANK(M9,$M$3:$M$16,1)+COUNTIF(M$3:$M9,M9)-1 -> 11 | P9: Porta | Q9: 80 | T9: 30 | X9: =W8-X8 -> 23
A10: AW | B10: DA1130 | C10: 45418 | D10: =$P$2-C10 -> 791 | E10: 100 | F10: Low | G10: 8 | H10: 482 | I10: 104 | J10: =RANK(I10,$I$3:$I$16)+COUNTIF(I$3:$I10,I10)-1 -> 2 | K10: 87 | L10: =RANK(K10,$K$3:$K$16)+COUNTIF(K$3:$K10,K10)-1 -> 7 | M10: =(G10+L10)/2 -> 7.5 | N10: =RANK(M10,$M$3:$M$16,1)+COUNTIF(M$3:$M10,M10)-1 -> 8
A11: CM | B11: CL7180 | C11: 45133 | D11: =$P$2-C11 -> 1076 | E11: 99 | F11: Low | G11: 9 | H11: 378 | I11: 95 | J11: =RANK(I11,$I$3:$I$16)+COUNTIF(I$3:$I11,I11)-1 -> 3 | K11: 88 | L11: =RANK(K11,$K$3:$K$16)+COUNTIF(K$3:$K11,K11)-1 -> 1 | M11: =(G11+L11)/2 -> 5 | N11: =RANK(M11,$M$3:$M$16,1)+COUNTIF(M$3:$M11,M11)-1 -> 3
A12: TA | B12: DA2568 | C12: 45729 | D12: =$P$2-C12 -> 480 | E12: 99 | F12: Low | G12: 11 | H12: 240 | I12: 78 | J12: =RANK(I12,$I$3:$I$16)+COUNTIF(I$3:$I12,I12)-1 -> 6 | K12: 88 | L12: =RANK(K12,$K$3:$K$16)+COUNTIF(K$3:$K12,K12)-1 -> 2 | M12: =(G12+L12)/2 -> 6.5 | N12: =RANK(M12,$M$3:$M$16,1)+COUNTIF(M$3:$M12,M12)-1 -> 7
A13: AW | B13: CL3033 | C13: 45107 | D13: =$P$2-C13 -> 1102 | E13: 98 | F13: Low | G13: 12 | H13: 306 | I13: 112 | J13: =RANK(I13,$I$3:$I$16)+COUNTIF(I$3:$I13,I13)-1 -> 1 | K13: 87 | L13: =RANK(K13,$K$3:$K$16)+COUNTIF(K$3:$K13,K13)-1 -> 8 | M13: =(G13+L13)/2 -> 10 | N13: =RANK(M13,$M$3:$M$16,1)+COUNTIF(M$3:$M13,M13)-1 -> 12
A14: CM | B14: CJ0211 | C14: 44955 | D14: =$P$2-C14 -> 1254 | E14: 98 | F14: Low | G14: 13 | H14: 528 | I14: 65 | J14: =RANK(I14,$I$3:$I$16)+COUNTIF(I$3:$I14,I14)-1 -> 9 | K14: 86 | L14: =RANK(K14,$K$3:$K$16)+COUNTIF(K$3:$K14,K14)-1 -> 14 | M14: =(G14+L14)/2 -> 13.5 | N14: =RANK(M14,$M$3:$M$16,1)+COUNTIF(M$3:$M14,M14)-1 -> 14
A15: TA | B15: DA0379 | C15: 45281 | D15: =$P$2-C15 -> 928 | E15: 97 | F15: Low | G15: 14 | H15: 158 | I15: 68 | J15: =RANK(I15,$I$3:$I$16)+COUNTIF(I$3:$I15,I15)-1 -> 8 | K15: 87 | L15: =RANK(K15,$K$3:$K$16)+COUNTIF(K$3:$K15,K15)-1 -> 9 | M15: =(G15+L15)/2 -> 11.5 | N15: =RANK(M15,$M$3:$M$16,1)+COUNTIF(M$3:$M15,M15)-1 -> 13
B16: CL5312 | C16: 45120 | D16: =$P$2-C16 -> 1089 | E16: 96 | F16: Low | G16: 15 | H16: 402 | I16: 79 | J16: =RANK(I16,$I$3:$I$16)+COUNTIF(I$3:$I16,I16)-1 -> 5 | K16: 88 | L16: =RANK(K16,$K$3:$K$16)+COUNTIF(K$3:$K16,K16)-1 -> 3 | M16: =(G16+L16)/2 -> 9 | N16: =RANK(M16,$M$3:$M$16,1)+COUNTIF(M$3:$M16,M16)-1 -> 10
B19: Sunday | C19: Wednesday
B20: T1 | C20: T2
B23: COMMENT
E24: Not yet in use

Sheet week 30
A1: Collector ID | B1: Boar | C1: DoB | D1: Age | E1: TSI | F1: Genetic level | G1: Genetic Rank | H1: Last recorded raw Semen collected (mls) | I1: Last recorded Doses | J1: Dose rank | K1: Last recorded Morphology | L1: Morphology Rank | M1: Overal Grading | N1: Overal Rank | AA1: 45677
P2: 46216 | Q2: Sunday | R2: Sunday | S2: Sunday | T2: Wed | U2: Wed | V2: Wed
A3: TA | B3: DA3337 | C3: 45883 | D3: =$P$2-C3 -> 333 | E3: 119 | F3: Above average | G3: 1 | H3: 158 | I3: 54 | J3: =RANK(I3,$I$3:$I$16)+COUNTIF(I$3:$I3,I3)-1 -> 14 | K3: 87 | L3: =RANK(K3,$K$3:$K$16)+COUNTIF(K$3:$K3,K3)-1 -> 6 | M3: =(G3+L3)/2 -> 3.5 | N3: =RANK(M3,$M$3:$M$16,1)+COUNTIF(M$3:$M3,M3)-1 -> 2 | Q3: required | R3: estimate | S3: actual | T3: required | U3: estimate | V3: actual
A4: CM | B4: DA3132 | C4: 45850 | D4: =$P$2-C4 -> 366 | E4: 118 | F4: Above average | G4: 2 | H4: 224 | I4: 86 | J4: =RANK(I4,$I$3:$I$16)+COUNTIF(I$3:$I4,I4)-1 -> 3 | K4: 86 | L4: =RANK(K4,$K$3:$K$16)+COUNTIF(K$3:$K4,K4)-1 -> 12 | M4: =(G4+L4)/2 -> 7 | N4: =RANK(M4,$M$3:$M$16,1)+COUNTIF(M$3:$M4,M4)-1 -> 6 | P4: total | Q4: =SUM(Q5:Q9) -> 480 | R4: 528 | S4: 507 | T4: =SUM(T5:T9) -> 175
A5: CM | B5: DA3300 | C5: 45873 | D5: =$P$2-C5 -> 343 | E5: 117 | F5: Above average | G5: 3 | H5: 230 | I5: 59 | J5: =RANK(I5,$I$3:$I$16)+COUNTIF(I$3:$I5,I5)-1 -> 12 | K5: 88 | L5: =RANK(K5,$K$3:$K$16)+COUNTIF(K$3:$K5,K5)-1 -> 3 | M5: =(G5+L5)/2 -> 3 | N5: =RANK(M5,$M$3:$M$16,1)+COUNTIF(M$3:$M5,M5)-1 -> 1 | P5: grasmere | Q5: 180 | T5: 60
A6: TA | B6: DA1721 | C6: 45561 | D6: =$P$2-C6 -> 655 | E6: 108 | F6: Average | G6: 4 | H6: 188 | I6: 62 | J6: =RANK(I6,$I$3:$I$16)+COUNTIF(I$3:$I6,I6)-1 -> 10 | K6: 87 | L6: =RANK(K6,$K$3:$K$16)+COUNTIF(K$3:$K6,K6)-1 -> 7 | M6: =(G6+L6)/2 -> 5.5 | N6: =RANK(M6,$M$3:$M$16,1)+COUNTIF(M$3:$M6,M6)-1 -> 4 | P6: richlands | Q6: 85 | T6: 35
A7: AW | B7: DA1669 | C7: 45553 | D7: =$P$2-C7 -> 663 | E7: 107 | F7: Average | G7: 5 | H7: 328 | I7: 60 | J7: =RANK(I7,$I$3:$I$16)+COUNTIF(I$3:$I7,I7)-1 -> 11 | K7: 86 | L7: =RANK(K7,$K$3:$K$16)+COUNTIF(K$3:$K7,K7)-1 -> 13 | M7: =(G7+L7)/2 -> 9 | N7: =RANK(M7,$M$3:$M$16,1)+COUNTIF(M$3:$M7,M7)-1 -> 11 | P7: Villa | Q7: 40 | T7: 10 | W7: Actual total | X7: estimated
A8: TA | B8: DA2470 | C8: 45711 | D8: =$P$2-C8 -> 505 | E8: 106 | F8: Average | G8: 6 | H8: 100 | I8: 57 | J8: =RANK(I8,$I$3:$I$16)+COUNTIF(I$3:$I8,I8)-1 -> 13 | K8: 87 | L8: =RANK(K8,$K$3:$K$16)+COUNTIF(K$3:$K8,K8)-1 -> 8 | M8: =(G8+L8)/2 -> 7 | N8: =RANK(M8,$M$3:$M$16,1)+COUNTIF(M$3:$M8,M8)-1 -> 7 | P8: Lions Head | Q8: 95 | T8: 40 | W8: =S4+V4 -> 507 | X8: =R4+U4 -> 528
A9: CM | B9: DA1627 | C9: 45545 | D9: =$P$2-C9 -> 671 | E9: 102 | F9: Below average | G9: 7 | H9: 346 | I9: 69 | J9: =RANK(I9,$I$3:$I$16)+COUNTIF(I$3:$I9,I9)-1 -> 5 | K9: 87 | L9: =RANK(K9,$K$3:$K$16)+COUNTIF(K$3:$K9,K9)-1 -> 9 | M9: =(G9+L9)/2 -> 8 | N9: =RANK(M9,$M$3:$M$16,1)+COUNTIF(M$3:$M9,M9)-1 -> 8 | P9: Porta | Q9: 80 | T9: 30 | X9: =W8-X8 -> -21
A10: CM | B10: DA1130 | C10: 45418 | D10: =$P$2-C10 -> 798 | E10: 100 | F10: Low | G10: 8 | H10: 408 | I10: 92 | J10: =RANK(I10,$I$3:$I$16)+COUNTIF(I$3:$I10,I10)-1 -> 2 | K10: 88 | L10: =RANK(K10,$K$3:$K$16)+COUNTIF(K$3:$K10,K10)-1 -> 4 | M10: =(G10+L10)/2 -> 6 | N10: =RANK(M10,$M$3:$M$16,1)+COUNTIF(M$3:$M10,M10)-1 -> 5
A11: CM | B11: CL7180 | C11: 45133 | D11: =$P$2-C11 -> 1083 | E11: 99 | F11: Low | G11: 9 | H11: 352 | I11: 69 | J11: =RANK(I11,$I$3:$I$16)+COUNTIF(I$3:$I11,I11)-1 -> 6 | K11: 89 | L11: =RANK(K11,$K$3:$K$16)+COUNTIF(K$3:$K11,K11)-1 -> 1 | M11: =(G11+L11)/2 -> 5 | N11: =RANK(M11,$M$3:$M$16,1)+COUNTIF(M$3:$M11,M11)-1 -> 3
A12: TA | B12: DA2568 | C12: 45729 | D12: =$P$2-C12 -> 487 | E12: 99 | F12: Low | G12: 11 | H12: 178 | I12: 65 | J12: =RANK(I12,$I$3:$I$16)+COUNTIF(I$3:$I12,I12)-1 -> 7 | K12: 88 | L12: =RANK(K12,$K$3:$K$16)+COUNTIF(K$3:$K12,K12)-1 -> 5 | M12: =(G12+L12)/2 -> 8 | N12: =RANK(M12,$M$3:$M$16,1)+COUNTIF(M$3:$M12,M12)-1 -> 9
A13: CM | B13: CL3033 | C13: 45107 | D13: =$P$2-C13 -> 1109 | E13: 98 | F13: Low | G13: 12 | H13: 294 | I13: 105 | J13: =RANK(I13,$I$3:$I$16)+COUNTIF(I$3:$I13,I13)-1 -> 1 | K13: 86 | L13: =RANK(K13,$K$3:$K$16)+COUNTIF(K$3:$K13,K13)-1 -> 14 | M13: =(G13+L13)/2 -> 13 | N13: =RANK(M13,$M$3:$M$16,1)+COUNTIF(M$3:$M13,M13)-1 -> 13
A14: TA | B14: CJ0211 | C14: 44955 | D14: =$P$2-C14 -> 1261 | E14: 98 | F14: Low | G14: 13 | H14: 528 | I14: 65 | J14: =RANK(I14,$I$3:$I$16)+COUNTIF(I$3:$I14,I14)-1 -> 8 | K14: 87 | L14: =RANK(K14,$K$3:$K$16)+COUNTIF(K$3:$K14,K14)-1 -> 10 | M14: =(G14+L14)/2 -> 11.5 | N14: =RANK(M14,$M$3:$M$16,1)+COUNTIF(M$3:$M14,M14)-1 -> 12
A15: TA | B15: DA0379 | C15: 45281 | D15: =$P$2-C15 -> 935 | E15: 97 | F15: Low | G15: 14 | H15: 178 | I15: 65 | J15: =RANK(I15,$I$3:$I$16)+COUNTIF(I$3:$I15,I15)-1 -> 9 | K15: 89 | L15: =RANK(K15,$K$3:$K$16)+COUNTIF(K$3:$K15,K15)-1 -> 2 | M15: =(G15+L15)/2 -> 8 | N15: =RANK(M15,$M$3:$M$16,1)+COUNTIF(M$3:$M15,M15)-1 -> 10
A16: CM | B16: CL5312 | C16: 45120 | D16: =$P$2-C16 -> 1096 | E16: 96 | F16: Low | G16: 15 | H16: 402 | I16: 79 | J16: =RANK(I16,$I$3:$I$16)+COUNTIF(I$3:$I16,I16)-1 -> 4 | K16: 87 | L16: =RANK(K16,$K$3:$K$16)+COUNTIF(K$3:$K16,K16)-1 -> 11 | M16: =(G16+L16)/2 -> 13 | N16: =RANK(M16,$M$3:$M$16,1)+COUNTIF(M$3:$M16,M16)-1 -> 14
B19: Sunday | C19: Wednesday
B20: T1 | C20: T2
B23: COMMENT
E24: Not yet in use

Sheet week 31
A1: Collector ID | B1: Boar | C1: DoB | D1: Age | E1: TSI | F1: Genetic level | G1: Genetic Rank | H1: Last recorded raw Semen collected (mls) | I1: Last recorded Doses | J1: Dose rank | K1: Last recorded Morphology | L1: Morphology Rank | M1: Overal Grading | N1: Overal Rank | AA1: 45677
P2: 46223 | Q2: Sunday | R2: Sunday | S2: Sunday | T2: Wed | U2: Wed | V2: Wed
A3: CM | B3: DA3337 | C3: 45883 | D3: =$P$2-C3 -> 340 | E3: 119 | F3: Above average | G3: 1 | H3: 162 | I3: 40 | J3: =RANK(I3,$I$3:$I$16)+COUNTIF(I$3:$I3,I3)-1 -> 14 | K3: 87 | L3: =RANK(K3,$K$3:$K$16)+COUNTIF(K$3:$K3,K3)-1 -> 6 | M3: =(G3+L3)/2 -> 3.5 | N3: =RANK(M3,$M$3:$M$16,1)+COUNTIF(M$3:$M3,M3)-1 -> 2 | Q3: required | R3: estimate | S3: actual | T3: required | U3: estimate | V3: actual
A4: AW | B4: DA3132 | C4: 45850 | D4: =$P$2-C4 -> 373 | E4: 118 | F4: Above average | G4: 2 | H4: 108 | I4: 52 | J4: =RANK(I4,$I$3:$I$16)+COUNTIF(I$3:$I4,I4)-1 -> 12 | K4: 88 | L4: =RANK(K4,$K$3:$K$16)+COUNTIF(K$3:$K4,K4)-1 -> 3 | M4: =(G4+L4)/2 -> 2.5 | N4: =RANK(M4,$M$3:$M$16,1)+COUNTIF(M$3:$M4,M4)-1 -> 1 | P4: total | Q4: =SUM(Q5:Q9) -> 480 | R4: 507 | S4: 510 | T4: =SUM(T5:T9) -> 175 | U4: 217 | V4: 310
A5: CM | B5: DA3300 | C5: 45873 | D5: =$P$2-C5 -> 350 | E5: 117 | F5: Above average | G5: 3 | H5: 152 | I5: 41 | J5: =RANK(I5,$I$3:$I$16)+COUNTIF(I$3:$I5,I5)-1 -> 13 | K5: 87 | L5: =RANK(K5,$K$3:$K$16)+COUNTIF(K$3:$K5,K5)-1 -> 7 | M5: =(G5+L5)/2 -> 5 | N5: =RANK(M5,$M$3:$M$16,1)+COUNTIF(M$3:$M5,M5)-1 -> 4 | P5: grasmere | Q5: 180 | T5: 60
B6: DA1721 | C6: 45561 | D6: =$P$2-C6 -> 662 | E6: 108 | F6: Average | G6: 4 | H6: 188 | I6: 62 | J6: =RANK(I6,$I$3:$I$16)+COUNTIF(I$3:$I6,I6)-1 -> 10 | K6: 86 | L6: =RANK(K6,$K$3:$K$16)+COUNTIF(K$3:$K6,K6)-1 -> 13 | M6: =(G6+L6)/2 -> 8.5 | N6: =RANK(M6,$M$3:$M$16,1)+COUNTIF(M$3:$M6,M6)-1 -> 9 | P6: richlands | Q6: 85 | T6: 35
A7: CM | B7: DA1669 | C7: 45553 | D7: =$P$2-C7 -> 670 | E7: 107 | F7: Average | G7: 5 | H7: 290 | I7: 56 | J7: =RANK(I7,$I$3:$I$16)+COUNTIF(I$3:$I7,I7)-1 -> 11 | K7: 87 | L7: =RANK(K7,$K$3:$K$16)+COUNTIF(K$3:$K7,K7)-1 -> 8 | M7: =(G7+L7)/2 -> 6.5 | N7: =RANK(M7,$M$3:$M$16,1)+COUNTIF(M$3:$M7,M7)-1 -> 6 | P7: Villa | Q7: 40 | T7: 10 | W7: Actual total | X7: estimated
A8: CM | B8: DA2470 | C8: 45711 | D8: =$P$2-C8 -> 512 | E8: 106 | F8: Average | G8: 6 | H8: 260 | I8: 65 | J8: =RANK(I8,$I$3:$I$16)+COUNTIF(I$3:$I8,I8)-1 -> 8 | K8: 87 | L8: =RANK(K8,$K$3:$K$16)+COUNTIF(K$3:$K8,K8)-1 -> 9 | M8: =(G8+L8)/2 -> 7.5 | N8: =RANK(M8,$M$3:$M$16,1)+COUNTIF(M$3:$M8,M8)-1 -> 8 | P8: Lions Head | Q8: 95 | T8: 40 | W8: =S4+V4 -> 820 | X8: =R4+U4 -> 724
A9: AW | B9: DA1627 | C9: 45545 | D9: =$P$2-C9 -> 678 | E9: 102 | F9: Below average | G9: 7 | H9: 376 | I9: 90 | J9: =RANK(I9,$I$3:$I$16)+COUNTIF(I$3:$I9,I9)-1 -> 2 | K9: 89 | L9: =RANK(K9,$K$3:$K$16)+COUNTIF(K$3:$K9,K9)-1 -> 1 | M9: =(G9+L9)/2 -> 4 | N9: =RANK(M9,$M$3:$M$16,1)+COUNTIF(M$3:$M9,M9)-1 -> 3 | P9: Porta | Q9: 80 | T9: 30 | X9: =W8-X8 -> 96
A10: AW | B10: DA1130 | C10: 45418 | D10: =$P$2-C10 -> 805 | E10: 100 | F10: Low | G10: 8 | H10: 436 | I10: 73 | J10: =RANK(I10,$I$3:$I$16)+COUNTIF(I$3:$I10,I10)-1 -> 7 | K10: 89 | L10: =RANK(K10,$K$3:$K$16)+COUNTIF(K$3:$K10,K10)-1 -> 2 | M10: =(G10+L10)/2 -> 5 | N10: =RANK(M10,$M$3:$M$16,1)+COUNTIF(M$3:$M10,M10)-1 -> 5
A11: CM | B11: CL7180 | C11: 45133 | D11: =$P$2-C11 -> 1090 | E11: 99 | F11: Low | G11: 9 | H11: 300 | I11: 76 | J11: =RANK(I11,$I$3:$I$16)+COUNTIF(I$3:$I11,I11)-1 -> 5 | K11: 88 | L11: =RANK(K11,$K$3:$K$16)+COUNTIF(K$3:$K11,K11)-1 -> 4 | M11: =(G11+L11)/2 -> 6.5 | N11: =RANK(M11,$M$3:$M$16,1)+COUNTIF(M$3:$M11,M11)-1 -> 7
A12: CM | B12: DA2568 | C12: 45729 | D12: =$P$2-C12 -> 494 | E12: 99 | F12: Low | G12: 11 | H12: 208 | I12: 76 | J12: =RANK(I12,$I$3:$I$16)+COUNTIF(I$3:$I12,I12)-1 -> 6 | K12: 87 | L12: =RANK(K12,$K$3:$K$16)+COUNTIF(K$3:$K12,K12)-1 -> 10 | M12: =(G12+L12)/2 -> 10.5 | N12: =RANK(M12,$M$3:$M$16,1)+COUNTIF(M$3:$M12,M12)-1 -> 11
A13: AW | B13: CL3033 | C13: 45107 | D13: =$P$2-C13 -> 1116 | E13: 98 | F13: Low | G13: 12 | H13: 276 | I13: 88 | J13: =RANK(I13,$I$3:$I$16)+COUNTIF(I$3:$I13,I13)-1 -> 3 | K13: 86 | L13: =RANK(K13,$K$3:$K$16)+COUNTIF(K$3:$K13,K13)-1 -> 14 | M13: =(G13+L13)/2 -> 13 | N13: =RANK(M13,$M$3:$M$16,1)+COUNTIF(M$3:$M13,M13)-1 -> 13
A14: AW | B14: CJ0211 | C14: 44955 | D14: =$P$2-C14 -> 1268 | E14: 98 | F14: Low | G14: 13 | H14: 668 | I14: 127 | J14: =RANK(I14,$I$3:$I$16)+COUNTIF(I$3:$I14,I14)-1 -> 1 | K14: 88 | L14: =RANK(K14,$K$3:$K$16)+COUNTIF(K$3:$K14,K14)-1 -> 5 | M14: =(G14+L14)/2 -> 9 | N14: =RANK(M14,$M$3:$M$16,1)+COUNTIF(M$3:$M14,M14)-1 -> 10
B15: DA0379 | C15: 45281 | D15: =$P$2-C15 -> 942 | E15: 97 | F15: Low | G15: 14 | H15: 178 | I15: 65 | J15: =RANK(I15,$I$3:$I$16)+COUNTIF(I$3:$I15,I15)-1 -> 9 | K15: 87 | L15: =RANK(K15,$K$3:$K$16)+COUNTIF(K$3:$K15,K15)-1 -> 11 | M15: =(G15+L15)/2 -> 12.5 | N15: =RANK(M15,$M$3:$M$16,1)+COUNTIF(M$3:$M15,M15)-1 -> 12
B16: CL5312 | C16: 45120 | D16: =$P$2-C16 -> 1103 | E16: 96 | F16: Low | G16: 15 | H16: 402 | I16: 79 | J16: =RANK(I16,$I$3:$I$16)+COUNTIF(I$3:$I16,I16)-1 -> 4 | K16: 87 | L16: =RANK(K16,$K$3:$K$16)+COUNTIF(K$3:$K16,K16)-1 -> 12 | M16: =(G16+L16)/2 -> 13.5 | N16: =RANK(M16,$M$3:$M$16,1)+COUNTIF(M$3:$M16,M16)-1 -> 14
B19: Sunday | C19: Wednesday
B20: T1 | C20: T2
B23: COMMENT
E24: Not yet in use

Sheet week 32
A1: Collector ID | B1: Boar | C1: DoB | D1: Age | E1: TSI | F1: Genetic level | G1: Genetic Rank | H1: Last recorded raw Semen collected (mls) | I1: Last recorded Doses | J1: Dose rank | K1: Last recorded Morphology | L1: Morphology Rank | M1: Overal Grading | N1: Overal Rank | AA1: 45677
P2: 46230 | Q2: Sunday | R2: Sunday | S2: Sunday | T2: Wed | U2: Wed | V2: Wed
A3: AW | B3: DA3337 | C3: 45883 | D3: =$P$2-C3 -> 347 | E3: 119 | F3: Above average | G3: 1 | H3: 176 | I3: 69 | J3: =RANK(I3,$I$3:$I$16)+COUNTIF(I$3:$I3,I3)-1 -> 7 | K3: 86 | L3: =RANK(K3,$K$3:$K$16)+COUNTIF(K$3:$K3,K3)-1 -> 9 | M3: =(G3+L3)/2 -> 5 | N3: =RANK(M3,$M$3:$M$16,1)+COUNTIF(M$3:$M3,M3)-1 -> 5 | Q3: required | R3: estimate | S3: actual | T3: required | U3: estimate | V3: actual
A4: CM | B4: DA3132 | C4: 45850 | D4: =$P$2-C4 -> 380 | E4: 118 | F4: Above average | G4: 2 | H4: 282 | I4: 42 | J4: =RANK(I4,$I$3:$I$16)+COUNTIF(I$3:$I4,I4)-1 -> 12 | K4: 87 | L4: =RANK(K4,$K$3:$K$16)+COUNTIF(K$3:$K4,K4)-1 -> 4 | M4: =(G4+L4)/2 -> 3 | N4: =RANK(M4,$M$3:$M$16,1)+COUNTIF(M$3:$M4,M4)-1 -> 1 | P4: total | Q4: =SUM(Q5:Q9) -> 480 | R4: 507 | S4: 549 | T4: =SUM(T5:T9) -> 175 | U4: 217 | V4: 232
B5: DA3300 | C5: 45873 | D5: =$P$2-C5 -> 357 | E5: 117 | F5: Above average | G5: 3 | H5: 152 | I5: 41 | J5: =RANK(I5,$I$3:$I$16)+COUNTIF(I$3:$I5,I5)-1 -> 13 | K5: 87 | L5: =RANK(K5,$K$3:$K$16)+COUNTIF(K$3:$K5,K5)-1 -> 5 | M5: =(G5+L5)/2 -> 4 | N5: =RANK(M5,$M$3:$M$16,1)+COUNTIF(M$3:$M5,M5)-1 -> 4 | P5: grasmere | Q5: 180 | T5: 60
B6: DA1721 | C6: 45561 | D6: =$P$2-C6 -> 669 | E6: 108 | F6: Average | G6: 4 | H6: 188 | I6: 62 | J6: =RANK(I6,$I$3:$I$16)+COUNTIF(I$3:$I6,I6)-1 -> 10 | K6: 88 | L6: =RANK(K6,$K$3:$K$16)+COUNTIF(K$3:$K6,K6)-1 -> 2 | M6: =(G6+L6)/2 -> 3 | N6: =RANK(M6,$M$3:$M$16,1)+COUNTIF(M$3:$M6,M6)-1 -> 2 | P6: richlands | Q6: 85 | T6: 35
A7: AW | B7: DA1669 | C7: 45553 | D7: =$P$2-C7 -> 677 | E7: 107 | F7: Average | G7: 5 | H7: 274 | I7: 69 | J7: =RANK(I7,$I$3:$I$16)+COUNTIF(I$3:$I7,I7)-1 -> 8 | K7: 89 | L7: =RANK(K7,$K$3:$K$16)+COUNTIF(K$3:$K7,K7)-1 -> 1 | M7: =(G7+L7)/2 -> 3 | N7: =RANK(M7,$M$3:$M$16,1)+COUNTIF(M$3:$M7,M7)-1 -> 3 | P7: Villa | Q7: 40 | T7: 10 | W7: Actual total | X7: estimated
A8: AW | B8: DA2470 | C8: 45711 | D8: =$P$2-C8 -> 519 | E8: 106 | F8: Average | G8: 6 | H8: 166 | I8: 38 | J8: =RANK(I8,$I$3:$I$16)+COUNTIF(I$3:$I8,I8)-1 -> 14 | K8: 87 | L8: =RANK(K8,$K$3:$K$16)+COUNTIF(K$3:$K8,K8)-1 -> 6 | M8: =(G8+L8)/2 -> 6 | N8: =RANK(M8,$M$3:$M$16,1)+COUNTIF(M$3:$M8,M8)-1 -> 7 | P8: Lions Head | Q8: 95 | T8: 40 | W8: =S4+V4 -> 781 | X8: =R4+U4 -> 724
A9: AW | B9: DA1627 | C9: 45545 | D9: =$P$2-C9 -> 685 | E9: 102 | F9: Below average | G9: 7 | H9: 398 | I9: 55 | J9: =RANK(I9,$I$3:$I$16)+COUNTIF(I$3:$I9,I9)-1 -> 11 | K9: 88 | L9: =RANK(K9,$K$3:$K$16)+COUNTIF(K$3:$K9,K9)-1 -> 3 | M9: =(G9+L9)/2 -> 5 | N9: =RANK(M9,$M$3:$M$16,1)+COUNTIF(M$3:$M9,M9)-1 -> 6 | P9: Porta | Q9: 80 | T9: 30 | X9: =W8-X8 -> 57
A10: CM | B10: DA1130 | C10: 45418 | D10: =$P$2-C10 -> 812 | E10: 100 | F10: Low | G10: 8 | H10: 318 | I10: 101 | J10: =RANK(I10,$I$3:$I$16)+COUNTIF(I$3:$I10,I10)-1 -> 1 | K10: 87 | L10: =RANK(K10,$K$3:$K$16)+COUNTIF(K$3:$K10,K10)-1 -> 7 | M10: =(G10+L10)/2 -> 7.5 | N10: =RANK(M10,$M$3:$M$16,1)+COUNTIF(M$3:$M10,M10)-1 -> 8
A11: CM | B11: CL7180 | C11: 45133 | D11: =$P$2-C11 -> 1097 | E11: 99 | F11: Low | G11: 9 | H11: 286 | I11: 66 | J11: =RANK(I11,$I$3:$I$16)+COUNTIF(I$3:$I11,I11)-1 -> 9 | K11: 85 | L11: =RANK(K11,$K$3:$K$16)+COUNTIF(K$3:$K11,K11)-1 -> 11 | M11: =(G11+L11)/2 -> 10 | N11: =RANK(M11,$M$3:$M$16,1)+COUNTIF(M$3:$M11,M11)-1 -> 9
A12: AW | B12: DA2568 | C12: 45729 | D12: =$P$2-C12 -> 501 | E12: 99 | F12: Low | G12: 11 | H12: 204 | I12: 80 | J12: =RANK(I12,$I$3:$I$16)+COUNTIF(I$3:$I12,I12)-1 -> 4 | K12: 84 | L12: =RANK(K12,$K$3:$K$16)+COUNTIF(K$3:$K12,K12)-1 -> 14 | M12: =(G12+L12)/2 -> 12.5 | N12: =RANK(M12,$M$3:$M$16,1)+COUNTIF(M$3:$M12,M12)-1 -> 12
A13: CM | B13: CL3033 | C13: 45107 | D13: =$P$2-C13 -> 1123 | E13: 98 | F13: Low | G13: 12 | H13: 304 | I13: 91 | J13: =RANK(I13,$I$3:$I$16)+COUNTIF(I$3:$I13,I13)-1 -> 2 | K13: 86 | L13: =RANK(K13,$K$3:$K$16)+COUNTIF(K$3:$K13,K13)-1 -> 10 | M13: =(G13+L13)/2 -> 11 | N13: =RANK(M13,$M$3:$M$16,1)+COUNTIF(M$3:$M13,M13)-1 -> 11
A14: CM | B14: CJ0211 | C14: 44955 | D14: =$P$2-C14 -> 1275 | E14: 98 | F14: Low | G14: 13 | H14: 492 | I14: 90 | J14: =RANK(I14,$I$3:$I$16)+COUNTIF(I$3:$I14,I14)-1 -> 3 | K14: 87 | L14: =RANK(K14,$K$3:$K$16)+COUNTIF(K$3:$K14,K14)-1 -> 8 | M14: =(G14+L14)/2 -> 10.5 | N14: =RANK(M14,$M$3:$M$16,1)+COUNTIF(M$3:$M14,M14)-1 -> 10
A15: AW | B15: DA0379 | C15: 45281 | D15: =$P$2-C15 -> 949 | E15: 97 | F15: Low | G15: 14 | H15: 204 | I15: 80 | J15: =RANK(I15,$I$3:$I$16)+COUNTIF(I$3:$I15,I15)-1 -> 5 | K15: 85 | L15: =RANK(K15,$K$3:$K$16)+COUNTIF(K$3:$K15,K15)-1 -> 12 | M15: =(G15+L15)/2 -> 13 | N15: =RANK(M15,$M$3:$M$16,1)+COUNTIF(M$3:$M15,M15)-1 -> 13
B16: CL5312 | C16: 45120 | D16: =$P$2-C16 -> 1110 | E16: 96 | F16: Low | G16: 15 | H16: 402 | I16: 79 | J16: =RANK(I16,$I$3:$I$16)+COUNTIF(I$3:$I16,I16)-1 -> 6 | K16: 85 | L16: =RANK(K16,$K$3:$K$16)+COUNTIF(K$3:$K16,K16)-1 -> 13 | M16: =(G16+L16)/2 -> 14 | N16: =RANK(M16,$M$3:$M$16,1)+COUNTIF(M$3:$M16,M16)-1 -> 14
B19: Sunday | C19: Wednesday
B20: T1 | C20: T2
B23: COMMENT
E24: Not yet in use

Sheet week 33
B1: Collector ID | C1: Boar | D1: DoB | E1: Age | F1: TSI | G1: Genetic level | H1: Genetic Rank | I1: Last recorded raw Semen collected (mls) | J1: Last recorded Doses | K1: Dose rank | L1: Last recorded Morphology | M1: Morphology Rank | N1: Overal Grading | O1: Overal Rank | AB1: 45677
Q2: 46237 | R2: Sunday | S2: Sunday | T2: Sunday | U2: Wed | V2: Wed | W2: Wed
B3: AW | C3: DA3337 | D3: 45883 | E3: =$Q$2-D3 -> 354 | F3: 119 | G3: Above average | H3: 1 | I3: 128 | J3: 54 | K3: =RANK(J3,$J$3:$J$16)+COUNTIF(J$3:$J3,J3)-1 -> 11 | L3: 87 | M3: =RANK(L3,$L$3:$L$16)+COUNTIF(L$3:$L3,L3)-1 -> 4 | N3: =(H3+M3)/2 -> 2.5 | O3: =RANK(N3,$N$3:$N$16,1)+COUNTIF(N$3:$N3,N3)-1 -> 1 | R3: required | S3: estimate | T3: actual | U3: required | V3: estimate | W3: actual
B4: TA | C4: DA3132 | D4: 45850 | E4: =$Q$2-D4 -> 387 | F4: 118 | G4: Above average | H4: 2 | I4: 218 | J4: 63 | K4: =RANK(J4,$J$3:$J$16)+COUNTIF(J$3:$J4,J4)-1 -> 9 | L4: 87 | M4: =RANK(L4,$L$3:$L$16)+COUNTIF(L$3:$L4,L4)-1 -> 5 | N4: =(H4+M4)/2 -> 3.5 | O4: =RANK(N4,$N$3:$N$16,1)+COUNTIF(N$3:$N4,N4)-1 -> 2 | Q4: total | R4: =SUM(R5:R9) -> 480 | S4: 549 | U4: =SUM(U5:U9) -> 175 | V4: 232
B5: AW | C5: DA3300 | D5: 45873 | E5: =$Q$2-D5 -> 364 | F5: 117 | G5: Above average | H5: 3 | I5: 138 | J5: 59 | K5: =RANK(J5,$J$3:$J$16)+COUNTIF(J$3:$J5,J5)-1 -> 10 | L5: 86 | M5: =RANK(L5,$L$3:$L$16)+COUNTIF(L$3:$L5,L5)-1 -> 10 | N5: =(H5+M5)/2 -> 6.5 | O5: =RANK(N5,$N$3:$N$16,1)+COUNTIF(N$3:$N5,N5)-1 -> 6 | Q5: grasmere | R5: 180 | U5: 60
B6: AW | C6: DA1721 | D6: 45561 | E6: =$Q$2-D6 -> 676 | F6: 108 | G6: Average | H6: 4 | I6: 224 | J6: 76 | K6: =RANK(J6,$J$3:$J$16)+COUNTIF(J$3:$J6,J6)-1 -> 5 | L6: 87 | M6: =RANK(L6,$L$3:$L$16)+COUNTIF(L$3:$L6,L6)-1 -> 6 | N6: =(H6+M6)/2 -> 5 | O6: =RANK(N6,$N$3:$N$16,1)+COUNTIF(N$3:$N6,N6)-1 -> 5 | Q6: richlands | R6: 85 | U6: 35
B7: TA | C7: DA1669 | D7: 45553 | E7: =$Q$2-D7 -> 684 | F7: 107 | G7: Average | H7: 5 | I7: 206 | J7: 45 | K7: =RANK(J7,$J$3:$J$16)+COUNTIF(J$3:$J7,J7)-1 -> 14 | L7: 85 | M7: =RANK(L7,$L$3:$L$16)+COUNTIF(L$3:$L7,L7)-1 -> 13 | N7: =(H7+M7)/2 -> 9 | O7: =RANK(N7,$N$3:$N$16,1)+COUNTIF(N$3:$N7,N7)-1 -> 9 | Q7: Villa | R7: 40 | U7: 10 | X7: Actual total | Y7: estimated
B8: TA | C8: DA2470 | D8: 45711 | E8: =$Q$2-D8 -> 526 | F8: 106 | G8: Average | H8: 6 | I8: 122 | J8: 54 | K8: =RANK(J8,$J$3:$J$16)+COUNTIF(J$3:$J8,J8)-1 -> 12 | L8: 88 | M8: =RANK(L8,$L$3:$L$16)+COUNTIF(L$3:$L8,L8)-1 -> 2 | N8: =(H8+M8)/2 -> 4 | O8: =RANK(N8,$N$3:$N$16,1)+COUNTIF(N$3:$N8,N8)-1 -> 3 | Q8: Lions Head | R8: 95 | U8: 40 | X8: =T4+W4 -> 0 | Y8: =S4+V4 -> 781
B9: CM | C9: DA1627 | D9: 45545 | E9: =$Q$2-D9 -> 692 | F9: 102 | G9: Below average | H9: 7 | I9: 182 | J9: 65 | K9: =RANK(J9,$J$3:$J$16)+COUNTIF(J$3:$J9,J9)-1 -> 8 | L9: 89 | M9: =RANK(L9,$L$3:$L$16)+COUNTIF(L$3:$L9,L9)-1 -> 1 | N9: =(H9+M9)/2 -> 4 | O9: =RANK(N9,$N$3:$N$16,1)+COUNTIF(N$3:$N9,N9)-1 -> 4 | Q9: Porta | R9: 80 | U9: 30 | Y9: =X8-Y8 -> -781
B10: CM | C10: DA1130 | D10: 45418 | E10: =$Q$2-D10 -> 819 | F10: 100 | G10: Low | H10: 8 | I10: 358 | J10: 117 | K10: =RANK(J10,$J$3:$J$16)+COUNTIF(J$3:$J10,J10)-1 -> 1 | L10: 87 | M10: =RANK(L10,$L$3:$L$16)+COUNTIF(L$3:$L10,L10)-1 -> 7 | N10: =(H10+M10)/2 -> 7.5 | O10: =RANK(N10,$N$3:$N$16,1)+COUNTIF(N$3:$N10,N10)-1 -> 7
A11: CULL | C11: CL7180 | D11: 45133 | E11: =$Q$2-D11 -> 1104 | F11: 99 | G11: Low | H11: 9 | I11: 209 | J11: 50 | K11: =RANK(J11,$J$3:$J$16)+COUNTIF(J$3:$J11,J11)-1 -> 13 | L11: 87 | M11: =RANK(L11,$L$3:$L$16)+COUNTIF(L$3:$L11,L11)-1 -> 8 | N11: =(H11+M11)/2 -> 8.5 | O11: =RANK(N11,$N$3:$N$16,1)+COUNTIF(N$3:$N11,N11)-1 -> 8
B12: TA | C12: DA2568 | D12: 45729 | E12: =$Q$2-D12 -> 508 | F12: 99 | G12: Low | H12: 11 | I12: 190 | J12: 75 | K12: =RANK(J12,$J$3:$J$16)+COUNTIF(J$3:$J12,J12)-1 -> 6 | L12: 85 | M12: =RANK(L12,$L$3:$L$16)+COUNTIF(L$3:$L12,L12)-1 -> 14 | N12: =(H12+M12)/2 -> 12.5 | O12: =RANK(N12,$N$3:$N$16,1)+COUNTIF(N$3:$N12,N12)-1 -> 13
B13: CM | C13: CL3033 | D13: 45107 | E13: =$Q$2-D13 -> 1130 | F13: 98 | G13: Low | H13: 12 | I13: 280 | J13: 80 | K13: =RANK(J13,$J$3:$J$16)+COUNTIF(J$3:$J13,J13)-1 -> 3 | L13: 86 | M13: =RANK(L13,$L$3:$L$16)+COUNTIF(L$3:$L13,L13)-1 -> 11 | N13: =(H13+M13)/2 -> 11.5 | O13: =RANK(N13,$N$3:$N$16,1)+COUNTIF(N$3:$N13,N13)-1 -> 11
B14: CM | C14: CJ0211 | D14: 44955 | E14: =$Q$2-D14 -> 1282 | F14: 98 | G14: Low | H14: 13 | I14: 556 | J14: 97 | K14: =RANK(J14,$J$3:$J$16)+COUNTIF(J$3:$J14,J14)-1 -> 2 | L14: 86 | M14: =RANK(L14,$L$3:$L$16)+COUNTIF(L$3:$L14,L14)-1 -> 12 | N14: =(H14+M14)/2 -> 12.5 | O14: =RANK(N14,$N$3:$N$16,1)+COUNTIF(N$3:$N14,N14)-1 -> 14
A15: CULL | B15: TA | C15: DA0379 | D15: 45281 | E15: =$Q$2-D15 -> 956 | F15: 97 | G15: Low | H15: 14 | I15: 262 | J15: 74 | K15: =RANK(J15,$J$3:$J$16)+COUNTIF(J$3:$J15,J15)-1 -> 7 | L15: 87 | M15: =RANK(L15,$L$3:$L$16)+COUNTIF(L$3:$L15,L15)-1 -> 9 | N15: =(H15+M15)/2 -> 11.5 | O15: =RANK(N15,$N$3:$N$16,1)+COUNTIF(N$3:$N15,N15)-1 -> 12
A16: CULL | C16: CL5312 | D16: 45120 | E16: =$Q$2-D16 -> 1117 | F16: 96 | G16: Low | H16: 15 | I16: 201 | J16: 78 | K16: =RANK(J16,$J$3:$J$16)+COUNTIF(J$3:$J16,J16)-1 -> 4 | L16: 88 | M16: =RANK(L16,$L$3:$L$16)+COUNTIF(L$3:$L16,L16)-1 -> 3 | N16: =(H16+M16)/2 -> 9 | O16: =RANK(N16,$N$3:$N$16,1)+COUNTIF(N$3:$N16,N16)-1 -> 10
C19: Sunday | D19: Wednesday
C20: T1 | D20: T2
C23: COMMENT
F24: Not yet in use

Sheet week 34
B1: Collector ID | C1: Boar | D1: DoB | E1: Age | F1: TSI | G1: Genetic level | H1: Genetic Rank | I1: Last recorded raw Semen collected (mls) | J1: Last recorded Doses | K1: Dose rank | L1: Last recorded Morphology | M1: Morphology Rank | N1: Overal Grading | O1: Overal Rank | AB1: 45677
Q2: 46237 | R2: Sunday | S2: Sunday | T2: Sunday | U2: Wed | V2: Wed | W2: Wed
B3: TA | C3: DA3337 | D3: 45883 | E3: =$Q$2-D3 -> 354 | F3: 119 | G3: Above average | H3: 1 | I3: 128 | J3: 54 | K3: =RANK(J3,$J$3:$J$16)+COUNTIF(J$3:$J3,J3)-1 -> 6 | L3: 87 | M3: =RANK(L3,$L$3:$L$16)+COUNTIF(L$3:$L3,L3)-1 -> 2 | N3: =(H3+M3)/2 -> 1.5 | O3: =RANK(N3,$N$3:$N$16,1)+COUNTIF(N$3:$N3,N3)-1 -> 1 | R3: required | S3: estimate | T3: actual | U3: required | V3: estimate | W3: actual
C4: DA3132 | D4: 45850 | E4: =$Q$2-D4 -> 387 | F4: 118 | G4: Above average | H4: 2 | I4: 200 | J4: 41 | K4: =RANK(J4,$J$3:$J$16)+COUNTIF(J$3:$J4,J4)-1 -> 10 | L4: 87 | M4: =RANK(L4,$L$3:$L$16)+COUNTIF(L$3:$L4,L4)-1 -> 3 | N4: =(H4+M4)/2 -> 2.5 | O4: =RANK(N4,$N$3:$N$16,1)+COUNTIF(N$3:$N4,N4)-1 -> 2 | Q4: total | R4: =SUM(R5:R9) -> 480 | S4: 549 | U4: =SUM(U5:U9) -> 175 | V4: 232
B5: CM | C5: DA3300 | D5: 45873 | E5: =$Q$2-D5 -> 364 | F5: 117 | G5: Above average | H5: 3 | I5: 166 | J5: 46 | K5: =RANK(J5,$J$3:$J$16)+COUNTIF(J$3:$J5,J5)-1 -> 9 | L5: 86 | M5: =RANK(L5,$L$3:$L$16)+COUNTIF(L$3:$L5,L5)-1 -> 10 | N5: =(H5+M5)/2 -> 6.5 | O5: =RANK(N5,$N$3:$N$16,1)+COUNTIF(N$3:$N5,N5)-1 -> 6 | Q5: grasmere | R5: 180 | U5: 60
B6: CM | C6: DA1721 | D6: 45561 | E6: =$Q$2-D6 -> 676 | F6: 108 | G6: Average | H6: 4 | I6: 266 | J6: 68 | K6: =RANK(J6,$J$3:$J$16)+COUNTIF(J$3:$J6,J6)-1 -> 5 | L6: 87 | M6: =RANK(L6,$L$3:$L$16)+COUNTIF(L$3:$L6,L6)-1 -> 4 | N6: =(H6+M6)/2 -> 4 | O6: =RANK(N6,$N$3:$N$16,1)+COUNTIF(N$3:$N6,N6)-1 -> 4 | Q6: richlands | R6: 85 | U6: 35
B7: TA | C7: DA1669 | D7: 45553 | E7: =$Q$2-D7 -> 684 | F7: 107 | G7: Average | H7: 5 | I7: 294 | J7: 36 | K7: =RANK(J7,$J$3:$J$16)+COUNTIF(J$3:$J7,J7)-1 -> 12 | L7: 87 | M7: =RANK(L7,$L$3:$L$16)+COUNTIF(L$3:$L7,L7)-1 -> 5 | N7: =(H7+M7)/2 -> 5 | O7: =RANK(N7,$N$3:$N$16,1)+COUNTIF(N$3:$N7,N7)-1 -> 5 | Q7: Villa | R7: 40 | U7: 10 | X7: Actual total | Y7: estimated
B8: TA | C8: DA2470 | D8: 45711 | E8: =$Q$2-D8 -> 526 | F8: 106 | G8: Average | H8: 6 | I8: 90 | J8: 40 | K8: =RANK(J8,$J$3:$J$16)+COUNTIF(J$3:$J8,J8)-1 -> 11 | L8: 88 | M8: =RANK(L8,$L$3:$L$16)+COUNTIF(L$3:$L8,L8)-1 -> 1 | N8: =(H8+M8)/2 -> 3.5 | O8: =RANK(N8,$N$3:$N$16,1)+COUNTIF(N$3:$N8,N8)-1 -> 3 | Q8: Lions Head | R8: 95 | U8: 40 | X8: =T4+W4 -> 0 | Y8: =S4+V4 -> 781
B9: AW | C9: DA1627 | D9: 45545 | E9: =$Q$2-D9 -> 692 | F9: 102 | G9: Below average | H9: 7 | I9: 202 | J9: 26 | K9: =RANK(J9,$J$3:$J$16)+COUNTIF(J$3:$J9,J9)-1 -> 14 | L9: 87 | M9: =RANK(L9,$L$3:$L$16)+COUNTIF(L$3:$L9,L9)-1 -> 6 | N9: =(H9+M9)/2 -> 6.5 | O9: =RANK(N9,$N$3:$N$16,1)+COUNTIF(N$3:$N9,N9)-1 -> 7 | Q9: Porta | R9: 80 | U9: 30 | Y9: =X8-Y8 -> -781
B10: CM | C10: DA1130 | D10: 45418 | E10: =$Q$2-D10 -> 819 | F10: 100 | G10: Low | H10: 8 | I10: 484 | J10: 102 | K10: =RANK(J10,$J$3:$J$16)+COUNTIF(J$3:$J10,J10)-1 -> 1 | L10: 87 | M10: =RANK(L10,$L$3:$L$16)+COUNTIF(L$3:$L10,L10)-1 -> 7 | N10: =(H10+M10)/2 -> 7.5 | O10: =RANK(N10,$N$3:$N$16,1)+COUNTIF(N$3:$N10,N10)-1 -> 8
A11: CULL | C11: CL7180 | D11: 45133 | E11: =$Q$2-D11 -> 1104 | F11: 99 | G11: Low | H11: 9 | I11: 268 | J11: 54 | K11: =RANK(J11,$J$3:$J$16)+COUNTIF(J$3:$J11,J11)-1 -> 7 | L11: 86 | M11: =RANK(L11,$L$3:$L$16)+COUNTIF(L$3:$L11,L11)-1 -> 11 | N11: =(H11+M11)/2 -> 10 | O11: =RANK(N11,$N$3:$N$16,1)+COUNTIF(N$3:$N11,N11)-1 -> 9
B12: TA | C12: DA2568 | D12: 45729 | E12: =$Q$2-D12 -> 508 | F12: 99 | G12: Low | H12: 11 | I12: 294 | J12: 36 | K12: =RANK(J12,$J$3:$J$16)+COUNTIF(J$3:$J12,J12)-1 -> 13 | L12: 85 | M12: =RANK(L12,$L$3:$L$16)+COUNTIF(L$3:$L12,L12)-1 -> 14 | N12: =(H12+M12)/2 -> 12.5 | O12: =RANK(N12,$N$3:$N$16,1)+COUNTIF(N$3:$N12,N12)-1 -> 13
B13: AW | C13: CL3033 | D13: 45107 | E13: =$Q$2-D13 -> 1130 | F13: 98 | G13: Low | H13: 12 | I13: 358 | J13: 89 | K13: =RANK(J13,$J$3:$J$16)+COUNTIF(J$3:$J13,J13)-1 -> 2 | L13: 86 | M13: =RANK(L13,$L$3:$L$16)+COUNTIF(L$3:$L13,L13)-1 -> 12 | N13: =(H13+M13)/2 -> 12 | O13: =RANK(N13,$N$3:$N$16,1)+COUNTIF(N$3:$N13,N13)-1 -> 11
B14: AW | C14: CJ0211 | D14: 44955 | E14: =$Q$2-D14 -> 1282 | F14: 98 | G14: Low | H14: 13 | I14: 480 | J14: 82 | K14: =RANK(J14,$J$3:$J$16)+COUNTIF(J$3:$J14,J14)-1 -> 3 | L14: 86 | M14: =RANK(L14,$L$3:$L$16)+COUNTIF(L$3:$L14,L14)-1 -> 13 | N14: =(H14+M14)/2 -> 13 | O14: =RANK(N14,$N$3:$N$16,1)+COUNTIF(N$3:$N14,N14)-1 -> 14
A15: CULL | B15: TA | C15: DA0379 | D15: 45281 | E15: =$Q$2-D15 -> 956 | F15: 97 | G15: Low | H15: 14 | I15: 262 | J15: 74 | K15: =RANK(J15,$J$3:$J$16)+COUNTIF(J$3:$J15,J15)-1 -> 4 | L15: 87 | M15: =RANK(L15,$L$3:$L$16)+COUNTIF(L$3:$L15,L15)-1 -> 8 | N15: =(H15+M15)/2 -> 11 | O15: =RANK(N15,$N$3:$N$16,1)+COUNTIF(N$3:$N15,N15)-1 -> 10
A16: CULL | B16: CM | C16: CL5312 | D16: 45120 | E16: =$Q$2-D16 -> 1117 | F16: 96 | G16: Low | H16: 15 | I16: 264 | J16: 50 | K16: =RANK(J16,$J$3:$J$16)+COUNTIF(J$3:$J16,J16)-1 -> 8 | L16: 87 | M16: =RANK(L16,$L$3:$L$16)+COUNTIF(L$3:$L16,L16)-1 -> 9 | N16: =(H16+M16)/2 -> 12 | O16: =RANK(N16,$N$3:$N$16,1)+COUNTIF(N$3:$N16,N16)-1 -> 12
C19: Sunday | D19: Wednesday
C20: T1 | D20: T2
C23: COMMENT
F24: Not yet in use

Sheet week 35
A1: Collector ID | B1: Boar | C1: DoB | D1: Age | E1: TSI | F1: Genetic level | G1: Genetic Rank | H1: Last corded raw Semen collected (mls) | I1: Last corded Doses | J1: Dose rank | K1: Last corded Morphology | L1: Morphology Rank | M1: Overal Grading | N1: Overal Rank | AA1: 45677
P2: 46250 | Q2: Sunday | R2: Sunday | S2: Sunday | T2: Wed | U2: Wed | V2: Wed
A3: AW | B3: DA3337 | C3: 45874 | D3: =$P$2-C3 -> 376 | E3: 116 | F3: Average | G3: 1 | H3: 152 | I3: 34 | J3: =RANK(I3,$I$3:$I$16)+COUNTIF(I$3:$I3,I3)-1 -> 6 | L3: =RANK(K3,$K$3:$K$16)+COUNTIF(K$3:$K3,K3)-1 -> #N/A | M3: =(G3+L3)/2 -> #N/A | N3: =RANK(M3,$M$3:$M$16,1)+COUNTIF(M$3:$M3,M3)-1 -> #N/A | Q3: quid | R3: estimate | S3: actual | T3: quid | U3: estimate | V3: actual
B4: DA3132 | C4: 45841 | D4: =$P$2-C4 -> 409 | E4: 113 | F4: Average | G4: 2 | J4: =RANK(I4,$I$3:$I$16)+COUNTIF(I$3:$I4,I4)-1 -> #N/A | L4: =RANK(K4,$K$3:$K$16)+COUNTIF(K$3:$K4,K4)-1 -> #N/A | M4: =(G4+L4)/2 -> #N/A | N4: =RANK(M4,$M$3:$M$16,1)+COUNTIF(M$3:$M4,M4)-1 -> #N/A | P4: total | Q4: =SUM(Q5:Q9) -> 480 | R4: 549 | T4: =SUM(T5:T9) -> 175 | U4: 232
B5: DA3300 | C5: 45864 | D5: =$P$2-C5 -> 386 | E5: 113 | F5: Average | G5: 3 | J5: =RANK(I5,$I$3:$I$16)+COUNTIF(I$3:$I5,I5)-1 -> #N/A | L5: =RANK(K5,$K$3:$K$16)+COUNTIF(K$3:$K5,K5)-1 -> #N/A | M5: =(G5+L5)/2 -> #N/A | N5: =RANK(M5,$M$3:$M$16,1)+COUNTIF(M$3:$M5,M5)-1 -> #N/A | P5: grasme | Q5: 180 | T5: 60
B6: DA4244 | C6: 46027 | D6: =$P$2-C6 -> 223 | E6: 113 | F6: Average | G6: 4 | J6: =RANK(I6,$I$3:$I$16)+COUNTIF(I$3:$I6,I6)-1 -> #N/A | L6: =RANK(K6,$K$3:$K$16)+COUNTIF(K$3:$K6,K6)-1 -> #N/A | M6: =(G6+L6)/2 -> #N/A | N6: =RANK(M6,$M$3:$M$16,1)+COUNTIF(M$3:$M6,M6)-1 -> #N/A | P6: richlands | Q6: 85 | T6: 35
B7: DA4146 | C7: 46011 | D7: =$P$2-C7 -> 239 | E7: 110 | F7: Average | G7: 5 | J7: =RANK(I7,$I$3:$I$16)+COUNTIF(I$3:$I7,I7)-1 -> #N/A | L7: =RANK(K7,$K$3:$K$16)+COUNTIF(K$3:$K7,K7)-1 -> #N/A | M7: =(G7+L7)/2 -> #N/A | N7: =RANK(M7,$M$3:$M$16,1)+COUNTIF(M$3:$M7,M7)-1 -> #N/A | P7: Villa | Q7: 40 | T7: 10 | W7: Actual total | X7: estimated
B8: DA4287 | C8: 46033 | D8: =$P$2-C8 -> 217 | E8: 110 | F8: Average | G8: 6 | J8: =RANK(I8,$I$3:$I$16)+COUNTIF(I$3:$I8,I8)-1 -> #N/A | L8: =RANK(K8,$K$3:$K$16)+COUNTIF(K$3:$K8,K8)-1 -> #N/A | M8: =(G8+L8)/2 -> #N/A | N8: =RANK(M8,$M$3:$M$16,1)+COUNTIF(M$3:$M8,M8)-1 -> #N/A | P8: Lions Head | Q8: 95 | T8: 40 | W8: =S4+V4 -> 0 | X8: =R4+U4 -> 781
B9: DA4288 | C9: 46033 | D9: =$P$2-C9 -> 217 | E9: 110 | F9: Average | G9: 7 | J9: =RANK(I9,$I$3:$I$16)+COUNTIF(I$3:$I9,I9)-1 -> #N/A | L9: =RANK(K9,$K$3:$K$16)+COUNTIF(K$3:$K9,K9)-1 -> #N/A | M9: =(G9+L9)/2 -> #N/A | N9: =RANK(M9,$M$3:$M$16,1)+COUNTIF(M$3:$M9,M9)-1 -> #N/A | P9: Porta | Q9: 80 | T9: 30 | X9: =W8-X8 -> -781
B10: DA4147 | C10: 46011 | D10: =$P$2-C10 -> 239 | E10: 109 | F10: Average | G10: 8 | J10: =RANK(I10,$I$3:$I$16)+COUNTIF(I$3:$I10,I10)-1 -> #N/A | L10: =RANK(K10,$K$3:$K$16)+COUNTIF(K$3:$K10,K10)-1 -> #N/A | M10: =(G10+L10)/2 -> #N/A | N10: =RANK(M10,$M$3:$M$16,1)+COUNTIF(M$3:$M10,M10)-1 -> #N/A
A11: AW | B11: DA1669 | C11: 45544 | D11: =$P$2-C11 -> 706 | E11: 102 | F11: Below average | G11: 9 | H11: 348 | I11: 44 | J11: =RANK(I11,$I$3:$I$16)+COUNTIF(I$3:$I11,I11)-1 -> 5 | L11: =RANK(K11,$K$3:$K$16)+COUNTIF(K$3:$K11,K11)-1 -> #N/A | M11: =(G11+L11)/2 -> #N/A | N11: =RANK(M11,$M$3:$M$16,1)+COUNTIF(M$3:$M11,M11)-1 -> #N/A
A12: CM | B12: DA1721 | C12: 45552 | D12: =$P$2-C12 -> 698 | E12: 102 | F12: Below average | G12: 10 | H12: 164 | I12: 34 | J12: =RANK(I12,$I$3:$I$16)+COUNTIF(I$3:$I12,I12)-1 -> 7 | L12: =RANK(K12,$K$3:$K$16)+COUNTIF(K$3:$K12,K12)-1 -> #N/A | M12: =(G12+L12)/2 -> #N/A | N12: =RANK(M12,$M$3:$M$16,1)+COUNTIF(M$3:$M12,M12)-1 -> #N/A
A13: AW | B13: DA2568 | C13: 45720 | D13: =$P$2-C13 -> 530 | E13: 98 | F13: Low | G13: 13 | H13: 168 | I13: 61 | J13: =RANK(I13,$I$3:$I$16)+COUNTIF(I$3:$I13,I13)-1 -> 4 | L13: =RANK(K13,$K$3:$K$16)+COUNTIF(K$3:$K13,K13)-1 -> #N/A | M13: =(G13+L13)/2 -> #N/A | N13: =RANK(M13,$M$3:$M$16,1)+COUNTIF(M$3:$M13,M13)-1 -> #N/A
A14: CM | B14: DA1130 | C14: 45409 | D14: =$P$2-C14 -> 841 | E14: 97 | F14: Low | G14: 14 | H14: 418 | I14: 72 | J14: =RANK(I14,$I$3:$I$16)+COUNTIF(I$3:$I14,I14)-1 -> 2 | L14: =RANK(K14,$K$3:$K$16)+COUNTIF(K$3:$K14,K14)-1 -> #N/A | M14: =(G14+L14)/2 -> #N/A | N14: =RANK(M14,$M$3:$M$16,1)+COUNTIF(M$3:$M14,M14)-1 -> #N/A
A15: CM | B15: CJ0211 | C15: 44946 | D15: =$P$2-C15 -> 1304 | E15: 95 | F15: Very low | G15: 15 | H15: 662 | I15: 92 | J15: =RANK(I15,$I$3:$I$16)+COUNTIF(I$3:$I15,I15)-1 -> 1 | L15: =RANK(K15,$K$3:$K$16)+COUNTIF(K$3:$K15,K15)-1 -> #N/A | M15: =(G15+L15)/2 -> #N/A | N15: =RANK(M15,$M$3:$M$16,1)+COUNTIF(M$3:$M15,M15)-1 -> #N/A
A16: CM | B16: CL3033 | C16: 45098 | D16: =$P$2-C16 -> 1152 | E16: 93 | F16: Very low | G16: 16 | H16: 296 | I16: 72 | J16: =RANK(I16,$I$3:$I$16)+COUNTIF(I$3:$I16,I16)-1 -> 3 | L16: =RANK(K16,$K$3:$K$16)+COUNTIF(K$3:$K16,K16)-1 -> #N/A | M16: =(G16+L16)/2 -> #N/A | N16: =RANK(M16,$M$3:$M$16,1)+COUNTIF(M$3:$M16,M16)-1 -> #N/A
B19: Sunday | C19: Wednesday
B20: T1 | C20: T2
B23: COMMENT
E24: Not yet in use

Sheet week 36
A1: Collector ID | B1: Boar | C1: DoB | D1: Age | E1: TSI | F1: Genetic level | G1: Genetic Rank | H1: Last corded raw Semen collected (mls) | I1: Last corded Doses | J1: Dose rank | K1: Last corded Morphology | L1: Morphology Rank | M1: Overal Grading | N1: Overal Rank | AA1: 45677
P2: 46250 | Q2: Sunday | R2: Sunday | S2: Sunday | T2: Wed | U2: Wed | V2: Wed
B3: DA3337 | C3: 45874 | D3: =$P$2-C3 -> 376 | E3: 116 | F3: Average | G3: 1 | J3: =RANK(I3,$I$3:$I$16)+COUNTIF(I$3:$I3,I3)-1 -> #N/A | L3: =RANK(K3,$K$3:$K$16)+COUNTIF(K$3:$K3,K3)-1 -> #N/A | M3: =(G3+L3)/2 -> #N/A | N3: =RANK(M3,$M$3:$M$16,1)+COUNTIF(M$3:$M3,M3)-1 -> #N/A | Q3: quid | R3: estimate | S3: actual | T3: quid | U3: estimate | V3: actual
B4: DA3132 | C4: 45841 | D4: =$P$2-C4 -> 409 | E4: 113 | F4: Average | G4: 2 | J4: =RANK(I4,$I$3:$I$16)+COUNTIF(I$3:$I4,I4)-1 -> #N/A | L4: =RANK(K4,$K$3:$K$16)+COUNTIF(K$3:$K4,K4)-1 -> #N/A | M4: =(G4+L4)/2 -> #N/A | N4: =RANK(M4,$M$3:$M$16,1)+COUNTIF(M$3:$M4,M4)-1 -> #N/A | P4: total | Q4: =SUM(Q5:Q9) -> 480 | R4: 549 | T4: =SUM(T5:T9) -> 175 | U4: 232
B5: DA3300 | C5: 45864 | D5: =$P$2-C5 -> 386 | E5: 113 | F5: Average | G5: 3 | J5: =RANK(I5,$I$3:$I$16)+COUNTIF(I$3:$I5,I5)-1 -> #N/A | L5: =RANK(K5,$K$3:$K$16)+COUNTIF(K$3:$K5,K5)-1 -> #N/A | M5: =(G5+L5)/2 -> #N/A | N5: =RANK(M5,$M$3:$M$16,1)+COUNTIF(M$3:$M5,M5)-1 -> #N/A | P5: grasme | Q5: 180 | T5: 60
B6: DA4244 | C6: 46027 | D6: =$P$2-C6 -> 223 | E6: 113 | F6: Average | G6: 4 | J6: =RANK(I6,$I$3:$I$16)+COUNTIF(I$3:$I6,I6)-1 -> #N/A | L6: =RANK(K6,$K$3:$K$16)+COUNTIF(K$3:$K6,K6)-1 -> #N/A | M6: =(G6+L6)/2 -> #N/A | N6: =RANK(M6,$M$3:$M$16,1)+COUNTIF(M$3:$M6,M6)-1 -> #N/A | P6: richlands | Q6: 85 | T6: 35
B7: DA4146 | C7: 46011 | D7: =$P$2-C7 -> 239 | E7: 110 | F7: Average | G7: 5 | J7: =RANK(I7,$I$3:$I$16)+COUNTIF(I$3:$I7,I7)-1 -> #N/A | L7: =RANK(K7,$K$3:$K$16)+COUNTIF(K$3:$K7,K7)-1 -> #N/A | M7: =(G7+L7)/2 -> #N/A | N7: =RANK(M7,$M$3:$M$16,1)+COUNTIF(M$3:$M7,M7)-1 -> #N/A | P7: Villa | Q7: 40 | T7: 10 | W7: Actual total | X7: estimated
B8: DA4287 | C8: 46033 | D8: =$P$2-C8 -> 217 | E8: 110 | F8: Average | G8: 6 | J8: =RANK(I8,$I$3:$I$16)+COUNTIF(I$3:$I8,I8)-1 -> #N/A | L8: =RANK(K8,$K$3:$K$16)+COUNTIF(K$3:$K8,K8)-1 -> #N/A | M8: =(G8+L8)/2 -> #N/A | N8: =RANK(M8,$M$3:$M$16,1)+COUNTIF(M$3:$M8,M8)-1 -> #N/A | P8: Lions Head | Q8: 95 | T8: 40 | W8: =S4+V4 -> 0 | X8: =R4+U4 -> 781
B9: DA4288 | C9: 46033 | D9: =$P$2-C9 -> 217 | E9: 110 | F9: Average | G9: 7 | J9: =RANK(I9,$I$3:$I$16)+COUNTIF(I$3:$I9,I9)-1 -> #N/A | L9: =RANK(K9,$K$3:$K$16)+COUNTIF(K$3:$K9,K9)-1 -> #N/A | M9: =(G9+L9)/2 -> #N/A | N9: =RANK(M9,$M$3:$M$16,1)+COUNTIF(M$3:$M9,M9)-1 -> #N/A | P9: Porta | Q9: 80 | T9: 30 | X9: =W8-X8 -> -781
B10: DA4147 | C10: 46011 | D10: =$P$2-C10 -> 239 | E10: 109 | F10: Average | G10: 8 | J10: =RANK(I10,$I$3:$I$16)+COUNTIF(I$3:$I10,I10)-1 -> #N/A | L10: =RANK(K10,$K$3:$K$16)+COUNTIF(K$3:$K10,K10)-1 -> #N/A | M10: =(G10+L10)/2 -> #N/A | N10: =RANK(M10,$M$3:$M$16,1)+COUNTIF(M$3:$M10,M10)-1 -> #N/A
B11: DA1669 | C11: 45544 | D11: =$P$2-C11 -> 706 | E11: 102 | F11: Below average | G11: 9 | J11: =RANK(I11,$I$3:$I$16)+COUNTIF(I$3:$I11,I11)-1 -> #N/A | L11: =RANK(K11,$K$3:$K$16)+COUNTIF(K$3:$K11,K11)-1 -> #N/A | M11: =(G11+L11)/2 -> #N/A | N11: =RANK(M11,$M$3:$M$16,1)+COUNTIF(M$3:$M11,M11)-1 -> #N/A
B12: DA1721 | C12: 45552 | D12: =$P$2-C12 -> 698 | E12: 102 | F12: Below average | G12: 10 | J12: =RANK(I12,$I$3:$I$16)+COUNTIF(I$3:$I12,I12)-1 -> #N/A | L12: =RANK(K12,$K$3:$K$16)+COUNTIF(K$3:$K12,K12)-1 -> #N/A | M12: =(G12+L12)/2 -> #N/A | N12: =RANK(M12,$M$3:$M$16,1)+COUNTIF(M$3:$M12,M12)-1 -> #N/A
B13: DA2568 | C13: 45720 | D13: =$P$2-C13 -> 530 | E13: 98 | F13: Low | G13: 13 | J13: =RANK(I13,$I$3:$I$16)+COUNTIF(I$3:$I13,I13)-1 -> #N/A | L13: =RANK(K13,$K$3:$K$16)+COUNTIF(K$3:$K13,K13)-1 -> #N/A | M13: =(G13+L13)/2 -> #N/A | N13: =RANK(M13,$M$3:$M$16,1)+COUNTIF(M$3:$M13,M13)-1 -> #N/A
B14: DA1130 | C14: 45409 | D14: =$P$2-C14 -> 841 | E14: 97 | F14: Low | G14: 14 | J14: =RANK(I14,$I$3:$I$16)+COUNTIF(I$3:$I14,I14)-1 -> #N/A | L14: =RANK(K14,$K$3:$K$16)+COUNTIF(K$3:$K14,K14)-1 -> #N/A | M14: =(G14+L14)/2 -> #N/A | N14: =RANK(M14,$M$3:$M$16,1)+COUNTIF(M$3:$M14,M14)-1 -> #N/A
B15: CJ0211 | C15: 44946 | D15: =$P$2-C15 -> 1304 | E15: 95 | F15: Very low | G15: 15 | J15: =RANK(I15,$I$3:$I$16)+COUNTIF(I$3:$I15,I15)-1 -> #N/A | L15: =RANK(K15,$K$3:$K$16)+COUNTIF(K$3:$K15,K15)-1 -> #N/A | M15: =(G15+L15)/2 -> #N/A | N15: =RANK(M15,$M$3:$M$16,1)+COUNTIF(M$3:$M15,M15)-1 -> #N/A
B16: CL3033 | C16: 45098 | D16: =$P$2-C16 -> 1152 | E16: 93 | F16: Very low | G16: 16 | J16: =RANK(I16,$I$3:$I$16)+COUNTIF(I$3:$I16,I16)-1 -> #N/A | L16: =RANK(K16,$K$3:$K$16)+COUNTIF(K$3:$K16,K16)-1 -> #N/A | M16: =(G16+L16)/2 -> #N/A | N16: =RANK(M16,$M$3:$M$16,1)+COUNTIF(M$3:$M16,M16)-1 -> #N/A
B19: Sunday | C19: Wednesday
B20: T1 | C20: T2
B23: COMMENT
E24: Not yet in use

Sheet Tempo boars manual 
A3: Boar | B3: Rank | C3: level | G3: 60
A4: DA3337 | B4: 1 | C4: ABOVE AVG
A5: week | B5: 1 | C5: 2 | D5: 3 | E5: 4 | F5: 5 | G5: 6 | H5: 7 | I5: 8 | J5: 9 | K5: 10 | L5: 11 | M5: 12 | N5: 13 | O5: 14 | P5: 15 | Q5: 16 | R5: 17 | S5: 18 | T5: 19 | U5: 20 | V5: 21 | W5: 22 | X5: 23 | Y5: 24 | Z5: 25 | AA5: 26 | AB5: 27 | AC5: 28 | AD5: 29 | AE5: 30 | AF5: 31 | AG5: 32 | AH5: 33 | AI5: 34 | AJ5: 35 | AK5: 36 | AL5: 37 | AM5: 38 | AN5: 39 | AO5: 40 | AP5: 41 | AQ5: 42 | AR5: 43 | AS5: 44 | AT5: 45 | AU5: 46 | AV5: 47 | AW5: 48 | AX5: 49 | AY5: 50 | AZ5: 51 | BA5: 52
A6: morphology target top | B6: 85 | C6: 85 | D6: 85 | E6: 85 | F6: 85 | G6: 85 | H6: 85 | I6: 85 | J6: 85 | K6: 85 | L6: 85 | M6: 85 | N6: 85 | O6: 85 | P6: 85 | Q6: 85 | R6: 85 | S6: 85 | T6: 85 | U6: 85 | V6: 85 | W6: 85 | X6: 85 | Y6: 85 | Z6: 85 | AA6: 85 | AB6: 85 | AC6: 85 | AD6: 85 | AE6: 85 | AF6: 85 | AG6: 85 | AH6: 85 | AI6: 85 | AJ6: 85 | AK6: 85 | AL6: 85 | AM6: 85 | AN6: 85 | AO6: 85 | AP6: 85 | AQ6: 85 | AR6: 85 | AS6: 85 | AT6: 85 | AU6: 85 | AV6: 85 | AW6: 85 | AX6: 85 | AY6: 85 | AZ6: 85 | BA6: 85
A7: Actual | S7: ='week 19'!I3 -> 88 | T7: ='week 20'!K3 -> 88 | U7: ='week 21'!K3 -> 87 | V7: ='week 22'!K3 -> 87 | W7: ='week 23'!K3 -> 88 | X7: ='week 24'!K3 -> 90 | Y7: ='week 25'!K3 -> 88 | Z7: ='week 26'!K3 -> 88 | AA7: 88 | AB7: 86 | AC7: 86 | AD7: 86 | AE7: 87 | AF7: 87 | AG7: 87
A8: week | B8: 1 | C8: 2 | D8: 3 | E8: 4 | F8: 5 | G8: 6 | H8: 7 | I8: 8 | J8: 9 | K8: 10 | L8: 11 | M8: 12 | N8: 13 | O8: 14 | P8: 15 | Q8: 16 | R8: 17 | S8: 18 | T8: 19 | U8: 20 | V8: 21 | W8: 22 | X8: 23 | Y8: 24 | Z8: 25 | AA8: 26 | AB8: 27 | AC8: 28 | AD8: 29 | AE8: 30 | AF8: 31 | AG8: 32 | AH8: 33 | AI8: 34 | AJ8: 35 | AK8: 36 | AL8: 37 | AM8: 38 | AN8: 39 | AO8: 40 | AP8: 41 | AQ8: 42 | AR8: 43 | AS8: 44 | AT8: 45 | AU8: 46 | AV8: 47 | AW8: 48 | AX8: 49 | AY8: 50 | AZ8: 51 | BA8: 52
A9: boars avg # of doses | B9: =G3 -> 60 | C9: =B9 -> 60 | D9: =C9 -> 60 | E9: =D9 -> 60 | F9: =E9 -> 60 | G9: =F9 -> 60 | H9: =G9 -> 60 | I9: =H9 -> 60 | J9: =I9 -> 60 | ... AV9: =AU9 -> 60 | AW9: 60 | AX9: 60 | AY9: 60 | AZ9: 60 | BA9: 60
A10: doses actual | S10: ='week 19'!G3 -> 20 | T10: ='week 20'!I3 -> 25 | U10: ='week 21'!I3 -> 29 | V10: ='week 22'!I3 -> 48 | W10: ='week 23'!I3 -> 42 | X10: ='week 24'!I3 -> 35 | Y10: ='week 25'!I3 -> 40 | Z10: ='week 26'!I3 -> 52 | AA10: 46 | AB10: 51 | AC10: 45 | AD10: 54 | AE10: 40 | AF10: 69 | AG10: 54
A11: comment
A12: Tenability - Day 1 | S12: 9 | T12: 9 | U12: 9 | V12: 9 | W12: 9 | X12: 9 | Y12: 9 | Z12: 9 | AA12: 9 | AB12: 9 | AC12: 9 | AD12: 9 | AE12: 9 | AF12: 9 | AG12: 9 | AH12: 9
A13: tenability - Day 2 | S13: 9 | T13: 9 | U13: 9 | V13: 9 | W13: 9 | X13: 9 | Y13: 9 | Z13: 9 | AA13: 9 | AB13: 9 | AC13: 9 | AD13: 9 | AE13: 9 | AF13: 9 | AG13: 9 | AH13: 9
A14: tenability - Day 3 | S14: 8 | T14: 8 | U14: 8 | V14: 8 | W14: 8 | X14: 8 | Y14: 8 | Z14: 8 | AA14: 8 | AB14: 8 | AC14: 8 | AD14: 8 | AE14: 8 | AF14: 8 | AG14: 8 | AH14: 8
A19: Boar | B19: Rank | C19: level
A20: DA3132 | B20: 2 | C20: ABOVE AVG
A21: week | B21: 1 | C21: 2 | D21: 3 | E21: 4 | F21: 5 | G21: 6 | H21: 7 | I21: 8 | J21: 9 | K21: 10 | L21: 11 | M21: 12 | N21: 13 | O21: 14 | P21: 15 | Q21: 16 | R21: 17 | S21: 18 | T21: 19 | U21: 20 | V21: 21 | W21: 22 | X21: 23 | Y21: 24 | Z21: 25 | AA21: 26 | AB21: 27 | AC21: 28 | AD21: 29 | AE21: 30 | AF21: 31 | AG21: 32 | AH21: 33 | AI21: 34 | AJ21: 35 | AK21: 36 | AL21: 37 | AM21: 38 | AN21: 39 | AO21: 40 | AP21: 41 | AQ21: 42 | AR21: 43 | AS21: 44 | AT21: 45 | AU21: 46 | AV21: 47 | AW21: 48 | AX21: 49 | AY21: 50 | AZ21: 51 | BA21: 52
A22: morphology target top | B22: 85 | C22: 85 | D22: 85 | E22: 85 | F22: 85 | G22: 85 | H22: 85 | I22: 85 | J22: 85 | K22: 85 | L22: 85 | M22: 85 | N22: 85 | O22: 85 | P22: 85 | Q22: 85 | R22: 85 | S22: 85 | T22: 85 | U22: 85 | V22: 85 | W22: 85 | X22: 85 | Y22: 85 | Z22: 85 | AA22: 85 | AB22: 85 | AC22: 85 | AD22: 85 | AE22: 85 | AF22: 85 | AG22: 85 | AH22: 85 | AI22: 85 | AJ22: 85 | AK22: 85 | AL22: 85 | AM22: 85 | AN22: 85 | AO22: 85 | AP22: 85 | AQ22: 85 | AR22: 85 | AS22: 85 | AT22: 85 | AU22: 85 | AV22: 85
A23: Actual | S23: ='week 19'!I4 -> 88 | T23: ='week 20'!K4 -> 89 | U23: ='week 21'!K4 -> 89 | V23: ='week 22'!K4 -> 88 | W23: ='week 23'!K4 -> 89 | X23: ='week 24'!K4 -> 87 | Y23: ='week 25'!K4 -> 87 | Z23: ='week 26'!K4 -> 88 | AA23: 87 | AB23: 87 | AC23: 86 | AD23: 86 | AE23: 87 | AF23: 87
A24: week | B24: 1 | C24: 2 | D24: 3 | E24: 4 | F24: 5 | G24: 6 | H24: 7 | I24: 8 | J24: 9 | K24: 10 | L24: 11 | M24: 12 | N24: 13 | O24: 14 | P24: 15 | Q24: 16 | R24: 17 | S24: 18 | T24: 19 | U24: 20 | V24: 21 | W24: 22 | X24: 23 | Y24: 24 | Z24: 25 | AA24: 26 | AB24: 27 | AC24: 28 | AD24: 29 | AE24: 30 | AF24: 31 | AG24: 32 | AH24: 33 | AI24: 34 | AJ24: 35 | AK24: 36 | AL24: 37 | AM24: 38 | AN24: 39 | AO24: 40 | AP24: 41 | AQ24: 42 | AR24: 43 | AS24: 44 | AT24: 45 | AU24: 46 | AV24: 47 | AW24: 48 | AX24: 49 | AY24: 50 | AZ24: 51 | BA24: 52
A25: boars avg # of doses | B25: 60 | C25: =B25 -> 60 | D25: =C25 -> 60 | E25: =D25 -> 60 | F25: =E25 -> 60 | G25: =F25 -> 60 | H25: =G25 -> 60 | I25: =H25 -> 60 | J25: =I25 -> 60 | ... AR25: =AQ25 -> 60 | AS25: 60 | AT25: =AS25 -> 60 | AU25: =AT25 -> 60 | AV25: =AU25 -> 60
A26: doses actual | S26: ='week 19'!G4 -> 19 | T26: ='week 20'!I4 -> 25 | U26: ='week 21'!I4 -> 25 | V26: ='week 22'!I4 -> 25 | W26: ='week 23'!I4 -> 17 | X26: ='week 24'!I4 -> 17 | Y26: ='week 25'!I4 -> 46 | Z26: ='week 26'!I4 -> 60 | AA26: 74 | AB26: 15 | AC26: 16 | AD26: 86 | AE26: 41 | AF26: 42
A27: comment
A28: Tenability - Day 1 | S28: 9 | T28: 9 | U28: 9 | V28: 9 | W28: 9 | X28: 9 | Y28: 9 | Z28: 9 | AA28: 9 | AB28: 9 | AC28: 9 | AD28: 9 | AE28: 9
A29: tenability - Day 2 | S29: 9 | T29: 9 | U29: 9 | V29: 9 | W29: 9 | X29: 9 | Y29: 9 | Z29: 9 | AA29: 9 | AB29: 9 | AC29: 9 | AD29: 9 | AE29: 9
A30: tenability - Day 3 | S30: 8 | T30: 8 | U30: 8 | V30: 8 | W30: 8 | X30: 8 | Y30: 8 | Z30: 8 | AA30: 8 | AB30: 8 | AC30: 8 | AD30: 8 | AE30: 8
A35: Boar | B35: Rank | C35: level
A36: DA3300 | B36: 3 | C36: ABOVE AVG
A37: week | B37: 1 | C37: 2 | D37: 3 | E37: 4 | F37: 5 | G37: 6 | H37: 7 | I37: 8 | J37: 9 | K37: 10 | L37: 11 | M37: 12 | N37: 13 | O37: 14 | P37: 15 | Q37: 16 | R37: 17 | S37: 18 | T37: 19 | U37: 20 | V37: 21 | W37: 22 | X37: 23 | Y37: 24 | Z37: 25 | AA37: 26 | AB37: 27 | AC37: 28 | AD37: 29 | AE37: 30 | AF37: 31 | AG37: 32 | AH37: 33 | AI37: 34 | AJ37: 35 | AK37: 36 | AL37: 37 | AM37: 38 | AN37: 39 | AO37: 40 | AP37: 41 | AQ37: 42 | AR37: 43 | AS37: 44 | AT37: 45 | AU37: 46 | AV37: 47 | AW37: 48 | AX37: 49 | AY37: 50 | AZ37: 51 | BA37: 52
A38: morphology target top | B38: 85 | C38: 85 | D38: 85 | E38: 85 | F38: 85 | G38: 85 | H38: 85 | I38: 85 | J38: 85 | K38: 85 | L38: 85 | M38: 85 | N38: 85 | O38: 85 | P38: 85 | Q38: 85 | R38: 85 | S38: 85 | T38: 85 | U38: 85 | V38: 85 | W38: 85 | X38: 85 | Y38: 85 | Z38: 85 | AA38: 85 | AB38: 85 | AC38: 85 | AD38: 85 | AE38: 85 | AF38: 85 | AG38: 85 | AH38: 85 | AI38: 85 | AJ38: 85 | AK38: 85 | AL38: 85 | AM38: 85 | AN38: 85 | AO38: 85 | AP38: 85 | AQ38: 85 | AR38: 85 | AS38: 85 | AT38: 85 | AU38: 85 | AV38: 85
A39: Actual | S39: ='week 19'!I5 -> 88 | T39: ='week 20'!K5 -> 88 | U39: ='week 21'!K5 -> 87 | V39: ='week 22'!K5 -> 90 | W39: ='week 23'!K5 -> 88 | X39: ='week 24'!K5 -> 87 | Y39: ='week 25'!K5 -> 88 | Z39: ='week 25'!K5 -> 88 | AA39: 87 | AB39: 86 | AC39: 87 | AD39: 88 | AE39: 88 | AF39: 87
A40: week | B40: 1 | C40: 2 | D40: 3 | E40: 4 | F40: 5 | G40: 6 | H40: 7 | I40: 8 | J40: 9 | K40: 10 | L40: 11 | M40: 12 | N40: 13 | O40: 14 | P40: 15 | Q40: 16 | R40: 17 | S40: 18 | T40: 19 | U40: 20 | V40: 21 | W40: 22 | X40: 23 | Y40: 24 | Z40: 25 | AA40: 26 | AB40: 27 | AC40: 28 | AD40: 29 | AE40: 30 | AF40: 31 | AG40: 32 | AH40: 33 | AI40: 34 | AJ40: 35 | AK40: 36 | AL40: 37 | AM40: 38 | AN40: 39 | AO40: 40 | AP40: 41 | AQ40: 42 | AR40: 43 | AS40: 44 | AT40: 45 | AU40: 46 | AV40: 47 | AW40: 48 | AX40: 49 | AY40: 50 | AZ40: 51 | BA40: 52
A41: boars avg # of doses | B41: 60 | C41: 60 | D41: 60 | E41: =D41 -> 60 | F41: =E41 -> 60 | G41: =F41 -> 60 | H41: =G41 -> 60 | I41: =H41 -> 60 | J41: =I41 -> 60 | K41: =J41 -> 60 | L41: =K41 -> 60 | ... AV41: =AU41 -> 60
A42: doses actual | S42: ='week 19'!G5 -> 29 | T42: ='week 20'!I5 -> 29 | U42: ='week 21'!I5 -> 63 | V42: ='week 22'!I5 -> 57 | W42: ='week 23'!I5 -> 57 | X42: ='week 24'!I5 -> 57 | Y42: ='week 25'!I5 -> 50 | Z42: 47 | AA42: 28 | AB42: 57 | AC42: 59 | AD42: 59 | AE42: 45 | AF42: 41
A43: comment
A44: Tenability - Day 1 | S44: 9 | T44: 9 | U44: 9 | V44: 9 | W44: 9 | X44: 9 | Y44: 9 | Z44: 9 | AA44: 9 | AB44: 9 | AC44: 9 | AD44: 9 | AE44: 9 | AF44: 9 | AG44: 9 | AH44: 9
A45: tenability - Day 2 | S45: 9 | T45: 9 | U45: 9 | V45: 9 | W45: 9 | X45: 9 | Y45: 9 | Z45: 9 | AA45: 9 | AB45: 9 | AC45: 9 | AD45: 9 | AE45: 9 | AF45: 9 | AG45: 9 | AH45: 9
A46: tenability - Day 3 | S46: 8 | T46: 8 | U46: 8 | V46: 8 | W46: 8 | X46: 8 | Y46: 8 | Z46: 8 | AA46: 8 | AB46: 8 | AC46: 8 | AD46: 8 | AE46: 8 | AF46: 8 | AG46: 8 | AH46: 8
A51: Boar | B51: Rank | C51: level
A52: DA4244 | B52: 4 | C52: AVERAGE
A53: week | B53: 1 | C53: 2 | D53: 3 | E53: 4 | F53: 5 | G53: 6 | H53: 7 | I53: 8 | J53: 9 | K53: 10 | L53: 11 | M53: 12 | N53: 13 | O53: 14 | P53: 15 | Q53: 16 | R53: 17 | S53: 18 | T53: 19 | U53: 20 | V53: 21 | W53: 22 | X53: 23 | Y53: 24 | Z53: 25 | AA53: 26 | AB53: 27 | AC53: 28 | AD53: 29 | AE53: 30 | AF53: 31 | AG53: 32 | AH53: 33 | AI53: 34 | AJ53: 35 | AK53: 36 | AL53: 37 | AM53: 38 | AN53: 39 | AO53: 40 | AP53: 41 | AQ53: 42 | AR53: 43 | AS53: 44 | AT53: 45 | AU53: 46 | AV53: 47 | AW53: 48 | AX53: 49 | AY53: 50 | AZ53: 51 | BA53: 52
A54: morphology target top | B54: 85 | C54: 85 | D54: 85 | E54: 85 | F54: 85 | G54: 85 | H54: 85 | I54: 85 | J54: 85 | K54: 85 | L54: 85 | M54: 85 | N54: 85 | O54: 85 | P54: 85 | Q54: 85 | R54: 85 | S54: 85 | T54: 85 | U54: 85 | V54: 85 | W54: 85 | X54: 85 | Y54: 85 | Z54: 85 | AA54: 85 | AB54: 85 | AC54: 85 | AD54: 85 | AE54: 85 | AF54: 85 | AG54: 85 | AH54: 85 | AI54: 85 | AJ54: 85 | AK54: 85 | AL54: 85 | AM54: 85 | AN54: 85 | AO54: 85 | AP54: 85 | AQ54: 85 | AR54: 85 | AS54: 85 | AT54: 85 | AU54: 85 | AV54: 85
A55: Actual
A56: week | B56: 1 | C56: 2 | D56: 3 | E56: 4 | F56: 5 | G56: 6 | H56: 7 | I56: 8 | J56: 9 | K56: 10 | L56: 11 | M56: 12 | N56: 13 | O56: 14 | P56: 15 | Q56: 16 | R56: 17 | S56: 18 | T56: 19 | U56: 20 | V56: 21 | W56: 22 | X56: 23 | Y56: 24 | Z56: 25 | AA56: 26 | AB56: 27 | AC56: 28 | AD56: 29 | AE56: 30 | AF56: 31 | AG56: 32 | AH56: 33 | AI56: 34 | AJ56: 35 | AK56: 36 | AL56: 37 | AM56: 38 | AN56: 39 | AO56: 40 | AP56: 41 | AQ56: 42 | AR56: 43 | AS56: 44 | AT56: 45 | AU56: 46 | AV56: 47 | AW56: 48 | AX56: 49 | AY56: 50 | AZ56: 51 | BA56: 52
A57: boars avg # of doses | B57: 60 | C57: =B57 -> 60 | D57: =C57 -> 60 | E57: =D57 -> 60 | F57: =E57 -> 60 | G57: =F57 -> 60 | H57: =G57 -> 60 | I57: =H57 -> 60 | J57: =I57 -> 60 | ... AV57: =AU57 -> 60
A58: doses actual
A59: comment
A60: Tenability - Day 1
A61: tenability - Day 2
A62: tenability - Day 3
A65: Boar | B65: Rank | C65: level
A66: DA4146 | B66: 5 | C66: AVERAGE
A67: week | B67: 1 | C67: 2 | D67: 3 | E67: 4 | F67: 5 | G67: 6 | H67: 7 | I67: 8 | J67: 9 | K67: 10 | L67: 11 | M67: 12 | N67: 13 | O67: 14 | P67: 15 | Q67: 16 | R67: 17 | S67: 18 | T67: 19 | U67: 20 | V67: 21 | W67: 22 | X67: 23 | Y67: 24 | Z67: 25 | AA67: 26 | AB67: 27 | AC67: 28 | AD67: 29 | AE67: 30 | AF67: 31 | AG67: 32 | AH67: 33 | AI67: 34 | AJ67: 35 | AK67: 36 | AL67: 37 | AM67: 38 | AN67: 39 | AO67: 40 | AP67: 41 | AQ67: 42 | AR67: 43 | AS67: 44 | AT67: 45 | AU67: 46 | AV67: 47 | AW67: 48 | AX67: 49 | AY67: 50 | AZ67: 51 | BA67: 52
A68: morphology target top | B68: 85 | C68: 85 | D68: 85 | E68: 85 | F68: 85 | G68: 85 | H68: 85 | I68: 85 | J68: 85 | K68: 85 | L68: 85 | M68: 85 | N68: 85 | O68: 85 | P68: 85 | Q68: 85 | R68: 85 | S68: 85 | T68: 85 | U68: 85 | V68: 85 | W68: 85 | X68: 85 | Y68: 85 | Z68: 85 | AA68: 85 | AB68: 85 | AC68: 85 | AD68: 85 | AE68: 85 | AF68: 85 | AG68: 85 | AH68: 85 | AI68: 85 | AJ68: 85 | AK68: 85 | AL68: 85 | AM68: 85 | AN68: 85 | AO68: 85 | AP68: 85 | AQ68: 85 | AR68: 85 | AS68: 85 | AT68: 85 | AU68: 85 | AV68: 85
A69: Actual
A70: week | B70: 1 | C70: 2 | D70: 3 | E70: 4 | F70: 5 | G70: 6 | H70: 7 | I70: 8 | J70: 9 | K70: 10 | L70: 11 | M70: 12 | N70: 13 | O70: 14 | P70: 15 | Q70: 16 | R70: 17 | S70: 18 | T70: 19 | U70: 20 | V70: 21 | W70: 22 | X70: 23 | Y70: 24 | Z70: 25 | AA70: 26 | AB70: 27 | AC70: 28 | AD70: 29 | AE70: 30 | AF70: 31 | AG70: 32 | AH70: 33 | AI70: 34 | AJ70: 35 | AK70: 36 | AL70: 37 | AM70: 38 | AN70: 39 | AO70: 40 | AP70: 41 | AQ70: 42 | AR70: 43 | AS70: 44 | AT70: 45 | AU70: 46 | AV70: 47 | AW70: 48 | AX70: 49 | AY70: 50 | AZ70: 51 | BA70: 52
A71: boars avg # of doses | B71: 60 | C71: =B71 -> 60 | D71: =C71 -> 60 | E71: =D71 -> 60 | F71: =E71 -> 60 | G71: =F71 -> 60 | H71: =G71 -> 60 | I71: =H71 -> 60 | J71: =I71 -> 60 | ... AV71: =AU71 -> 60
A72: doses actual
A73: comment
A74: Tenability - Day 1
A75: tenability - Day 2
A76: tenability - Day 3
A81: Boar | B81: Rank | C81: level
A82: DA4287 | B82: 6 | C82: AVERAGE
A83: week | B83: 1 | C83: 2 | D83: 3 | E83: 4 | F83: 5 | G83: 6 | H83: 7 | I83: 8 | J83: 9 | K83: 10 | L83: 11 | M83: 12 | N83: 13 | O83: 14 | P83: 15 | Q83: 16 | R83: 17 | S83: 18 | T83: 19 | U83: 20 | V83: 21 | W83: 22 | X83: 23 | Y83: 24 | Z83: 25 | AA83: 26 | AB83: 27 | AC83: 28 | AD83: 29 | AE83: 30 | AF83: 31 | AG83: 32 | AH83: 33 | AI83: 34 | AJ83: 35 | AK83: 36 | AL83: 37 | AM83: 38 | AN83: 39 | AO83: 40 | AP83: 41 | AQ83: 42 | AR83: 43 | AS83: 44 | AT83: 45 | AU83: 46 | AV83: 47 | AW83: 48 | AX83: 49 | AY83: 50 | AZ83: 51 | BA83: 52
A84: morphology target top | B84: 85 | C84: 85 | D84: 85 | E84: 85 | F84: 85 | G84: 85 | H84: 85 | I84: 85 | J84: 85 | K84: 85 | L84: 85 | M84: 85 | N84: 85 | O84: 85 | P84: 85 | Q84: 85 | R84: 85 | S84: 85 | T84: 85 | U84: 85 | V84: 85 | W84: 85 | X84: 85 | Y84: 85 | Z84: 85 | AA84: 85 | AB84: 85 | AC84: 85 | AD84: 85 | AE84: 85 | AF84: 85 | AG84: 85 | AH84: 85 | AI84: 85 | AJ84: 85 | AK84: 85 | AL84: 85 | AM84: 85 | AN84: 85 | AO84: 85 | AP84: 85 | AQ84: 85 | AR84: 85 | AS84: 85 | AT84: 85 | AU84: 85 | AV84: 85
A85: Actual
A86: week | B86: 1 | C86: 2 | D86: 3 | E86: 4 | F86: 5 | G86: 6 | H86: 7 | I86: 8 | J86: 9 | K86: 10 | L86: 11 | M86: 12 | N86: 13 | O86: 14 | P86: 15 | Q86: 16 | R86: 17 | S86: 18 | T86: 19 | U86: 20 | V86: 21 | W86: 22 | X86: 23 | Y86: 24 | Z86: 25 | AA86: 26 | AB86: 27 | AC86: 28 | AD86: 29 | AE86: 30 | AF86: 31 | AG86: 32 | AH86: 33 | AI86: 34 | AJ86: 35 | AK86: 36 | AL86: 37 | AM86: 38 | AN86: 39 | AO86: 40 | AP86: 41 | AQ86: 42 | AR86: 43 | AS86: 44 | AT86: 45 | AU86: 46 | AV86: 47 | AW86: 48 | AX86: 49 | AY86: 50 | AZ86: 51 | BA86: 52
A87: boars avg # of doses | B87: 60 | C87: =B87 -> 60 | D87: =C87 -> 60 | E87: =D87 -> 60 | F87: =E87 -> 60 | G87: =F87 -> 60 | H87: =G87 -> 60 | I87: =H87 -> 60 | J87: =I87 -> 60 | ... AV87: =AU87 -> 60
A88: doses actual
A89: comment
A90: Tenability - Day 1
A91: tenability - Day 2
A92: tenability - Day 3
A97: Boar | B97: Rank | C97: level
A98: DA4288 | B98: 7 | C98: AVERAGE
A99: week | B99: 1 | C99: 2 | D99: 3 | E99: 4 | F99: 5 | G99: 6 | H99: 7 | I99: 8 | J99: 9 | K99: 10 | L99: 11 | M99: 12 | N99: 13 | O99: 14 | P99: 15 | Q99: 16 | R99: 17 | S99: 18 | T99: 19 | U99: 20 | V99: 21 | W99: 22 | X99: 23 | Y99: 24 | Z99: 25 | AA99: 26 | AB99: 27 | AC99: 28 | AD99: 29 | AE99: 30 | AF99: 31 | AG99: 32 | AH99: 33 | AI99: 34 | AJ99: 35 | AK99: 36 | AL99: 37 | AM99: 38 | AN99: 39 | AO99: 40 | AP99: 41 | AQ99: 42 | AR99: 43 | AS99: 44 | AT99: 45 | AU99: 46 | AV99: 47 | AW99: 48 | AX99: 49 | AY99: 50 | AZ99: 51 | BA99: 52
A100: morphology target top | B100: 85 | C100: 85 | D100: 85 | E100: 85 | F100: 85 | G100: 85 | H100: 85 | I100: 85 | J100: 85 | K100: 85 | L100: 85 | M100: 85 | N100: 85 | O100: 85 | P100: 85 | Q100: 85 | R100: 85 | S100: 85 | T100: 85 | U100: 85 | V100: 85 | W100: 85 | X100: 85 | Y100: 85 | Z100: 85 | AA100: 85 | AB100: 85 | AC100: 85 | AD100: 85 | AE100: 85 | AF100: 85 | AG100: 85 | AH100: 85 | AI100: 85 | AJ100: 85 | AK100: 85 | AL100: 85 | AM100: 85 | AN100: 85 | AO100: 85 | AP100: 85 | AQ100: 85 | AR100: 85 | AS100: 85 | AT100: 85 | AU100: 85 | AV100: 85
A101: Actual
A102: week | B102: 1 | C102: 2 | D102: 3 | E102: 4 | F102: 5 | G102: 6 | H102: 7 | I102: 8 | J102: 9 | K102: 10 | L102: 11 | M102: 12 | N102: 13 | O102: 14 | P102: 15 | Q102: 16 | R102: 17 | S102: 18 | T102: 19 | U102: 20 | V102: 21 | W102: 22 | X102: 23 | Y102: 24 | Z102: 25 | AA102: 26 | AB102: 27 | AC102: 28 | AD102: 29 | AE102: 30 | AF102: 31 | AG102: 32 | AH102: 33 | AI102: 34 | AJ102: 35 | AK102: 36 | AL102: 37 | AM102: 38 | AN102: 39 | AO102: 40 | AP102: 41 | AQ102: 42 | AR102: 43 | AS102: 44 | AT102: 45 | AU102: 46 | AV102: 47 | AW102: 48 | AX102: 49 | AY102: 50 | AZ102: 51 | BA102: 52
A103: boars avg # of doses | B103: 60 | C103: =B103 -> 60 | D103: =C103 -> 60 | E103: =D103 -> 60 | F103: =E103 -> 60 | G103: =F103 -> 60 | H103: =G103 -> 60 | I103: =H103 -> 60 | J103: =I103 -> 60 | ... AV103: =AU103 -> 60
A104: doses actual
A105: comment
A106: Tenability - Day 1
A107: tenability - Day 2
A108: tenability - Day 3
A114: Boar | B114: Rank | C114: level
A115: DA4147 | B115: 8 | C115: AVERAGE
A116: week | B116: 1 | C116: 2 | D116: 3 | E116: 4 | F116: 5 | G116: 6 | H116: 7 | I116: 8 | J116: 9 | K116: 10 | L116: 11 | M116: 12 | N116: 13 | O116: 14 | P116: 15 | Q116: 16 | R116: 17 | S116: 18 | T116: 19 | U116: 20 | V116: 21 | W116: 22 | X116: 23 | Y116: 24 | Z116: 25 | AA116: 26 | AB116: 27 | AC116: 28 | AD116: 29 | AE116: 30 | AF116: 31 | AG116: 32 | AH116: 33 | AI116: 34 | AJ116: 35 | AK116: 36 | AL116: 37 | AM116: 38 | AN116: 39 | AO116: 40 | AP116: 41 | AQ116: 42 | AR116: 43 | AS116: 44 | AT116: 45 | AU116: 46 | AV116: 47 | AW116: 48 | AX116: 49 | AY116: 50 | AZ116: 51 | BA116: 52
A117: morphology target top | B117: 85 | C117: 85 | D117: 85 | E117: 85 | F117: 85 | G117: 85 | H117: 85 | I117: 85 | J117: 85 | K117: 85 | L117: 85 | M117: 85 | N117: 85 | O117: 85 | P117: 85 | Q117: 85 | R117: 85 | S117: 85 | T117: 85 | U117: 85 | V117: 85 | W117: 85 | X117: 85 | Y117: 85 | Z117: 85 | AA117: 85 | AB117: 85 | AC117: 85 | AD117: 85 | AE117: 85 | AF117: 85 | AG117: 85 | AH117: 85 | AI117: 85 | AJ117: 85 | AK117: 85 | AL117: 85 | AM117: 85 | AN117: 85 | AO117: 85 | AP117: 85 | AQ117: 85 | AR117: 85 | AS117: 85 | AT117: 85 | AU117: 85 | AV117: 85
A118: Actual
A119: week | B119: 1 | C119: 2 | D119: 3 | E119: 4 | F119: 5 | G119: 6 | H119: 7 | I119: 8 | J119: 9 | K119: 10 | L119: 11 | M119: 12 | N119: 13 | O119: 14 | P119: 15 | Q119: 16 | R119: 17 | S119: 18 | T119: 19 | U119: 20 | V119: 21 | W119: 22 | X119: 23 | Y119: 24 | Z119: 25 | AA119: 26 | AB119: 27 | AC119: 28 | AD119: 29 | AE119: 30 | AF119: 31 | AG119: 32 | AH119: 33 | AI119: 34 | AJ119: 35 | AK119: 36 | AL119: 37 | AM119: 38 | AN119: 39 | AO119: 40 | AP119: 41 | AQ119: 42 | AR119: 43 | AS119: 44 | AT119: 45 | AU119: 46 | AV119: 47 | AW119: 48 | AX119: 49 | AY119: 50 | AZ119: 51 | BA119: 52
A120: boars avg # of doses | B120: 60 | C120: =B120 -> 60 | D120: =C120 -> 60 | E120: =D120 -> 60 | F120: =E120 -> 60 | G120: =F120 -> 60 | H120: =G120 -> 60 | I120: =H120 -> 60 | J120: =I120 -> 60 | ... AV120: =AU120 -> 60
A121: doses actual
A122: comment
A123: Tenability - Day 1
A124: tenability - Day 2
A125: tenability - Day 3
A130: Boar | B130: Rank | C130: level
A131: DA1721 | B131: 9 | C131: AVERAGE
A132: week | B132: 1 | C132: 2 | D132: 3 | E132: 4 | F132: 5 | G132: 6 | H132: 7 | I132: 8 | J132: 9 | K132: 10 | L132: 11 | M132: 12 | N132: 13 | O132: 14 | P132: 15 | Q132: 16 | R132: 17 | S132: 18 | T132: 19 | U132: 20 | V132: 21 | W132: 22 | X132: 23 | Y132: 24 | Z132: 25 | AA132: 26 | AB132: 27 | AC132: 28 | AD132: 29 | AE132: 30 | AF132: 31 | AG132: 32 | AH132: 33 | AI132: 34 | AJ132: 35 | AK132: 36 | AL132: 37 | AM132: 38 | AN132: 39 | AO132: 40 | AP132: 41 | AQ132: 42 | AR132: 43 | AS132: 44 | AT132: 45 | AU132: 46 | AV132: 47 | AW132: 48 | AX132: 49 | AY132: 50 | AZ132: 51 | BA132: 52
A133: morphology target top | B133: 85 | C133: 85 | D133: 85 | E133: 85 | F133: 85 | G133: 85 | H133: 85 | I133: 85 | J133: 85 | K133: 85 | L133: 85 | M133: 85 | N133: 85 | O133: 85 | P133: 85 | Q133: 85 | R133: 85 | S133: 85 | T133: 85 | U133: 85 | V133: 85 | W133: 85 | X133: 85 | Y133: 85 | Z133: 85 | AA133: 85 | AB133: 85 | AC133: 85 | AD133: 85 | AE133: 85 | AF133: 85 | AG133: 85 | AH133: 85 | AI133: 85 | AJ133: 85 | AK133: 85 | AL133: 85 | AM133: 85 | AN133: 85 | AO133: 85 | AP133: 85 | AQ133: 85 | AR133: 85 | AS133: 85 | AT133: 85 | AU133: 85 | AV133: 85
...

Sheet TSI ranks
A1: DATE OF BIRTH | B1: Boar | C1: Genetic level | D1: Genetic Rank | E1: Age | F1: TSI | N1: 46034
B3: DA3337 | C3: Above average | D3: 1 | F3: 119
B4: DA3132 | C4: Above average | D4: 2 | F4: 118
B5: DA3300 | C5: Above average | D5: 3 | F5: 117
B6: DA1721 | C6: Average | D6: 4 | F6: 108
B7: DA1669 | C7: Average | D7: 5 | F7: 107
B8: DA2470 | C8: Average | D8: 6 | F8: 106
B9: DA1627 | C9: Below average | D9: 7 | F9: 102
B10: DA1130 | C10: Low | D10: 8 | F10: 100
